attempt_id,run_id,candidate_id,label,kind,window,scope,status,decision,reason,returncode,net,pf,dd_pct,trades,deal_rows,deal_sha256,pb_rows,sca_rows,eth_rows,funding_rows,bfx_rows,magic_gate_pass,regression_pass,rules_json,config_file,deal_file,started_at,finished_at,elapsed_seconds,error
b108b9ecb8464cc0a924d60e81db23ee,gh_is_baseline_off_20260815230445_b108b9,BASELINE_OFF,GoldHourGateMode=0 回帰,regression,IS,GOLD2,OK,REGRESSION_PASS,exact OFF regression,0,2394.57,1.9489,15.2162,307,614,5B93B3C88151C2EE1555DE70DF899A0EEC83E8D339A9972D684A14347FB15DBC,130,484,0,0,0,True,True,"{""pb"":[],""sca"":[]}",ml\gold_hour\configs\gh_is_baseline_off_20260815230445_b108b9.yaml,ml\gold_hour\deals\gh_is_baseline_off_20260815230445_b108b9_deals.csv,2026-08-15T14:04:45+00:00,2026-08-15T14:05:53+00:00,68.105,
41d23f087c5b4951a0aa2c276eb6b771,gh_oos_baseline_off_20260815230639_41d23f,BASELINE_OFF,GoldHourGateMode=0 回帰,regression,OOS,GOLD2,OK,REGRESSION_PASS,exact OFF regression,0,579.46,1.4161,12.4321,318,636,1D4C5CA14C874C2268EEAF4F5A8DF2C6A452B13EA9E376A3496E8E8DE2495FAE,104,532,0,0,0,True,True,"{""pb"":[],""sca"":[]}",ml\gold_hour\configs\gh_oos_baseline_off_20260815230639_41d23f.yaml,ml\gold_hour\deals\gh_oos_baseline_off_20260815230639_41d23f_deals.csv,2026-08-15T14:06:39+00:00,2026-08-15T14:07:22+00:00,43.041,
5619d2f7b7fb4a889b123bece7145501,gh_is_mon_tokyo_pb_20260815230722_5619d2,MON_TOKYO_PB,月曜 00-06時台 PB,session,IS,GOLD2,OK,MEASURED,actual EA backtest,0,2422.69,1.9815,12.372,305,610,DF71EF9DB4C8B818BD021299D4A21114D353C42306076A90AF6F350DEE04C8B9,126,484,0,0,0,True,,"{""pb"":[[2,0,7]],""sca"":[]}",ml\gold_hour\configs\gh_is_mon_tokyo_pb_20260815230722_5619d2.yaml,ml\gold_hour\deals\gh_is_mon_tokyo_pb_20260815230722_5619d2_deals.csv,2026-08-15T14:07:22+00:00,2026-08-15T14:08:25+00:00,62.988,
415c89b3fd164457b06687e07de3640d,gh_oos_mon_tokyo_pb_20260815231040_415c89,MON_TOKYO_PB,月曜 00-06時台 PB,session,OOS,GOLD2,OK,MEASURED,actual EA backtest,0,617.08,1.4554,12.4321,317,634,520C2DD0B23C3847534A6EAF9FCD56FE274D32D10840B7E0A98BAA68D9974DF5,102,532,0,0,0,True,,"{""pb"":[[2,0,7]],""sca"":[]}",ml\gold_hour\configs\gh_oos_mon_tokyo_pb_20260815231040_415c89.yaml,ml\gold_hour\deals\gh_oos_mon_tokyo_pb_20260815231040_415c89_deals.csv,2026-08-15T14:10:40+00:00,2026-08-15T14:11:23+00:00,43.082,
0930f433e6a34aba99a66e537eae1983,gh_is_mon_tokyo_sca_20260815231123_0930f4,MON_TOKYO_SCA,月曜 00-06時台 SCA,session,IS,GOLD2,OK,MEASURED,actual EA backtest,0,2394.57,1.9489,15.2162,307,614,5B93B3C88151C2EE1555DE70DF899A0EEC83E8D339A9972D684A14347FB15DBC,130,484,0,0,0,True,,"{""pb"":[],""sca"":[[2,0,7]]}",ml\gold_hour\configs\gh_is_mon_tokyo_sca_20260815231123_0930f4.yaml,ml\gold_hour\deals\gh_is_mon_tokyo_sca_20260815231123_0930f4_deals.csv,2026-08-15T14:11:23+00:00,2026-08-15T14:12:27+00:00,63.044,
e384ba27287f49b581b09a80422ff556,gh_oos_mon_tokyo_sca_20260815231227_e384ba,MON_TOKYO_SCA,月曜 00-06時台 SCA,session,OOS,GOLD2,OK,MEASURED,actual EA backtest,0,579.46,1.4161,12.4321,318,636,1D4C5CA14C874C2268EEAF4F5A8DF2C6A452B13EA9E376A3496E8E8DE2495FAE,104,532,0,0,0,True,,"{""pb"":[],""sca"":[[2,0,7]]}",ml\gold_hour\configs\gh_oos_mon_tokyo_sca_20260815231227_e384ba.yaml,ml\gold_hour\deals\gh_oos_mon_tokyo_sca_20260815231227_e384ba_deals.csv,2026-08-15T14:12:27+00:00,2026-08-15T14:13:10+00:00,43.043,
0163ef87419240a7a963a71d3de8c47f,gh_is_mon_tokyo_both_20260815231310_0163ef,MON_TOKYO_BOTH,月曜 00-06時台 BOTH,session,IS,GOLD2,OK,MEASURED,actual EA backtest,0,2422.69,1.9815,12.372,305,610,DF71EF9DB4C8B818BD021299D4A21114D353C42306076A90AF6F350DEE04C8B9,126,484,0,0,0,True,,"{""pb"":[[2,0,7]],""sca"":[[2,0,7]]}",ml\gold_hour\configs\gh_is_mon_tokyo_both_20260815231310_0163ef.yaml,ml\gold_hour\deals\gh_is_mon_tokyo_both_20260815231310_0163ef_deals.csv,2026-08-15T14:13:10+00:00,2026-08-15T14:14:13+00:00,62.994,
e9b962113bfa412da586933f0181cc5b,gh_oos_mon_tokyo_both_20260815231413_e9b962,MON_TOKYO_BOTH,月曜 00-06時台 BOTH,session,OOS,GOLD2,OK,MEASURED,actual EA backtest,0,617.08,1.4554,12.4321,317,634,520C2DD0B23C3847534A6EAF9FCD56FE274D32D10840B7E0A98BAA68D9974DF5,102,532,0,0,0,True,,"{""pb"":[[2,0,7]],""sca"":[[2,0,7]]}",ml\gold_hour\configs\gh_oos_mon_tokyo_both_20260815231413_e9b962.yaml,ml\gold_hour\deals\gh_oos_mon_tokyo_both_20260815231413_e9b962_deals.csv,2026-08-15T14:14:13+00:00,2026-08-15T14:14:56+00:00,43.009,
a15cec701a784f8e928deb9ee623a656,gh_is_mon_eu_am_pb_20260815231456_a15cec,MON_EU_AM_PB,月曜 07-11時台 PB,session,IS,GOLD2,OK,MEASURED,actual EA backtest,0,2417.42,1.9667,14.7824,306,612,07F49D2EF1C75132E6F05EB33AA8F07127B561DD7347EF713F358DA7286A8753,128,484,0,0,0,True,,"{""pb"":[[2,7,12]],""sca"":[]}",ml\gold_hour\configs\gh_is_mon_eu_am_pb_20260815231456_a15cec.yaml,ml\gold_hour\deals\gh_is_mon_eu_am_pb_20260815231456_a15cec_deals.csv,2026-08-15T14:14:56+00:00,2026-08-15T14:15:59+00:00,63.012,
46c662c413494f1cadfa36b904626b8e,gh_oos_mon_eu_am_pb_20260815231559_46c662,MON_EU_AM_PB,月曜 07-11時台 PB,session,OOS,GOLD2,OK,MEASURED,actual EA backtest,0,535.26,1.38,12.4321,318,636,F5426907D7733095E6E0BCC124EF44FF75362A4C7AA478049E495F176A9E8588,104,532,0,0,0,True,,"{""pb"":[[2,7,12]],""sca"":[]}",ml\gold_hour\configs\gh_oos_mon_eu_am_pb_20260815231559_46c662.yaml,ml\gold_hour\deals\gh_oos_mon_eu_am_pb_20260815231559_46c662_deals.csv,2026-08-15T14:15:59+00:00,2026-08-15T14:16:42+00:00,43.023,
c459ccac6b234c88a01b39ac9bdc3a91,gh_is_mon_eu_am_sca_20260815231642_c459cc,MON_EU_AM_SCA,月曜 07-11時台 SCA,session,IS,GOLD2,OK,MEASURED,actual EA backtest,0,2416.07,2.0042,14.0173,293,586,2778F68A5EDB4238044C8C9A807FB4144FCC5EDBBE50567DA3CA121B8EF22EDC,130,456,0,0,0,True,,"{""pb"":[],""sca"":[[2,7,12]]}",ml\gold_hour\configs\gh_is_mon_eu_am_sca_20260815231642_c459cc.yaml,ml\gold_hour\deals\gh_is_mon_eu_am_sca_20260815231642_c459cc_deals.csv,2026-08-15T14:16:42+00:00,2026-08-15T14:17:45+00:00,62.994,
a7e1f4363645461bbd89d3cac4abd7ea,gh_oos_mon_eu_am_sca_20260815231745_a7e1f4,MON_EU_AM_SCA,月曜 07-11時台 SCA,session,OOS,GOLD2,OK,MEASURED,actual EA backtest,0,548.28,1.4108,11.9056,306,612,9C82FB0B4852976E57B5C2B2BD976BB09127B5FA06E149E406715E00A773AEC6,104,508,0,0,0,True,,"{""pb"":[],""sca"":[[2,7,12]]}",ml\gold_hour\configs\gh_oos_mon_eu_am_sca_20260815231745_a7e1f4.yaml,ml\gold_hour\deals\gh_oos_mon_eu_am_sca_20260815231745_a7e1f4_deals.csv,2026-08-15T14:17:45+00:00,2026-08-15T14:18:28+00:00,42.997,
dc681e84bfc046adba9245d659a1be0e,gh_is_mon_eu_am_both_20260815231828_dc681e,MON_EU_AM_BOTH,月曜 07-11時台 BOTH,session,IS,GOLD2,OK,MEASURED,actual EA backtest,0,2438.92,2.0234,14.0173,292,584,248734088BDB57147AF5376C684640D4806393D088063C6462719F8DC6E2C401,128,456,0,0,0,True,,"{""pb"":[[2,7,12]],""sca"":[[2,7,12]]}",ml\gold_hour\configs\gh_is_mon_eu_am_both_20260815231828_dc681e.yaml,ml\gold_hour\deals\gh_is_mon_eu_am_both_20260815231828_dc681e_deals.csv,2026-08-15T14:18:28+00:00,2026-08-15T14:19:31+00:00,63.001,
77657a7a2e084caf9c3f3ada0e770603,gh_oos_mon_eu_am_both_20260815231931_77657a,MON_EU_AM_BOTH,月曜 07-11時台 BOTH,session,OOS,GOLD2,OK,MEASURED,actual EA backtest,0,504.08,1.3732,11.9056,306,612,F00202060611FBE954392805C6EBF699EF151DA4F5D4933526FB123747BFD7FE,104,508,0,0,0,True,,"{""pb"":[[2,7,12]],""sca"":[[2,7,12]]}",ml\gold_hour\configs\gh_oos_mon_eu_am_both_20260815231931_77657a.yaml,ml\gold_hour\deals\gh_oos_mon_eu_am_both_20260815231931_77657a_deals.csv,2026-08-15T14:19:31+00:00,2026-08-15T14:20:14+00:00,42.998,
3b1242ab11ad4d3cb7e467f78bf87dac,gh_is_mon_eu_pm_pb_20260815232014_3b1242,MON_EU_PM_PB,月曜 12-15時台 PB,session,IS,GOLD2,OK,MEASURED,actual EA backtest,0,2239.62,1.8673,15.2162,307,614,3AD8FA1DDB3C8BD53B61B0B560357FAA5F6653450A1B685C8E273D31CBDED7D0,130,484,0,0,0,True,,"{""pb"":[[2,12,16]],""sca"":[]}",ml\gold_hour\configs\gh_is_mon_eu_pm_pb_20260815232014_3b1242.yaml,ml\gold_hour\deals\gh_is_mon_eu_pm_pb_20260815232014_3b1242_deals.csv,2026-08-15T14:20:14+00:00,2026-08-15T14:21:17+00:00,62.991,
6ed7f08b04e840e6840451d434b36d7e,gh_oos_mon_eu_pm_pb_20260815232117_6ed7f0,MON_EU_PM_PB,月曜 12-15時台 PB,session,OOS,GOLD2,OK,MEASURED,actual EA backtest,0,551.46,1.3954,12.4321,317,634,E92E275513BBBFE5C447BC9F98F07D20B5681EE85DCACFBEADA3C8B78CEA612C,102,532,0,0,0,True,,"{""pb"":[[2,12,16]],""sca"":[]}",ml\gold_hour\configs\gh_oos_mon_eu_pm_pb_20260815232117_6ed7f0.yaml,ml\gold_hour\deals\gh_oos_mon_eu_pm_pb_20260815232117_6ed7f0_deals.csv,2026-08-15T14:21:17+00:00,2026-08-15T14:22:00+00:00,43.027,
898ac08322514e9aae40d40bc5ab89a0,gh_is_mon_eu_pm_sca_20260815232200_898ac0,MON_EU_PM_SCA,月曜 12-15時台 SCA,session,IS,GOLD2,OK,MEASURED,actual EA backtest,0,2265.0,1.9211,16.589,288,576,EBB3B8254D65FB610602093251F3088DFC047AFCB512BE6C7681D95AC1447A60,130,446,0,0,0,True,,"{""pb"":[],""sca"":[[2,12,16]]}",ml\gold_hour\configs\gh_is_mon_eu_pm_sca_20260815232200_898ac0.yaml,ml\gold_hour\deals\gh_is_mon_eu_pm_sca_20260815232200_898ac0_deals.csv,2026-08-15T14:22:00+00:00,2026-08-15T14:23:08+00:00,67.991,
df112d4f8d5640609ac8aaafc759db35,gh_oos_mon_eu_pm_sca_20260815232308_df112d,MON_EU_PM_SCA,月曜 12-15時台 SCA,session,OOS,GOLD2,OK,MEASURED,actual EA backtest,0,452.65,1.3335,13.1647,304,608,45B327B69056618F9330C799808819925BD82400022E3BDBD5B26628EE027899,104,504,0,0,0,True,,"{""pb"":[],""sca"":[[2,12,16]]}",ml\gold_hour\configs\gh_oos_mon_eu_pm_sca_20260815232308_df112d.yaml,ml\gold_hour\deals\gh_oos_mon_eu_pm_sca_20260815232308_df112d_deals.csv,2026-08-15T14:23:08+00:00,2026-08-15T14:23:51+00:00,42.995,
e63e8ed63567478181fd5a1734e69414,gh_is_mon_eu_pm_both_20260815232351_e63e8e,MON_EU_PM_BOTH,月曜 12-15時台 BOTH,session,IS,GOLD2,OK,MEASURED,actual EA backtest,0,2110.05,1.838,16.589,288,576,2817F2A1A676D53B98DC2E2220822465E5E52F63CDC0AD8C0EFFD85388775A24,130,446,0,0,0,True,,"{""pb"":[[2,12,16]],""sca"":[[2,12,16]]}",ml\gold_hour\configs\gh_is_mon_eu_pm_both_20260815232351_e63e8e.yaml,ml\gold_hour\deals\gh_is_mon_eu_pm_both_20260815232351_e63e8e_deals.csv,2026-08-15T14:23:51+00:00,2026-08-15T14:24:54+00:00,63.005,
791c3d54a1a74153a0cfffbf4c1adae9,gh_oos_mon_eu_pm_both_20260815232454_791c3d,MON_EU_PM_BOTH,月曜 12-15時台 BOTH,session,OOS,GOLD2,OK,MEASURED,actual EA backtest,0,424.65,1.3124,16.1945,303,606,BB56D6A04979A542115DAD2D9227D18DE4568E1F134AAF19BDC87C4C6FB3EC7F,102,504,0,0,0,True,,"{""pb"":[[2,12,16]],""sca"":[[2,12,16]]}",ml\gold_hour\configs\gh_oos_mon_eu_pm_both_20260815232454_791c3d.yaml,ml\gold_hour\deals\gh_oos_mon_eu_pm_both_20260815232454_791c3d_deals.csv,2026-08-15T14:24:54+00:00,2026-08-15T14:25:37+00:00,42.996,
104567c906b84ab8ba4c2560d18fe440,gh_is_mon_ny_pb_20260815232537_104567,MON_NY_PB,月曜 16-19時台 PB,session,IS,GOLD2,OK,MEASURED,actual EA backtest,0,2390.06,1.9455,15.2162,307,614,5DFE1A1BA0CA20D9ECDF45C25433ED6290B4D9FAB24960444744A6C43B0C89F6,130,484,0,0,0,True,,"{""pb"":[[2,16,20]],""sca"":[]}",ml\gold_hour\configs\gh_is_mon_ny_pb_20260815232537_104567.yaml,ml\gold_hour\deals\gh_is_mon_ny_pb_20260815232537_104567_deals.csv,2026-08-15T14:25:37+00:00,2026-08-15T14:26:40+00:00,63.003,
3b3d156d88094b1b96514ef4ae8e7c5d,gh_oos_mon_ny_pb_20260815232640_3b3d15,MON_NY_PB,月曜 16-19時台 PB,session,OOS,GOLD2,OK,MEASURED,actual EA backtest,0,580.18,1.4166,12.4321,318,636,E2B7F750BF6B179C88241990F7ECBE87EAC1B862AF0D21F5B5DDF589F983EF1D,104,532,0,0,0,True,,"{""pb"":[[2,16,20]],""sca"":[]}",ml\gold_hour\configs\gh_oos_mon_ny_pb_20260815232640_3b3d15.yaml,ml\gold_hour\deals\gh_oos_mon_ny_pb_20260815232640_3b3d15_deals.csv,2026-08-15T14:26:40+00:00,2026-08-15T14:27:23+00:00,42.998,
718b7c97d77944409f3fd9766ca3debf,gh_is_mon_ny_sca_20260815232723_718b7c,MON_NY_SCA,月曜 16-19時台 SCA,session,IS,GOLD2,OK,MEASURED,actual EA backtest,0,2394.57,1.9489,15.2162,307,614,5B93B3C88151C2EE1555DE70DF899A0EEC83E8D339A9972D684A14347FB15DBC,130,484,0,0,0,True,,"{""pb"":[],""sca"":[[2,16,20]]}",ml\gold_hour\configs\gh_is_mon_ny_sca_20260815232723_718b7c.yaml,ml\gold_hour\deals\gh_is_mon_ny_sca_20260815232723_718b7c_deals.csv,2026-08-15T14:27:23+00:00,2026-08-15T14:28:26+00:00,63.028,
c88d85a2fe58406f8a62556bc501cd54,gh_oos_mon_ny_sca_20260815232826_c88d85,MON_NY_SCA,月曜 16-19時台 SCA,session,OOS,GOLD2,OK,MEASURED,actual EA backtest,0,579.46,1.4161,12.4321,318,636,1D4C5CA14C874C2268EEAF4F5A8DF2C6A452B13EA9E376A3496E8E8DE2495FAE,104,532,0,0,0,True,,"{""pb"":[],""sca"":[[2,16,20]]}",ml\gold_hour\configs\gh_oos_mon_ny_sca_20260815232826_c88d85.yaml,ml\gold_hour\deals\gh_oos_mon_ny_sca_20260815232826_c88d85_deals.csv,2026-08-15T14:28:26+00:00,2026-08-15T14:29:09+00:00,43.000,
52d6898a6f3540ef80a1785f50d654b6,gh_is_mon_ny_both_20260815232909_52d689,MON_NY_BOTH,月曜 16-19時台 BOTH,session,IS,GOLD2,OK,MEASURED,actual EA backtest,0,2390.06,1.9455,15.2162,307,614,5DFE1A1BA0CA20D9ECDF45C25433ED6290B4D9FAB24960444744A6C43B0C89F6,130,484,0,0,0,True,,"{""pb"":[[2,16,20]],""sca"":[[2,16,20]]}",ml\gold_hour\configs\gh_is_mon_ny_both_20260815232909_52d689.yaml,ml\gold_hour\deals\gh_is_mon_ny_both_20260815232909_52d689_deals.csv,2026-08-15T14:29:09+00:00,2026-08-15T14:30:12+00:00,62.989,
d71c3bb52f6d476da80e6ca0511a65d8,gh_oos_mon_ny_both_20260815233012_d71c3b,MON_NY_BOTH,月曜 16-19時台 BOTH,session,OOS,GOLD2,OK,MEASURED,actual EA backtest,0,580.18,1.4166,12.4321,318,636,E2B7F750BF6B179C88241990F7ECBE87EAC1B862AF0D21F5B5DDF589F983EF1D,104,532,0,0,0,True,,"{""pb"":[[2,16,20]],""sca"":[[2,16,20]]}",ml\gold_hour\configs\gh_oos_mon_ny_both_20260815233012_d71c3b.yaml,ml\gold_hour\deals\gh_oos_mon_ny_both_20260815233012_d71c3b_deals.csv,2026-08-15T14:30:12+00:00,2026-08-15T14:30:55+00:00,42.979,
6110dc22523a42f7a9c76f41048d962f,gh_is_mon_ny_late_pb_20260815233055_6110dc,MON_NY_LATE_PB,月曜 20-23時台 PB,session,IS,GOLD2,OK,MEASURED,actual EA backtest,0,2396.84,1.9532,15.7816,307,614,EA7A07ABCFC631F53B0E3CB26A571DC0347794354EC6733E64F9A37E93B377E4,130,484,0,0,0,True,,"{""pb"":[[2,20,24]],""sca"":[]}",ml\gold_hour\configs\gh_is_mon_ny_late_pb_20260815233055_6110dc.yaml,ml\gold_hour\deals\gh_is_mon_ny_late_pb_20260815233055_6110dc_deals.csv,2026-08-15T14:30:55+00:00,2026-08-15T14:31:58+00:00,62.992,
c60305e51d3c468ab157f0dc296ea499,gh_oos_mon_ny_late_pb_20260815233158_c60305,MON_NY_LATE_PB,月曜 20-23時台 PB,session,OOS,GOLD2,OK,MEASURED,actual EA backtest,0,567.42,1.4087,13.7349,317,634,E21E02CE1AE11F62BC22BA1F60AB8041385A7F5B42B020874CE655A51F3D4AC4,102,532,0,0,0,True,,"{""pb"":[[2,20,24]],""sca"":[]}",ml\gold_hour\configs\gh_oos_mon_ny_late_pb_20260815233158_c60305.yaml,ml\gold_hour\deals\gh_oos_mon_ny_late_pb_20260815233158_c60305_deals.csv,2026-08-15T14:31:58+00:00,2026-08-15T14:32:41+00:00,42.994,
8646cb0f112e4ab1a077b752b0f62264,gh_is_mon_ny_late_sca_20260815233241_8646cb,MON_NY_LATE_SCA,月曜 20-23時台 SCA,session,IS,GOLD2,OK,MEASURED,actual EA backtest,0,2394.57,1.9489,15.2162,307,614,5B93B3C88151C2EE1555DE70DF899A0EEC83E8D339A9972D684A14347FB15DBC,130,484,0,0,0,True,,"{""pb"":[],""sca"":[[2,20,24]]}",ml\gold_hour\configs\gh_is_mon_ny_late_sca_20260815233241_8646cb.yaml,ml\gold_hour\deals\gh_is_mon_ny_late_sca_20260815233241_8646cb_deals.csv,2026-08-15T14:32:41+00:00,2026-08-15T14:33:44+00:00,62.990,
8ffb512a802e4f17925bc9c4a904daac,gh_oos_mon_ny_late_sca_20260815233344_8ffb51,MON_NY_LATE_SCA,月曜 20-23時台 SCA,session,OOS,GOLD2,OK,MEASURED,actual EA backtest,0,579.46,1.4161,12.4321,318,636,1D4C5CA14C874C2268EEAF4F5A8DF2C6A452B13EA9E376A3496E8E8DE2495FAE,104,532,0,0,0,True,,"{""pb"":[],""sca"":[[2,20,24]]}",ml\gold_hour\configs\gh_oos_mon_ny_late_sca_20260815233344_8ffb51.yaml,ml\gold_hour\deals\gh_oos_mon_ny_late_sca_20260815233344_8ffb51_deals.csv,2026-08-15T14:33:44+00:00,2026-08-15T14:34:27+00:00,43.005,
72021e6a95b64ed8815cc14823e0117a,gh_is_mon_ny_late_both_20260815233427_72021e,MON_NY_LATE_BOTH,月曜 20-23時台 BOTH,session,IS,GOLD2,OK,MEASURED,actual EA backtest,0,2396.84,1.9532,15.7816,307,614,EA7A07ABCFC631F53B0E3CB26A571DC0347794354EC6733E64F9A37E93B377E4,130,484,0,0,0,True,,"{""pb"":[[2,20,24]],""sca"":[[2,20,24]]}",ml\gold_hour\configs\gh_is_mon_ny_late_both_20260815233427_72021e.yaml,ml\gold_hour\deals\gh_is_mon_ny_late_both_20260815233427_72021e_deals.csv,2026-08-15T14:34:27+00:00,2026-08-15T14:35:30+00:00,62.974,
351b59eeceef4a8590d9f1706c034855,gh_oos_mon_ny_late_both_20260815233530_351b59,MON_NY_LATE_BOTH,月曜 20-23時台 BOTH,session,OOS,GOLD2,OK,MEASURED,actual EA backtest,0,567.42,1.4087,13.7349,317,634,E21E02CE1AE11F62BC22BA1F60AB8041385A7F5B42B020874CE655A51F3D4AC4,102,532,0,0,0,True,,"{""pb"":[[2,20,24]],""sca"":[[2,20,24]]}",ml\gold_hour\configs\gh_oos_mon_ny_late_both_20260815233530_351b59.yaml,ml\gold_hour\deals\gh_oos_mon_ny_late_both_20260815233530_351b59_deals.csv,2026-08-15T14:35:30+00:00,2026-08-15T14:36:13+00:00,43.010,
aec6dfca7a2f490eadedf43e7d3a0041,gh_is_fri_tokyo_pb_20260815233613_aec6df,FRI_TOKYO_PB,金曜 00-06時台 PB,session,IS,GOLD2,OK,MEASURED,actual EA backtest,0,2385.0,1.957,15.2162,305,610,5317745CD8B917E33ADCF27946FC0ECE98DB5A90F319C9BE433ACC027CE6E081,126,484,0,0,0,True,,"{""pb"":[[32,0,7]],""sca"":[]}",ml\gold_hour\configs\gh_is_fri_tokyo_pb_20260815233613_aec6df.yaml,ml\gold_hour\deals\gh_is_fri_tokyo_pb_20260815233613_aec6df_deals.csv,2026-08-15T14:36:13+00:00,2026-08-15T14:37:16+00:00,63.047,
180eab85e6fd48cda7fd8dfbf6dbb71c,gh_oos_fri_tokyo_pb_20260815233716_180eab,FRI_TOKYO_PB,金曜 00-06時台 PB,session,OOS,GOLD2,OK,MEASURED,actual EA backtest,0,574.1,1.4108,12.418,318,636,8248BC2E3942FD19FE2D88468223D4BD4652F1D2347929E64C53D9B84590D06F,104,532,0,0,0,True,,"{""pb"":[[32,0,7]],""sca"":[]}",ml\gold_hour\configs\gh_oos_fri_tokyo_pb_20260815233716_180eab.yaml,ml\gold_hour\deals\gh_oos_fri_tokyo_pb_20260815233716_180eab_deals.csv,2026-08-15T14:37:16+00:00,2026-08-15T14:37:59+00:00,43.035,
a619e79d82c14a598faa6d4f084badf4,gh_is_fri_tokyo_sca_20260815233759_a619e7,FRI_TOKYO_SCA,金曜 00-06時台 SCA,session,IS,GOLD2,OK,MEASURED,actual EA backtest,0,2394.57,1.9489,15.2162,307,614,5B93B3C88151C2EE1555DE70DF899A0EEC83E8D339A9972D684A14347FB15DBC,130,484,0,0,0,True,,"{""pb"":[],""sca"":[[32,0,7]]}",ml\gold_hour\configs\gh_is_fri_tokyo_sca_20260815233759_a619e7.yaml,ml\gold_hour\deals\gh_is_fri_tokyo_sca_20260815233759_a619e7_deals.csv,2026-08-15T14:37:59+00:00,2026-08-15T14:39:02+00:00,62.980,
c157d2be60e24bcc8530e689785b8eb5,gh_oos_fri_tokyo_sca_20260815233902_c157d2,FRI_TOKYO_SCA,金曜 00-06時台 SCA,session,OOS,GOLD2,OK,MEASURED,actual EA backtest,0,579.46,1.4161,12.4321,318,636,1D4C5CA14C874C2268EEAF4F5A8DF2C6A452B13EA9E376A3496E8E8DE2495FAE,104,532,0,0,0,True,,"{""pb"":[],""sca"":[[32,0,7]]}",ml\gold_hour\configs\gh_oos_fri_tokyo_sca_20260815233902_c157d2.yaml,ml\gold_hour\deals\gh_oos_fri_tokyo_sca_20260815233902_c157d2_deals.csv,2026-08-15T14:39:02+00:00,2026-08-15T14:39:45+00:00,42.989,
f1cfe989a33247c18ed417530abd5698,gh_is_fri_tokyo_both_20260815233945_f1cfe9,FRI_TOKYO_BOTH,金曜 00-06時台 BOTH,session,IS,GOLD2,OK,MEASURED,actual EA backtest,0,2385.0,1.957,15.2162,305,610,5317745CD8B917E33ADCF27946FC0ECE98DB5A90F319C9BE433ACC027CE6E081,126,484,0,0,0,True,,"{""pb"":[[32,0,7]],""sca"":[[32,0,7]]}",ml\gold_hour\configs\gh_is_fri_tokyo_both_20260815233945_f1cfe9.yaml,ml\gold_hour\deals\gh_is_fri_tokyo_both_20260815233945_f1cfe9_deals.csv,2026-08-15T14:39:45+00:00,2026-08-15T14:40:48+00:00,63.000,
797f8712052b430485f400167ce25170,gh_oos_fri_tokyo_both_20260815234048_797f87,FRI_TOKYO_BOTH,金曜 00-06時台 BOTH,session,OOS,GOLD2,OK,MEASURED,actual EA backtest,0,574.1,1.4108,12.418,318,636,8248BC2E3942FD19FE2D88468223D4BD4652F1D2347929E64C53D9B84590D06F,104,532,0,0,0,True,,"{""pb"":[[32,0,7]],""sca"":[[32,0,7]]}",ml\gold_hour\configs\gh_oos_fri_tokyo_both_20260815234048_797f87.yaml,ml\gold_hour\deals\gh_oos_fri_tokyo_both_20260815234048_797f87_deals.csv,2026-08-15T14:40:48+00:00,2026-08-15T14:41:31+00:00,43.034,
29b34c04592e4ae686e59e49dacb8ae9,gh_is_fri_eu_am_pb_20260815234131_29b34c,FRI_EU_AM_PB,金曜 07-11時台 PB,session,IS,GOLD2,OK,MEASURED,actual EA backtest,0,2422.45,1.9663,15.011,306,612,C3C513758D72070087ED6F648BEEC22EAC10148B2BED7545819C9E35B8A6001B,128,484,0,0,0,True,,"{""pb"":[[32,7,12]],""sca"":[]}",ml\gold_hour\configs\gh_is_fri_eu_am_pb_20260815234131_29b34c.yaml,ml\gold_hour\deals\gh_is_fri_eu_am_pb_20260815234131_29b34c_deals.csv,2026-08-15T14:41:31+00:00,2026-08-15T14:42:34+00:00,62.989,
a3db9aab7533465fa328ac49eb55e65a,gh_oos_fri_eu_am_pb_20260815234234_a3db9a,FRI_EU_AM_PB,金曜 07-11時台 PB,session,OOS,GOLD2,OK,MEASURED,actual EA backtest,0,598.86,1.4359,11.0996,316,632,07BF5D8159810B8DD8BD5B9179B4A1485752155C3E95704165BBAB098248EA05,100,532,0,0,0,True,,"{""pb"":[[32,7,12]],""sca"":[]}",ml\gold_hour\configs\gh_oos_fri_eu_am_pb_20260815234234_a3db9a.yaml,ml\gold_hour\deals\gh_oos_fri_eu_am_pb_20260815234234_a3db9a_deals.csv,2026-08-15T14:42:34+00:00,2026-08-15T14:43:17+00:00,42.990,
3d0693d8258e4f588677d56c1255c01c,gh_is_fri_eu_am_sca_20260815234317_3d0693,FRI_EU_AM_SCA,金曜 07-11時台 SCA,session,IS,GOLD2,OK,MEASURED,actual EA backtest,0,2394.57,1.9489,15.2162,307,614,5B93B3C88151C2EE1555DE70DF899A0EEC83E8D339A9972D684A14347FB15DBC,130,484,0,0,0,True,,"{""pb"":[],""sca"":[[32,7,12]]}",ml\gold_hour\configs\gh_is_fri_eu_am_sca_20260815234317_3d0693.yaml,ml\gold_hour\deals\gh_is_fri_eu_am_sca_20260815234317_3d0693_deals.csv,2026-08-15T14:43:17+00:00,2026-08-15T14:44:20+00:00,62.976,
14467d2229944715b504b46a3dee5d1d,gh_oos_fri_eu_am_sca_20260815234420_14467d,FRI_EU_AM_SCA,金曜 07-11時台 SCA,session,OOS,GOLD2,OK,MEASURED,actual EA backtest,0,579.46,1.4161,12.4321,318,636,1D4C5CA14C874C2268EEAF4F5A8DF2C6A452B13EA9E376A3496E8E8DE2495FAE,104,532,0,0,0,True,,"{""pb"":[],""sca"":[[32,7,12]]}",ml\gold_hour\configs\gh_oos_fri_eu_am_sca_20260815234420_14467d.yaml,ml\gold_hour\deals\gh_oos_fri_eu_am_sca_20260815234420_14467d_deals.csv,2026-08-15T14:44:20+00:00,2026-08-15T14:45:03+00:00,42.984,
027c953f73aa47cd8defe28eb5883119,gh_is_fri_eu_am_both_20260815234503_027c95,FRI_EU_AM_BOTH,金曜 07-11時台 BOTH,session,IS,GOLD2,OK,MEASURED,actual EA backtest,0,2422.45,1.9663,15.011,306,612,C3C513758D72070087ED6F648BEEC22EAC10148B2BED7545819C9E35B8A6001B,128,484,0,0,0,True,,"{""pb"":[[32,7,12]],""sca"":[[32,7,12]]}",ml\gold_hour\configs\gh_is_fri_eu_am_both_20260815234503_027c95.yaml,ml\gold_hour\deals\gh_is_fri_eu_am_both_20260815234503_027c95_deals.csv,2026-08-15T14:45:03+00:00,2026-08-15T14:46:06+00:00,62.989,
5690c2f53cdf40949be89e37ffeed837,gh_oos_fri_eu_am_both_20260815234606_5690c2,FRI_EU_AM_BOTH,金曜 07-11時台 BOTH,session,OOS,GOLD2,OK,MEASURED,actual EA backtest,0,598.86,1.4359,11.0996,316,632,07BF5D8159810B8DD8BD5B9179B4A1485752155C3E95704165BBAB098248EA05,100,532,0,0,0,True,,"{""pb"":[[32,7,12]],""sca"":[[32,7,12]]}",ml\gold_hour\configs\gh_oos_fri_eu_am_both_20260815234606_5690c2.yaml,ml\gold_hour\deals\gh_oos_fri_eu_am_both_20260815234606_5690c2_deals.csv,2026-08-15T14:46:06+00:00,2026-08-15T14:46:49+00:00,42.994,
5547c3ff3b5443899d964767782f4d4e,gh_is_fri_eu_pm_pb_20260815234649_5547c3,FRI_EU_PM_PB,金曜 12-15時台 PB,session,IS,GOLD2,OK,MEASURED,actual EA backtest,0,2401.22,1.9533,15.1324,307,614,E75F25B4E802F7F284CB3C65F6093994270C85775E5EBDFBA5BAE30CB0E0817D,130,484,0,0,0,True,,"{""pb"":[[32,12,16]],""sca"":[]}",ml\gold_hour\configs\gh_is_fri_eu_pm_pb_20260815234649_5547c3.yaml,ml\gold_hour\deals\gh_is_fri_eu_pm_pb_20260815234649_5547c3_deals.csv,2026-08-15T14:46:49+00:00,2026-08-15T14:47:52+00:00,63.003,
891a08a9e46c4b19a5135b394c95758f,gh_oos_fri_eu_pm_pb_20260815234752_891a08,FRI_EU_PM_PB,金曜 12-15時台 PB,session,OOS,GOLD2,OK,MEASURED,actual EA backtest,0,609.66,1.4475,12.0079,316,632,7E60A1949D1EFDD507B4BC9E7EF5CA234D36EAEA395D6E96DC5CFDA9C04D4EAF,100,532,0,0,0,True,,"{""pb"":[[32,12,16]],""sca"":[]}",ml\gold_hour\configs\gh_oos_fri_eu_pm_pb_20260815234752_891a08.yaml,ml\gold_hour\deals\gh_oos_fri_eu_pm_pb_20260815234752_891a08_deals.csv,2026-08-15T14:47:52+00:00,2026-08-15T14:48:35+00:00,42.984,
f54bfc8067e44d71a822850d0ee9bee7,gh_is_fri_eu_pm_sca_20260815234835_f54bfc,FRI_EU_PM_SCA,金曜 12-15時台 SCA,session,IS,GOLD2,OK,MEASURED,actual EA backtest,0,2394.57,1.9489,15.2162,307,614,5B93B3C88151C2EE1555DE70DF899A0EEC83E8D339A9972D684A14347FB15DBC,130,484,0,0,0,True,,"{""pb"":[],""sca"":[[32,12,16]]}",ml\gold_hour\configs\gh_is_fri_eu_pm_sca_20260815234835_f54bfc.yaml,ml\gold_hour\deals\gh_is_fri_eu_pm_sca_20260815234835_f54bfc_deals.csv,2026-08-15T14:48:35+00:00,2026-08-15T14:49:38+00:00,62.967,
fffb4e94c21042008889530c239c6dcc,gh_oos_fri_eu_pm_sca_20260815234938_fffb4e,FRI_EU_PM_SCA,金曜 12-15時台 SCA,session,OOS,GOLD2,OK,MEASURED,actual EA backtest,0,579.46,1.4161,12.4321,318,636,1D4C5CA14C874C2268EEAF4F5A8DF2C6A452B13EA9E376A3496E8E8DE2495FAE,104,532,0,0,0,True,,"{""pb"":[],""sca"":[[32,12,16]]}",ml\gold_hour\configs\gh_oos_fri_eu_pm_sca_20260815234938_fffb4e.yaml,ml\gold_hour\deals\gh_oos_fri_eu_pm_sca_20260815234938_fffb4e_deals.csv,2026-08-15T14:49:38+00:00,2026-08-15T14:50:21+00:00,42.992,
73df2e1a622f42129209485102781a14,gh_is_fri_eu_pm_both_20260815235021_73df2e,FRI_EU_PM_BOTH,金曜 12-15時台 BOTH,session,IS,GOLD2,OK,MEASURED,actual EA backtest,0,2401.22,1.9533,15.1324,307,614,E75F25B4E802F7F284CB3C65F6093994270C85775E5EBDFBA5BAE30CB0E0817D,130,484,0,0,0,True,,"{""pb"":[[32,12,16]],""sca"":[[32,12,16]]}",ml\gold_hour\configs\gh_is_fri_eu_pm_both_20260815235021_73df2e.yaml,ml\gold_hour\deals\gh_is_fri_eu_pm_both_20260815235021_73df2e_deals.csv,2026-08-15T14:50:21+00:00,2026-08-15T14:51:24+00:00,62.969,
9fb6c6f4c1b54ba29151adc1615a990d,gh_oos_fri_eu_pm_both_20260815235124_9fb6c6,FRI_EU_PM_BOTH,金曜 12-15時台 BOTH,session,OOS,GOLD2,OK,MEASURED,actual EA backtest,0,609.66,1.4475,12.0079,316,632,7E60A1949D1EFDD507B4BC9E7EF5CA234D36EAEA395D6E96DC5CFDA9C04D4EAF,100,532,0,0,0,True,,"{""pb"":[[32,12,16]],""sca"":[[32,12,16]]}",ml\gold_hour\configs\gh_oos_fri_eu_pm_both_20260815235124_9fb6c6.yaml,ml\gold_hour\deals\gh_oos_fri_eu_pm_both_20260815235124_9fb6c6_deals.csv,2026-08-15T14:51:24+00:00,2026-08-15T14:52:07+00:00,43.005,
89396ca4af5a4de480fa90be5a85a6c5,gh_is_fri_ny_pb_20260815235207_89396c,FRI_NY_PB,金曜 16-19時台 PB,session,IS,GOLD2,OK,MEASURED,actual EA backtest,0,2394.57,1.9489,15.2162,307,614,5B93B3C88151C2EE1555DE70DF899A0EEC83E8D339A9972D684A14347FB15DBC,130,484,0,0,0,True,,"{""pb"":[[32,16,20]],""sca"":[]}",ml\gold_hour\configs\gh_is_fri_ny_pb_20260815235207_89396c.yaml,ml\gold_hour\deals\gh_is_fri_ny_pb_20260815235207_89396c_deals.csv,2026-08-15T14:52:07+00:00,2026-08-15T14:53:15+00:00,67.973,
9c0e35fd318b42508cc7447f2b69a917,gh_oos_fri_ny_pb_20260815235315_9c0e35,FRI_NY_PB,金曜 16-19時台 PB,session,OOS,GOLD2,OK,MEASURED,actual EA backtest,0,578.77,1.4156,12.4321,318,636,5580B06816C2E73042A06CF4C930B669B26ED98FD408B9C818B08E53AA1A3E8E,104,532,0,0,0,True,,"{""pb"":[[32,16,20]],""sca"":[]}",ml\gold_hour\configs\gh_oos_fri_ny_pb_20260815235315_9c0e35.yaml,ml\gold_hour\deals\gh_oos_fri_ny_pb_20260815235315_9c0e35_deals.csv,2026-08-15T14:53:15+00:00,2026-08-15T14:53:58+00:00,42.997,
0fea94b313f441c3a988aefd60e00ae7,gh_is_fri_ny_sca_20260815235358_0fea94,FRI_NY_SCA,金曜 16-19時台 SCA,session,IS,GOLD2,OK,MEASURED,actual EA backtest,0,2394.57,1.9489,15.2162,307,614,5B93B3C88151C2EE1555DE70DF899A0EEC83E8D339A9972D684A14347FB15DBC,130,484,0,0,0,True,,"{""pb"":[],""sca"":[[32,16,20]]}",ml\gold_hour\configs\gh_is_fri_ny_sca_20260815235358_0fea94.yaml,ml\gold_hour\deals\gh_is_fri_ny_sca_20260815235358_0fea94_deals.csv,2026-08-15T14:53:58+00:00,2026-08-15T14:55:01+00:00,62.978,
04e6b92f2e724e67a8666c1b06384372,gh_oos_fri_ny_sca_20260815235501_04e6b9,FRI_NY_SCA,金曜 16-19時台 SCA,session,OOS,GOLD2,OK,MEASURED,actual EA backtest,0,579.46,1.4161,12.4321,318,636,1D4C5CA14C874C2268EEAF4F5A8DF2C6A452B13EA9E376A3496E8E8DE2495FAE,104,532,0,0,0,True,,"{""pb"":[],""sca"":[[32,16,20]]}",ml\gold_hour\configs\gh_oos_fri_ny_sca_20260815235501_04e6b9.yaml,ml\gold_hour\deals\gh_oos_fri_ny_sca_20260815235501_04e6b9_deals.csv,2026-08-15T14:55:01+00:00,2026-08-15T14:55:44+00:00,42.976,
3b39b1d86af04aca981fa264ce6213b6,gh_is_fri_ny_both_20260815235544_3b39b1,FRI_NY_BOTH,金曜 16-19時台 BOTH,session,IS,GOLD2,OK,MEASURED,actual EA backtest,0,2394.57,1.9489,15.2162,307,614,5B93B3C88151C2EE1555DE70DF899A0EEC83E8D339A9972D684A14347FB15DBC,130,484,0,0,0,True,,"{""pb"":[[32,16,20]],""sca"":[[32,16,20]]}",ml\gold_hour\configs\gh_is_fri_ny_both_20260815235544_3b39b1.yaml,ml\gold_hour\deals\gh_is_fri_ny_both_20260815235544_3b39b1_deals.csv,2026-08-15T14:55:44+00:00,2026-08-15T14:56:47+00:00,62.973,
3edf6242c25547df968dd82d859c8850,gh_oos_fri_ny_both_20260815235647_3edf62,FRI_NY_BOTH,金曜 16-19時台 BOTH,session,OOS,GOLD2,OK,MEASURED,actual EA backtest,0,578.77,1.4156,12.4321,318,636,5580B06816C2E73042A06CF4C930B669B26ED98FD408B9C818B08E53AA1A3E8E,104,532,0,0,0,True,,"{""pb"":[[32,16,20]],""sca"":[[32,16,20]]}",ml\gold_hour\configs\gh_oos_fri_ny_both_20260815235647_3edf62.yaml,ml\gold_hour\deals\gh_oos_fri_ny_both_20260815235647_3edf62_deals.csv,2026-08-15T14:56:47+00:00,2026-08-15T14:57:30+00:00,42.989,
4353fd7828124ba3aa1b4696beeba10a,gh_is_fri_ny_late_pb_20260815235730_4353fd,FRI_NY_LATE_PB,金曜 20-23時台 PB,session,IS,GOLD2,OK,MEASURED,actual EA backtest,0,2246.12,1.8901,15.2162,306,612,2A0DF1B0B036811877EEE6DB6DE8396EC73F4615A9F761C49EA452819EBE63B6,128,484,0,0,0,True,,"{""pb"":[[32,20,24]],""sca"":[]}",ml\gold_hour\configs\gh_is_fri_ny_late_pb_20260815235730_4353fd.yaml,ml\gold_hour\deals\gh_is_fri_ny_late_pb_20260815235730_4353fd_deals.csv,2026-08-15T14:57:30+00:00,2026-08-15T14:58:33+00:00,63.014,
e653167c00f649228ab6a02935c17a60,gh_oos_fri_ny_late_pb_20260815235833_e65316,FRI_NY_LATE_PB,金曜 20-23時台 PB,session,OOS,GOLD2,OK,MEASURED,actual EA backtest,0,555.33,1.3988,12.4321,317,634,DF458A9E68E8E40C9EA4C560CD5B530327D6CF41C0A4E315E1A984E11C3167FD,102,532,0,0,0,True,,"{""pb"":[[32,20,24]],""sca"":[]}",ml\gold_hour\configs\gh_oos_fri_ny_late_pb_20260815235833_e65316.yaml,ml\gold_hour\deals\gh_oos_fri_ny_late_pb_20260815235833_e65316_deals.csv,2026-08-15T14:58:33+00:00,2026-08-15T14:59:16+00:00,43.018,
a809339cd18f47ad81dc93e0b1b77be5,gh_is_fri_ny_late_sca_20260815235916_a80933,FRI_NY_LATE_SCA,金曜 20-23時台 SCA,session,IS,GOLD2,OK,MEASURED,actual EA backtest,0,2394.57,1.9489,15.2162,307,614,5B93B3C88151C2EE1555DE70DF899A0EEC83E8D339A9972D684A14347FB15DBC,130,484,0,0,0,True,,"{""pb"":[],""sca"":[[32,20,24]]}",ml\gold_hour\configs\gh_is_fri_ny_late_sca_20260815235916_a80933.yaml,ml\gold_hour\deals\gh_is_fri_ny_late_sca_20260815235916_a80933_deals.csv,2026-08-15T14:59:16+00:00,2026-08-15T15:00:19+00:00,62.967,
e4321b9753b546e499af96d6a0a687e1,gh_oos_fri_ny_late_sca_20260816000019_e4321b,FRI_NY_LATE_SCA,金曜 20-23時台 SCA,session,OOS,GOLD2,OK,MEASURED,actual EA backtest,0,579.46,1.4161,12.4321,318,636,1D4C5CA14C874C2268EEAF4F5A8DF2C6A452B13EA9E376A3496E8E8DE2495FAE,104,532,0,0,0,True,,"{""pb"":[],""sca"":[[32,20,24]]}",ml\gold_hour\configs\gh_oos_fri_ny_late_sca_20260816000019_e4321b.yaml,ml\gold_hour\deals\gh_oos_fri_ny_late_sca_20260816000019_e4321b_deals.csv,2026-08-15T15:00:19+00:00,2026-08-15T15:01:02+00:00,42.964,
7433e20630114987b818ef614a904f76,gh_is_fri_ny_late_both_20260816000102_7433e2,FRI_NY_LATE_BOTH,金曜 20-23時台 BOTH,session,IS,GOLD2,OK,MEASURED,actual EA backtest,0,2246.12,1.8901,15.2162,306,612,2A0DF1B0B036811877EEE6DB6DE8396EC73F4615A9F761C49EA452819EBE63B6,128,484,0,0,0,True,,"{""pb"":[[32,20,24]],""sca"":[[32,20,24]]}",ml\gold_hour\configs\gh_is_fri_ny_late_both_20260816000102_7433e2.yaml,ml\gold_hour\deals\gh_is_fri_ny_late_both_20260816000102_7433e2_deals.csv,2026-08-15T15:01:02+00:00,2026-08-15T15:02:05+00:00,62.980,
2f1b5cb8f2dd4fbebaece36bf1a65134,gh_oos_fri_ny_late_both_20260816000205_2f1b5c,FRI_NY_LATE_BOTH,金曜 20-23時台 BOTH,session,OOS,GOLD2,OK,MEASURED,actual EA backtest,0,555.33,1.3988,12.4321,317,634,DF458A9E68E8E40C9EA4C560CD5B530327D6CF41C0A4E315E1A984E11C3167FD,102,532,0,0,0,True,,"{""pb"":[[32,20,24]],""sca"":[[32,20,24]]}",ml\gold_hour\configs\gh_oos_fri_ny_late_both_20260816000205_2f1b5c.yaml,ml\gold_hour\deals\gh_oos_fri_ny_late_both_20260816000205_2f1b5c_deals.csv,2026-08-15T15:02:05+00:00,2026-08-15T15:02:48+00:00,42.985,
7f3336e57be14f5486206a3f2a18513a,gh_is_wed_all_pb_20260816000248_7f3336,WED_ALL_PB,水曜終日 PB,weekday_candidate,IS,GOLD2,OK,MEASURED,actual EA backtest,0,2208.49,1.9509,11.3018,296,592,459A1F57BE87E3C692F97E35F40A66D188E9C3C5D493418EC25921C14164DC8A,108,484,0,0,0,True,,"{""pb"":[[8,0,24]],""sca"":[]}",ml\gold_hour\configs\gh_is_wed_all_pb_20260816000248_7f3336.yaml,ml\gold_hour\deals\gh_is_wed_all_pb_20260816000248_7f3336_deals.csv,2026-08-15T15:02:48+00:00,2026-08-15T15:03:51+00:00,63.023,
9489fe064e454411a85652a46d161150,gh_oos_wed_all_pb_20260816000351_9489fe,WED_ALL_PB,水曜終日 PB,weekday_candidate,OOS,GOLD2,OK,MEASURED,actual EA backtest,0,540.72,1.4038,12.4559,312,624,56AE4E61913013B8C65A35C50EDBDE258A21A64FF250CA6AE006BDA4BCB520A7,92,532,0,0,0,True,,"{""pb"":[[8,0,24]],""sca"":[]}",ml\gold_hour\configs\gh_oos_wed_all_pb_20260816000351_9489fe.yaml,ml\gold_hour\deals\gh_oos_wed_all_pb_20260816000351_9489fe_deals.csv,2026-08-15T15:03:51+00:00,2026-08-15T15:04:34+00:00,43.042,
67a7b9ab0f8c477793909d81424011eb,gh_is_wed_all_sca_20260816000434_67a7b9,WED_ALL_SCA,水曜終日 SCA,weekday_candidate,IS,GOLD2,OK,MEASURED,actual EA backtest,0,2264.47,2.0027,12.5621,261,522,F0E28E2699C12D7C06F238E90AA088C6B9A9835D7A8C9999D22AD4ACA4C97BC5,130,392,0,0,0,True,,"{""pb"":[],""sca"":[[8,0,24]]}",ml\gold_hour\configs\gh_is_wed_all_sca_20260816000434_67a7b9.yaml,ml\gold_hour\deals\gh_is_wed_all_sca_20260816000434_67a7b9_deals.csv,2026-08-15T15:04:34+00:00,2026-08-15T15:05:37+00:00,62.989,
e7d3b2fff06f4f07aecc48dbb4bb2f4c,gh_oos_wed_all_sca_20260816000538_e7d3b2,WED_ALL_SCA,水曜終日 SCA,weekday_candidate,OOS,GOLD2,OK,MEASURED,actual EA backtest,0,709.49,1.6542,12.2998,259,518,0A266D8A61B59708BC057E75D5539315D62332F145822976565E1EFC34983A50,104,414,0,0,0,True,,"{""pb"":[],""sca"":[[8,0,24]]}",ml\gold_hour\configs\gh_oos_wed_all_sca_20260816000538_e7d3b2.yaml,ml\gold_hour\deals\gh_oos_wed_all_sca_20260816000538_e7d3b2_deals.csv,2026-08-15T15:05:38+00:00,2026-08-15T15:06:21+00:00,43.006,
eb90af61f4494a0fab76a1f286dc6365,gh_is_wed_all_both_20260816000621_eb90af,WED_ALL_BOTH,水曜終日 BOTH,weekday_candidate,IS,GOLD2,OK,MEASURED,actual EA backtest,0,2078.39,2.0102,8.6837,250,500,5A27BB6A94E8FD50AC637ED1E192C87C4CA9A5F8051BF0F85E0EF93045FB0CEF,108,392,0,0,0,True,,"{""pb"":[[8,0,24]],""sca"":[[8,0,24]]}",ml\gold_hour\configs\gh_is_wed_all_both_20260816000621_eb90af.yaml,ml\gold_hour\deals\gh_is_wed_all_both_20260816000621_eb90af_deals.csv,2026-08-15T15:06:21+00:00,2026-08-15T15:07:24+00:00,62.995,
765190fd3aa947bca932312c1a609cf2,gh_oos_wed_all_both_20260816000724_765190,WED_ALL_BOTH,水曜終日 BOTH,weekday_candidate,OOS,GOLD2,OK,MEASURED,actual EA backtest,0,670.75,1.6505,13.0644,253,506,0A214E43522122840BFE1843A1C7F54276CD6C7C3F6E8AF90100FCCED8B947FA,92,414,0,0,0,True,,"{""pb"":[[8,0,24]],""sca"":[[8,0,24]]}",ml\gold_hour\configs\gh_oos_wed_all_both_20260816000724_765190.yaml,ml\gold_hour\deals\gh_oos_wed_all_both_20260816000724_765190_deals.csv,2026-08-15T15:07:24+00:00,2026-08-15T15:08:07+00:00,43.031,
d9286639d1694e6d90faab79eaca3a8c,gh_is_mon_all_pb_20260816000807_d92866,MON_ALL_PB,月曜終日 PB,weekday_reference,IS,GOLD2,OK,MEASURED,actual EA backtest,0,2293.57,2.0013,12.372,300,600,E9A5C1CE18BBE2BFBDD411270ECD23454D07736E3308FEF4D09DFE6816C8A970,116,484,0,0,0,True,,"{""pb"":[[2,0,24]],""sca"":[]}",ml\gold_hour\configs\gh_is_mon_all_pb_20260816000807_d92866.yaml,ml\gold_hour\deals\gh_is_mon_all_pb_20260816000807_d92866_deals.csv,2026-08-15T15:08:07+00:00,2026-08-15T15:09:10+00:00,63.068,
7b854016ef394b82a70703ae53035e92,gh_oos_mon_all_pb_20260816000910_7b8540,MON_ALL_PB,月曜終日 PB,weekday_reference,OOS,GOLD2,OK,MEASURED,actual EA backtest,0,553.72,1.4106,13.7349,313,626,9D1D7A469DAD6C729716ED12E499673CA08F3FAC9840795EFAA8669B20C1605C,94,532,0,0,0,True,,"{""pb"":[[2,0,24]],""sca"":[]}",ml\gold_hour\configs\gh_oos_mon_all_pb_20260816000910_7b8540.yaml,ml\gold_hour\deals\gh_oos_mon_all_pb_20260816000910_7b8540_deals.csv,2026-08-15T15:09:10+00:00,2026-08-15T15:09:53+00:00,42.994,
25a7ca33325c4f80a0b4fdbb57063697,gh_is_mon_all_sca_20260816000953_25a7ca,MON_ALL_SCA,月曜終日 SCA,weekday_reference,IS,GOLD2,OK,MEASURED,actual EA backtest,0,2151.48,2.0325,14.84,236,472,6684F998296D1117AE6D7449EA14F04EBE3BE5C3513528B64AE19811B492C28F,130,342,0,0,0,True,,"{""pb"":[],""sca"":[[2,0,24]]}",ml\gold_hour\configs\gh_is_mon_all_sca_20260816000953_25a7ca.yaml,ml\gold_hour\deals\gh_is_mon_all_sca_20260816000953_25a7ca_deals.csv,2026-08-15T15:09:53+00:00,2026-08-15T15:10:56+00:00,62.987,
572c58d567d44aba9fc548238c0d8d59,gh_oos_mon_all_sca_20260816001056_572c58,MON_ALL_SCA,月曜終日 SCA,weekday_reference,OOS,GOLD2,OK,MEASURED,actual EA backtest,0,348.03,1.2921,13.8766,252,504,7E1CF179D39DCE6885BD7781629A331310987B83C5C03418D5740D0E1292B116,104,400,0,0,0,True,,"{""pb"":[],""sca"":[[2,0,24]]}",ml\gold_hour\configs\gh_oos_mon_all_sca_20260816001056_572c58.yaml,ml\gold_hour\deals\gh_oos_mon_all_sca_20260816001056_572c58_deals.csv,2026-08-15T15:10:56+00:00,2026-08-15T15:11:39+00:00,43.000,
44790a29d2cf4fca845c5948fc61c6f4,gh_is_mon_all_both_20260816001139_44790a,MON_ALL_BOTH,月曜終日 BOTH,weekday_reference,IS,GOLD2,OK,MEASURED,actual EA backtest,0,2050.48,2.1079,12.4202,229,458,DD38FE6A464FD9CB1068E85F347D76B580A38D6A9CE9428F2C8B8C3A39F91BCC,116,342,0,0,0,True,,"{""pb"":[[2,0,24]],""sca"":[[2,0,24]]}",ml\gold_hour\configs\gh_is_mon_all_both_20260816001139_44790a.yaml,ml\gold_hour\deals\gh_is_mon_all_both_20260816001139_44790a_deals.csv,2026-08-15T15:11:39+00:00,2026-08-15T15:12:42+00:00,62.997,
03fd29fd69ec4357852bc915cc290fab,gh_oos_mon_all_both_20260816001242_03fd29,MON_ALL_BOTH,月曜終日 BOTH,weekday_reference,OOS,GOLD2,OK,MEASURED,actual EA backtest,0,322.29,1.2808,13.7541,247,494,4EAF6A126CEAD65E8DB5712176B443DF7449994D7BDCA34B8DF398F7D1638E7D,94,400,0,0,0,True,,"{""pb"":[[2,0,24]],""sca"":[[2,0,24]]}",ml\gold_hour\configs\gh_oos_mon_all_both_20260816001242_03fd29.yaml,ml\gold_hour\deals\gh_oos_mon_all_both_20260816001242_03fd29_deals.csv,2026-08-15T15:12:42+00:00,2026-08-15T15:13:25+00:00,43.018,
68dd0f1dfc3b4ac6a5239bf13074aaaf,gh_is_fri_all_pb_20260816001325_68dd0f,FRI_ALL_PB,金曜終日 PB,weekday_reference,IS,GOLD2,OK,MEASURED,actual EA backtest,0,2317.16,1.951,14.3878,302,604,764975915E515F02F384A90B85FBB6D07F3CD775ACF59E2FC87EB9EC11200149,120,484,0,0,0,True,,"{""pb"":[[32,0,24]],""sca"":[]}",ml\gold_hour\configs\gh_is_fri_all_pb_20260816001325_68dd0f.yaml,ml\gold_hour\deals\gh_is_fri_all_pb_20260816001325_68dd0f_deals.csv,2026-08-15T15:13:25+00:00,2026-08-15T15:14:28+00:00,63.005,
8b8535dcfd3744fabcb32780cf82d2e9,gh_oos_fri_all_pb_20260816001428_8b8535,FRI_ALL_PB,金曜終日 PB,weekday_reference,OOS,GOLD2,OK,MEASURED,actual EA backtest,0,594.08,1.4572,10.8923,311,622,E306D2E1AA92619CF8E9C9DBD2DE55FC8074179CB1B253E972BDD21337E642D5,90,532,0,0,0,True,,"{""pb"":[[32,0,24]],""sca"":[]}",ml\gold_hour\configs\gh_oos_fri_all_pb_20260816001428_8b8535.yaml,ml\gold_hour\deals\gh_oos_fri_all_pb_20260816001428_8b8535_deals.csv,2026-08-15T15:14:28+00:00,2026-08-15T15:15:11+00:00,42.980,
9e8910cb77094431b1861350966df650,gh_is_fri_all_sca_20260816001511_9e8910,FRI_ALL_SCA,金曜終日 SCA,weekday_reference,IS,GOLD2,OK,MEASURED,actual EA backtest,0,2394.57,1.9489,15.2162,307,614,5B93B3C88151C2EE1555DE70DF899A0EEC83E8D339A9972D684A14347FB15DBC,130,484,0,0,0,True,,"{""pb"":[],""sca"":[[32,0,24]]}",ml\gold_hour\configs\gh_is_fri_all_sca_20260816001511_9e8910.yaml,ml\gold_hour\deals\gh_is_fri_all_sca_20260816001511_9e8910_deals.csv,2026-08-15T15:15:11+00:00,2026-08-15T15:16:14+00:00,62.978,
1f9bc98bf732414d837f4e56869aa106,gh_oos_fri_all_sca_20260816001614_1f9bc9,FRI_ALL_SCA,金曜終日 SCA,weekday_reference,OOS,GOLD2,OK,MEASURED,actual EA backtest,0,579.46,1.4161,12.4321,318,636,1D4C5CA14C874C2268EEAF4F5A8DF2C6A452B13EA9E376A3496E8E8DE2495FAE,104,532,0,0,0,True,,"{""pb"":[],""sca"":[[32,0,24]]}",ml\gold_hour\configs\gh_oos_fri_all_sca_20260816001614_1f9bc9.yaml,ml\gold_hour\deals\gh_oos_fri_all_sca_20260816001614_1f9bc9_deals.csv,2026-08-15T15:16:14+00:00,2026-08-15T15:16:57+00:00,42.982,
1ada3100549243afac3245d8d7fd1683,gh_is_fri_all_both_20260816001657_1ada31,FRI_ALL_BOTH,金曜終日 BOTH,weekday_reference,IS,GOLD2,OK,MEASURED,actual EA backtest,0,2317.16,1.951,14.3878,302,604,764975915E515F02F384A90B85FBB6D07F3CD775ACF59E2FC87EB9EC11200149,120,484,0,0,0,True,,"{""pb"":[[32,0,24]],""sca"":[[32,0,24]]}",ml\gold_hour\configs\gh_is_fri_all_both_20260816001657_1ada31.yaml,ml\gold_hour\deals\gh_is_fri_all_both_20260816001657_1ada31_deals.csv,2026-08-15T15:16:57+00:00,2026-08-15T15:18:00+00:00,62.988,
5db08740c5e848bab5b818781bcde9d6,gh_oos_fri_all_both_20260816001800_5db087,FRI_ALL_BOTH,金曜終日 BOTH,weekday_reference,OOS,GOLD2,OK,MEASURED,actual EA backtest,0,594.08,1.4572,10.8923,311,622,E306D2E1AA92619CF8E9C9DBD2DE55FC8074179CB1B253E972BDD21337E642D5,90,532,0,0,0,True,,"{""pb"":[[32,0,24]],""sca"":[[32,0,24]]}",ml\gold_hour\configs\gh_oos_fri_all_both_20260816001800_5db087.yaml,ml\gold_hour\deals\gh_oos_fri_all_both_20260816001800_5db087_deals.csv,2026-08-15T15:18:00+00:00,2026-08-15T15:18:43+00:00,42.987,
87a9e148b42f43468f05334e18378fb4,gh_is_combo_19e952d458_20260816001843_87a9e1,COMBO_19E952D458,MON_TOKYO_PB + FRI_EU_PM_PB,combo,IS,GOLD2,OK,MEASURED,actual EA backtest,0,2429.34,1.986,12.3039,305,610,EF56DBFF7FED514534ED5228C911125D188928B810FCD8541C5174F45FDC2331,126,484,0,0,0,True,,"{""pb"":[[2,0,7],[32,12,16]],""sca"":[]}",ml\gold_hour\configs\gh_is_combo_19e952d458_20260816001843_87a9e1.yaml,ml\gold_hour\deals\gh_is_combo_19e952d458_20260816001843_87a9e1_deals.csv,2026-08-15T15:18:43+00:00,2026-08-15T15:19:46+00:00,63.012,
12f3586f3abc4ea6b926df23865b852f,gh_oos_combo_19e952d458_20260816001946_12f358,COMBO_19E952D458,MON_TOKYO_PB + FRI_EU_PM_PB,combo,OOS,GOLD2,OK,MEASURED,actual EA backtest,0,647.28,1.4886,12.0079,315,630,886EC460BB89E27A11DA68DACCB08213B7D871EB7679C350CAA3526C7BDFBE62,98,532,0,0,0,True,,"{""pb"":[[2,0,7],[32,12,16]],""sca"":[]}",ml\gold_hour\configs\gh_oos_combo_19e952d458_20260816001946_12f358.yaml,ml\gold_hour\deals\gh_oos_combo_19e952d458_20260816001946_12f358_deals.csv,2026-08-15T15:19:46+00:00,2026-08-15T15:20:29+00:00,42.975,
ac6c7fe61e6042d9813e7c5554223f0d,gh_is_combo_25d21e691f_20260816002029_ac6c7f,COMBO_25D21E691F,FRI_EU_AM_BOTH + FRI_EU_PM_PB,combo,IS,GOLD2,OK,MEASURED,actual EA backtest,0,2463.81,1.9984,14.5178,305,610,22771A3446ED0844B9593A2D4917CF39CC88FB8ECC49F4AE949BC026D0B296E8,126,484,0,0,0,True,,"{""pb"":[[32,7,12],[32,12,16]],""sca"":[[32,7,12]]}",ml\gold_hour\configs\gh_is_combo_25d21e691f_20260816002029_ac6c7f.yaml,ml\gold_hour\deals\gh_is_combo_25d21e691f_20260816002029_ac6c7f_deals.csv,2026-08-15T15:20:29+00:00,2026-08-15T15:21:32+00:00,62.989,
dadcf455962746d5811867c0cf227bfb,gh_oos_combo_25d21e691f_20260816002132_dadcf4,COMBO_25D21E691F,FRI_EU_AM_BOTH + FRI_EU_PM_PB,combo,OOS,GOLD2,OK,MEASURED,actual EA backtest,0,616.85,1.4563,11.0532,316,632,F7F2C0FA3A329C7ECAE10016925305F9B610161DF3C3E2D5E167654EB3355724,100,532,0,0,0,True,,"{""pb"":[[32,7,12],[32,12,16]],""sca"":[[32,7,12]]}",ml\gold_hour\configs\gh_oos_combo_25d21e691f_20260816002132_dadcf4.yaml,ml\gold_hour\deals\gh_oos_combo_25d21e691f_20260816002132_dadcf4_deals.csv,2026-08-15T15:21:32+00:00,2026-08-15T15:22:15+00:00,43.003,
85865a87d84a48d0a9959d002a398251,gh_is_combo_41ab3eab56_20260816002215_85865a,COMBO_41AB3EAB56,FRI_EU_AM_PB + FRI_EU_PM_BOTH,combo,IS,GOLD2,OK,MEASURED,actual EA backtest,0,2463.81,1.9984,14.5178,305,610,22771A3446ED0844B9593A2D4917CF39CC88FB8ECC49F4AE949BC026D0B296E8,126,484,0,0,0,True,,"{""pb"":[[32,7,12],[32,12,16]],""sca"":[[32,12,16]]}",ml\gold_hour\configs\gh_is_combo_41ab3eab56_20260816002215_85865a.yaml,ml\gold_hour\deals\gh_is_combo_41ab3eab56_20260816002215_85865a_deals.csv,2026-08-15T15:22:15+00:00,2026-08-15T15:23:18+00:00,62.990,
96f74628cc494019997f3b456ec45ef0,gh_oos_combo_41ab3eab56_20260816002318_96f746,COMBO_41AB3EAB56,FRI_EU_AM_PB + FRI_EU_PM_BOTH,combo,OOS,GOLD2,OK,MEASURED,actual EA backtest,0,616.85,1.4563,11.0532,316,632,F7F2C0FA3A329C7ECAE10016925305F9B610161DF3C3E2D5E167654EB3355724,100,532,0,0,0,True,,"{""pb"":[[32,7,12],[32,12,16]],""sca"":[[32,12,16]]}",ml\gold_hour\configs\gh_oos_combo_41ab3eab56_20260816002318_96f746.yaml,ml\gold_hour\deals\gh_oos_combo_41ab3eab56_20260816002318_96f746_deals.csv,2026-08-15T15:23:18+00:00,2026-08-15T15:24:06+00:00,47.979,
75c62d27f0524652a239f7d3af07dbef,gh_is_combo_57eeba9892_20260816002406_75c62d,COMBO_57EEBA9892,MON_TOKYO_BOTH + FRI_EU_AM_PB,combo,IS,GOLD2,OK,MEASURED,actual EA backtest,0,2437.86,1.9943,12.2051,304,608,7A33464AAD3B753AC8197A509B3B60C9EE359E34F48494BCBB93B85CEC4B4C52,124,484,0,0,0,True,,"{""pb"":[[2,0,7],[32,7,12]],""sca"":[[2,0,7]]}",ml\gold_hour\configs\gh_is_combo_57eeba9892_20260816002406_75c62d.yaml,ml\gold_hour\deals\gh_is_combo_57eeba9892_20260816002406_75c62d_deals.csv,2026-08-15T15:24:06+00:00,2026-08-15T15:25:09+00:00,63.075,
030758c04aec4c9abd0a4758a50ec646,gh_oos_combo_57eeba9892_20260816002509_030758,COMBO_57EEBA9892,MON_TOKYO_BOTH + FRI_EU_AM_PB,combo,OOS,GOLD2,OK,MEASURED,actual EA backtest,0,636.48,1.4764,11.0996,315,630,7A952BB24213FA7D0879882A94B5D2241B16805C0CA56B22DF81D06B231FA551,98,532,0,0,0,True,,"{""pb"":[[2,0,7],[32,7,12]],""sca"":[[2,0,7]]}",ml\gold_hour\configs\gh_oos_combo_57eeba9892_20260816002509_030758.yaml,ml\gold_hour\deals\gh_oos_combo_57eeba9892_20260816002509_030758_deals.csv,2026-08-15T15:25:09+00:00,2026-08-15T15:32:17+00:00,428.264,
5d10ec2ef57648fda20c9623d3632c92,gh_is_combo_6c5c38fa86_20260816003217_5d10ec,COMBO_6C5C38FA86,MON_TOKYO_PB + FRI_EU_AM_PB,combo,IS,GOLD2,OK,MEASURED,actual EA backtest,0,2437.86,1.9943,12.2051,304,608,7A33464AAD3B753AC8197A509B3B60C9EE359E34F48494BCBB93B85CEC4B4C52,124,484,0,0,0,True,,"{""pb"":[[2,0,7],[32,7,12]],""sca"":[]}",ml\gold_hour\configs\gh_is_combo_6c5c38fa86_20260816003217_5d10ec.yaml,ml\gold_hour\deals\gh_is_combo_6c5c38fa86_20260816003217_5d10ec_deals.csv,2026-08-15T15:32:17+00:00,2026-08-15T15:33:20+00:00,62.983,
64aa444e8d7c4e14bccfd1cfb36dff94,gh_oos_combo_6c5c38fa86_20260816003320_64aa44,COMBO_6C5C38FA86,MON_TOKYO_PB + FRI_EU_AM_PB,combo,OOS,GOLD2,OK,MEASURED,actual EA backtest,0,636.48,1.4764,11.0996,315,630,7A952BB24213FA7D0879882A94B5D2241B16805C0CA56B22DF81D06B231FA551,98,532,0,0,0,True,,"{""pb"":[[2,0,7],[32,7,12]],""sca"":[]}",ml\gold_hour\configs\gh_oos_combo_6c5c38fa86_20260816003320_64aa44.yaml,ml\gold_hour\deals\gh_oos_combo_6c5c38fa86_20260816003320_64aa44_deals.csv,2026-08-15T15:33:20+00:00,2026-08-15T15:34:03+00:00,42.959,
3d53c21a9eed468f8d69370cab3ebdf7,gh_is_combo_98c6690bed_20260816003403_3d53c2,COMBO_98C6690BED,FRI_EU_AM_BOTH + FRI_EU_PM_BOTH,combo,IS,GOLD2,OK,MEASURED,actual EA backtest,0,2463.81,1.9984,14.5178,305,610,22771A3446ED0844B9593A2D4917CF39CC88FB8ECC49F4AE949BC026D0B296E8,126,484,0,0,0,True,,"{""pb"":[[32,7,12],[32,12,16]],""sca"":[[32,7,12],[32,12,16]]}",ml\gold_hour\configs\gh_is_combo_98c6690bed_20260816003403_3d53c2.yaml,ml\gold_hour\deals\gh_is_combo_98c6690bed_20260816003403_3d53c2_deals.csv,2026-08-15T15:34:03+00:00,2026-08-15T15:35:06+00:00,62.985,
81c42c6f793a4ca2aa61cde12473049a,gh_oos_combo_98c6690bed_20260816003506_81c42c,COMBO_98C6690BED,FRI_EU_AM_BOTH + FRI_EU_PM_BOTH,combo,OOS,GOLD2,OK,MEASURED,actual EA backtest,0,616.85,1.4563,11.0532,316,632,F7F2C0FA3A329C7ECAE10016925305F9B610161DF3C3E2D5E167654EB3355724,100,532,0,0,0,True,,"{""pb"":[[32,7,12],[32,12,16]],""sca"":[[32,7,12],[32,12,16]]}",ml\gold_hour\configs\gh_oos_combo_98c6690bed_20260816003506_81c42c.yaml,ml\gold_hour\deals\gh_oos_combo_98c6690bed_20260816003506_81c42c_deals.csv,2026-08-15T15:35:06+00:00,2026-08-15T15:35:49+00:00,42.993,
62d99a6ef7744584ad7c53cc65fa44f0,gh_is_combo_b746e06985_20260816003549_62d99a,COMBO_B746E06985,MON_TOKYO_PB + FRI_EU_AM_BOTH,combo,IS,GOLD2,OK,MEASURED,actual EA backtest,0,2437.86,1.9943,12.2051,304,608,7A33464AAD3B753AC8197A509B3B60C9EE359E34F48494BCBB93B85CEC4B4C52,124,484,0,0,0,True,,"{""pb"":[[2,0,7],[32,7,12]],""sca"":[[32,7,12]]}",ml\gold_hour\configs\gh_is_combo_b746e06985_20260816003549_62d99a.yaml,ml\gold_hour\deals\gh_is_combo_b746e06985_20260816003549_62d99a_deals.csv,2026-08-15T15:35:49+00:00,2026-08-15T15:36:52+00:00,62.956,
c12095aaf70e4a498be01cfd3b9eaffc,gh_oos_combo_b746e06985_20260816003652_c12095,COMBO_B746E06985,MON_TOKYO_PB + FRI_EU_AM_BOTH,combo,OOS,GOLD2,OK,MEASURED,actual EA backtest,0,636.48,1.4764,11.0996,315,630,7A952BB24213FA7D0879882A94B5D2241B16805C0CA56B22DF81D06B231FA551,98,532,0,0,0,True,,"{""pb"":[[2,0,7],[32,7,12]],""sca"":[[32,7,12]]}",ml\gold_hour\configs\gh_oos_combo_b746e06985_20260816003652_c12095.yaml,ml\gold_hour\deals\gh_oos_combo_b746e06985_20260816003652_c12095_deals.csv,2026-08-15T15:36:52+00:00,2026-08-15T15:37:35+00:00,42.974,
3c68a2b681174bf8b4dbff235d8555a3,gh_is_combo_bc9fa5775f_20260816003735_3c68a2,COMBO_BC9FA5775F,MON_TOKYO_PB + FRI_EU_PM_BOTH,combo,IS,GOLD2,OK,MEASURED,actual EA backtest,0,2429.34,1.986,12.3039,305,610,EF56DBFF7FED514534ED5228C911125D188928B810FCD8541C5174F45FDC2331,126,484,0,0,0,True,,"{""pb"":[[2,0,7],[32,12,16]],""sca"":[[32,12,16]]}",ml\gold_hour\configs\gh_is_combo_bc9fa5775f_20260816003735_3c68a2.yaml,ml\gold_hour\deals\gh_is_combo_bc9fa5775f_20260816003735_3c68a2_deals.csv,2026-08-15T15:37:35+00:00,2026-08-15T15:38:38+00:00,63.004,
63101fffeba647fea6f5a7c76275c7da,gh_oos_combo_bc9fa5775f_20260816003838_63101f,COMBO_BC9FA5775F,MON_TOKYO_PB + FRI_EU_PM_BOTH,combo,OOS,GOLD2,OK,MEASURED,actual EA backtest,0,647.28,1.4886,12.0079,315,630,886EC460BB89E27A11DA68DACCB08213B7D871EB7679C350CAA3526C7BDFBE62,98,532,0,0,0,True,,"{""pb"":[[2,0,7],[32,12,16]],""sca"":[[32,12,16]]}",ml\gold_hour\configs\gh_oos_combo_bc9fa5775f_20260816003838_63101f.yaml,ml\gold_hour\deals\gh_oos_combo_bc9fa5775f_20260816003838_63101f_deals.csv,2026-08-15T15:38:38+00:00,2026-08-15T15:39:21+00:00,43.066,
7397256996464b88a2b044f5b5981a73,gh_is_combo_c1f0f9fbe2_20260816003921_739725,COMBO_C1F0F9FBE2,MON_TOKYO_BOTH + FRI_EU_PM_PB,combo,IS,GOLD2,OK,MEASURED,actual EA backtest,0,2429.34,1.986,12.3039,305,610,EF56DBFF7FED514534ED5228C911125D188928B810FCD8541C5174F45FDC2331,126,484,0,0,0,True,,"{""pb"":[[2,0,7],[32,12,16]],""sca"":[[2,0,7]]}",ml\gold_hour\configs\gh_is_combo_c1f0f9fbe2_20260816003921_739725.yaml,ml\gold_hour\deals\gh_is_combo_c1f0f9fbe2_20260816003921_739725_deals.csv,2026-08-15T15:39:21+00:00,2026-08-15T15:40:24+00:00,63.020,
b251110b83aa4dbe89dddc1c782f83ed,gh_oos_combo_c1f0f9fbe2_20260816004024_b25111,COMBO_C1F0F9FBE2,MON_TOKYO_BOTH + FRI_EU_PM_PB,combo,OOS,GOLD2,OK,MEASURED,actual EA backtest,0,647.28,1.4886,12.0079,315,630,886EC460BB89E27A11DA68DACCB08213B7D871EB7679C350CAA3526C7BDFBE62,98,532,0,0,0,True,,"{""pb"":[[2,0,7],[32,12,16]],""sca"":[[2,0,7]]}",ml\gold_hour\configs\gh_oos_combo_c1f0f9fbe2_20260816004024_b25111.yaml,ml\gold_hour\deals\gh_oos_combo_c1f0f9fbe2_20260816004024_b25111_deals.csv,2026-08-15T15:40:24+00:00,2026-08-15T15:41:07+00:00,42.992,
26ba8e5e43874f25a814f5e3f0765e43,gh_is_combo_da2de2c343_20260816004107_26ba8e,COMBO_DA2DE2C343,FRI_EU_AM_PB + FRI_EU_PM_PB,combo,IS,GOLD2,OK,MEASURED,actual EA backtest,0,2463.81,1.9984,14.5178,305,610,22771A3446ED0844B9593A2D4917CF39CC88FB8ECC49F4AE949BC026D0B296E8,126,484,0,0,0,True,,"{""pb"":[[32,7,12],[32,12,16]],""sca"":[]}",ml\gold_hour\configs\gh_is_combo_da2de2c343_20260816004107_26ba8e.yaml,ml\gold_hour\deals\gh_is_combo_da2de2c343_20260816004107_26ba8e_deals.csv,2026-08-15T15:41:07+00:00,2026-08-15T15:42:10+00:00,62.959,
d717bae9cb8941e28f9a855d54a03484,gh_oos_combo_da2de2c343_20260816004210_d717ba,COMBO_DA2DE2C343,FRI_EU_AM_PB + FRI_EU_PM_PB,combo,OOS,GOLD2,OK,MEASURED,actual EA backtest,0,616.85,1.4563,11.0532,316,632,F7F2C0FA3A329C7ECAE10016925305F9B610161DF3C3E2D5E167654EB3355724,100,532,0,0,0,True,,"{""pb"":[[32,7,12],[32,12,16]],""sca"":[]}",ml\gold_hour\configs\gh_oos_combo_da2de2c343_20260816004210_d717ba.yaml,ml\gold_hour\deals\gh_oos_combo_da2de2c343_20260816004210_d717ba_deals.csv,2026-08-15T15:42:10+00:00,2026-08-15T15:42:53+00:00,43.050,
175a3e5d2da845a8a62418d84be6f648,gh_is_combo_eb147ecc94_20260816004253_175a3e,COMBO_EB147ECC94,MON_TOKYO_BOTH + FRI_EU_PM_BOTH,combo,IS,GOLD2,OK,MEASURED,actual EA backtest,0,2429.34,1.986,12.3039,305,610,EF56DBFF7FED514534ED5228C911125D188928B810FCD8541C5174F45FDC2331,126,484,0,0,0,True,,"{""pb"":[[2,0,7],[32,12,16]],""sca"":[[2,0,7],[32,12,16]]}",ml\gold_hour\configs\gh_is_combo_eb147ecc94_20260816004253_175a3e.yaml,ml\gold_hour\deals\gh_is_combo_eb147ecc94_20260816004253_175a3e_deals.csv,2026-08-15T15:42:53+00:00,2026-08-15T15:43:56+00:00,62.957,
14d9e3cc8b37454087a8d09d14dc0daa,gh_oos_combo_eb147ecc94_20260816004356_14d9e3,COMBO_EB147ECC94,MON_TOKYO_BOTH + FRI_EU_PM_BOTH,combo,OOS,GOLD2,OK,MEASURED,actual EA backtest,0,647.28,1.4886,12.0079,315,630,886EC460BB89E27A11DA68DACCB08213B7D871EB7679C350CAA3526C7BDFBE62,98,532,0,0,0,True,,"{""pb"":[[2,0,7],[32,12,16]],""sca"":[[2,0,7],[32,12,16]]}",ml\gold_hour\configs\gh_oos_combo_eb147ecc94_20260816004356_14d9e3.yaml,ml\gold_hour\deals\gh_oos_combo_eb147ecc94_20260816004356_14d9e3_deals.csv,2026-08-15T15:43:56+00:00,2026-08-15T15:44:39+00:00,42.972,
ff06c7503e734f5086f64e56ada56a7a,gh_is_combo_ecbede4532_20260816004439_ff06c7,COMBO_ECBEDE4532,MON_TOKYO_BOTH + FRI_EU_AM_BOTH,combo,IS,GOLD2,OK,MEASURED,actual EA backtest,0,2437.86,1.9943,12.2051,304,608,7A33464AAD3B753AC8197A509B3B60C9EE359E34F48494BCBB93B85CEC4B4C52,124,484,0,0,0,True,,"{""pb"":[[2,0,7],[32,7,12]],""sca"":[[2,0,7],[32,7,12]]}",ml\gold_hour\configs\gh_is_combo_ecbede4532_20260816004439_ff06c7.yaml,ml\gold_hour\deals\gh_is_combo_ecbede4532_20260816004439_ff06c7_deals.csv,2026-08-15T15:44:39+00:00,2026-08-15T15:45:42+00:00,62.968,
6ebc93d82b6f4dad996b2251077f44a6,gh_oos_combo_ecbede4532_20260816004542_6ebc93,COMBO_ECBEDE4532,MON_TOKYO_BOTH + FRI_EU_AM_BOTH,combo,OOS,GOLD2,OK,MEASURED,actual EA backtest,0,636.48,1.4764,11.0996,315,630,7A952BB24213FA7D0879882A94B5D2241B16805C0CA56B22DF81D06B231FA551,98,532,0,0,0,True,,"{""pb"":[[2,0,7],[32,7,12]],""sca"":[[2,0,7],[32,7,12]]}",ml\gold_hour\configs\gh_oos_combo_ecbede4532_20260816004542_6ebc93.yaml,ml\gold_hour\deals\gh_oos_combo_ecbede4532_20260816004542_6ebc93_deals.csv,2026-08-15T15:45:42+00:00,2026-08-15T15:46:25+00:00,42.981,
ca642aff5e6d4d798551420250a8cce7,gh_xm5_mon_tokyo_pb_20260816004625_ca642a,MON_TOKYO_PB,月曜 00-06時台 PB,session,XM5,XM5,OK,MEASURED,actual EA backtest,0,4205.79,1.9143,11.0331,748,1496,019F32278ABDDD6E5AEFB86CE84963F280C551CF9F0672327C99DC2D96BA7075,226,974,88,84,124,True,,"{""pb"":[[2,0,7]],""sca"":[]}",ml\gold_hour\configs\gh_xm5_mon_tokyo_pb_20260816004625_ca642a.yaml,ml\gold_hour\deals\gh_xm5_mon_tokyo_pb_20260816004625_ca642a_deals.csv,2026-08-15T15:46:25+00:00,2026-08-15T15:54:09+00:00,463.365,
92452f9a128d4f60bead2a553012c04b,gh_xm5_mon_tokyo_both_20260816005409_92452f,MON_TOKYO_BOTH,月曜 00-06時台 BOTH,session,XM5,XM5,OK,MEASURED,actual EA backtest,0,4205.79,1.9143,11.0331,748,1496,019F32278ABDDD6E5AEFB86CE84963F280C551CF9F0672327C99DC2D96BA7075,226,974,88,84,124,True,,"{""pb"":[[2,0,7]],""sca"":[[2,0,7]]}",ml\gold_hour\configs\gh_xm5_mon_tokyo_both_20260816005409_92452f.yaml,ml\gold_hour\deals\gh_xm5_mon_tokyo_both_20260816005409_92452f_deals.csv,2026-08-15T15:54:09+00:00,2026-08-15T16:01:42+00:00,453.656,
5e8a9c775914465797631658cae5e194,gh_xm5_fri_eu_am_pb_20260816010143_5e8a9c,FRI_EU_AM_PB,金曜 07-11時台 PB,session,XM5,XM5,OK,MEASURED,actual EA backtest,0,4176.35,1.8946,12.5987,749,1498,77A7C5319A567E8A1B8B579EF8C509E5D8EA2424B98F7DCDAF2B1348378DFB96,228,974,88,84,124,True,,"{""pb"":[[32,7,12]],""sca"":[]}",ml\gold_hour\configs\gh_xm5_fri_eu_am_pb_20260816010143_5e8a9c.yaml,ml\gold_hour\deals\gh_xm5_fri_eu_am_pb_20260816010143_5e8a9c_deals.csv,2026-08-15T16:01:43+00:00,2026-08-15T16:15:09+00:00,806.172,
63b5d1a819f64093aaea5637ff44bdb0,gh_xm5_fri_eu_am_both_20260816011509_63b5d1,FRI_EU_AM_BOTH,金曜 07-11時台 BOTH,session,XM5,XM5,OK,MEASURED,actual EA backtest,0,4176.35,1.8946,12.5987,749,1498,77A7C5319A567E8A1B8B579EF8C509E5D8EA2424B98F7DCDAF2B1348378DFB96,228,974,88,84,124,True,,"{""pb"":[[32,7,12]],""sca"":[[32,7,12]]}",ml\gold_hour\configs\gh_xm5_fri_eu_am_both_20260816011509_63b5d1.yaml,ml\gold_hour\deals\gh_xm5_fri_eu_am_both_20260816011509_63b5d1_deals.csv,2026-08-15T16:15:09+00:00,2026-08-15T16:22:57+00:00,468.772,
2b0347cf755646c0862e54cb76097a64,gh_xm5_fri_eu_pm_pb_20260816012258_2b0347,FRI_EU_PM_PB,金曜 12-15時台 PB,session,XM5,XM5,OK,MEASURED,actual EA backtest,0,4176.9,1.8967,11.2332,749,1498,86C90A19FB174B958ABFAB0A4CB6ED8649C11E5C6ABB817A4B6E4C84E14BB099,228,974,88,84,124,True,,"{""pb"":[[32,12,16]],""sca"":[]}",ml\gold_hour\configs\gh_xm5_fri_eu_pm_pb_20260816012258_2b0347.yaml,ml\gold_hour\deals\gh_xm5_fri_eu_pm_pb_20260816012258_2b0347_deals.csv,2026-08-15T16:22:58+00:00,2026-08-15T16:31:02+00:00,484.136,
3dbc2c18d58f4258be0e7ea97aa28349,gh_xm5_fri_eu_pm_both_20260816013102_3dbc2c,FRI_EU_PM_BOTH,金曜 12-15時台 BOTH,session,XM5,XM5,OK,MEASURED,actual EA backtest,0,4176.9,1.8967,11.2332,749,1498,86C90A19FB174B958ABFAB0A4CB6ED8649C11E5C6ABB817A4B6E4C84E14BB099,228,974,88,84,124,True,,"{""pb"":[[32,12,16]],""sca"":[[32,12,16]]}",ml\gold_hour\configs\gh_xm5_fri_eu_pm_both_20260816013102_3dbc2c.yaml,ml\gold_hour\deals\gh_xm5_fri_eu_pm_both_20260816013102_3dbc2c_deals.csv,2026-08-15T16:31:02+00:00,2026-08-15T16:38:30+00:00,448.427,
95b4221b58d84c5fb18d68ca6c9103ac,gh_xm5_combo_19e952d458_20260816013830_95b422,COMBO_19E952D458,MON_TOKYO_PB + FRI_EU_PM_PB,combo,XM5,XM5,OK,MEASURED,actual EA backtest,0,4242.64,1.9293,10.4028,746,1492,70A67875C852E59FF91E8F7468B45B78D39609E1404DA76562ECB3C605DCC4B0,222,974,88,84,124,True,,"{""pb"":[[2,0,7],[32,12,16]],""sca"":[]}",ml\gold_hour\configs\gh_xm5_combo_19e952d458_20260816013830_95b422.yaml,ml\gold_hour\deals\gh_xm5_combo_19e952d458_20260816013830_95b422_deals.csv,2026-08-15T16:38:30+00:00,2026-08-15T16:45:59+00:00,448.792,
dff0b6a2eec04bf0aa3ab4221f113a08,gh_xm5_combo_25d21e691f_20260816014559_dff0b6,COMBO_25D21E691F,FRI_EU_AM_BOTH + FRI_EU_PM_PB,combo,XM5,XM5,OK,MEASURED,actual EA backtest,0,4235.7,1.9193,13.4411,748,1496,CB5D25097982131444B0C8D305CFAFB83014B9F7DBA2C10D27485CFCF80F40F6,226,974,88,84,124,True,,"{""pb"":[[32,7,12],[32,12,16]],""sca"":[[32,7,12]]}",ml\gold_hour\configs\gh_xm5_combo_25d21e691f_20260816014559_dff0b6.yaml,ml\gold_hour\deals\gh_xm5_combo_25d21e691f_20260816014559_dff0b6_deals.csv,2026-08-15T16:45:59+00:00,2026-08-15T16:53:43+00:00,463.735,
82a887060d7b4f45bdf172e55bb78379,gh_xm5_combo_41ab3eab56_20260816015343_82a887,COMBO_41AB3EAB56,FRI_EU_AM_PB + FRI_EU_PM_BOTH,combo,XM5,XM5,OK,MEASURED,actual EA backtest,0,4235.7,1.9193,13.4411,748,1496,CB5D25097982131444B0C8D305CFAFB83014B9F7DBA2C10D27485CFCF80F40F6,226,974,88,84,124,True,,"{""pb"":[[32,7,12],[32,12,16]],""sca"":[[32,12,16]]}",ml\gold_hour\configs\gh_xm5_combo_41ab3eab56_20260816015343_82a887.yaml,ml\gold_hour\deals\gh_xm5_combo_41ab3eab56_20260816015343_82a887_deals.csv,2026-08-15T16:53:43+00:00,2026-08-15T17:01:32+00:00,468.965,
e4287e272f9c466c8d2671ed39caeb24,gh_xm5_combo_57eeba9892_20260816020132_e4287e,COMBO_57EEBA9892,MON_TOKYO_BOTH + FRI_EU_AM_PB,combo,XM5,XM5,OK,MEASURED,actual EA backtest,0,4229.38,1.9243,10.9063,746,1492,743CA699F8C2CD2D82C42720029E182A68A4F59E02BDA635B373E3DF60290E51,222,974,88,84,124,True,,"{""pb"":[[2,0,7],[32,7,12]],""sca"":[[2,0,7]]}",ml\gold_hour\configs\gh_xm5_combo_57eeba9892_20260816020132_e4287e.yaml,ml\gold_hour\deals\gh_xm5_combo_57eeba9892_20260816020132_e4287e_deals.csv,2026-08-15T17:01:32+00:00,2026-08-15T17:09:21+00:00,468.871,
130f2f472c324e85806051fcfb6cd554,gh_xm5_combo_6c5c38fa86_20260816020921_130f2f,COMBO_6C5C38FA86,MON_TOKYO_PB + FRI_EU_AM_PB,combo,XM5,XM5,OK,MEASURED,actual EA backtest,0,4229.38,1.9243,10.9063,746,1492,743CA699F8C2CD2D82C42720029E182A68A4F59E02BDA635B373E3DF60290E51,222,974,88,84,124,True,,"{""pb"":[[2,0,7],[32,7,12]],""sca"":[]}",ml\gold_hour\configs\gh_xm5_combo_6c5c38fa86_20260816020921_130f2f.yaml,ml\gold_hour\deals\gh_xm5_combo_6c5c38fa86_20260816020921_130f2f_deals.csv,2026-08-15T17:09:21+00:00,2026-08-15T17:17:04+00:00,463.766,
f83ca4d8fe6e470bb1cdb814ed0ca844,gh_xm5_combo_98c6690bed_20260816021704_f83ca4,COMBO_98C6690BED,FRI_EU_AM_BOTH + FRI_EU_PM_BOTH,combo,XM5,XM5,OK,MEASURED,actual EA backtest,0,4235.7,1.9193,13.4411,748,1496,CB5D25097982131444B0C8D305CFAFB83014B9F7DBA2C10D27485CFCF80F40F6,226,974,88,84,124,True,,"{""pb"":[[32,7,12],[32,12,16]],""sca"":[[32,7,12],[32,12,16]]}",ml\gold_hour\configs\gh_xm5_combo_98c6690bed_20260816021704_f83ca4.yaml,ml\gold_hour\deals\gh_xm5_combo_98c6690bed_20260816021704_f83ca4_deals.csv,2026-08-15T17:17:04+00:00,2026-08-15T17:24:48+00:00,463.708,
ddafd6e6fa4e4841ae20fd59819ebe55,gh_xm5_combo_b746e06985_20260816022448_ddafd6,COMBO_B746E06985,MON_TOKYO_PB + FRI_EU_AM_BOTH,combo,XM5,XM5,OK,MEASURED,actual EA backtest,0,4229.38,1.9243,10.9063,746,1492,743CA699F8C2CD2D82C42720029E182A68A4F59E02BDA635B373E3DF60290E51,222,974,88,84,124,True,,"{""pb"":[[2,0,7],[32,7,12]],""sca"":[[32,7,12]]}",ml\gold_hour\configs\gh_xm5_combo_b746e06985_20260816022448_ddafd6.yaml,ml\gold_hour\deals\gh_xm5_combo_b746e06985_20260816022448_ddafd6_deals.csv,2026-08-15T17:24:48+00:00,2026-08-15T17:32:27+00:00,458.894,
6960d8c6b86f4c8a8b59a093fe0e6394,gh_xm5_combo_bc9fa5775f_20260816023227_6960d8,COMBO_BC9FA5775F,MON_TOKYO_PB + FRI_EU_PM_BOTH,combo,XM5,XM5,OK,MEASURED,actual EA backtest,0,4242.64,1.9293,10.4028,746,1492,70A67875C852E59FF91E8F7468B45B78D39609E1404DA76562ECB3C605DCC4B0,222,974,88,84,124,True,,"{""pb"":[[2,0,7],[32,12,16]],""sca"":[[32,12,16]]}",ml\gold_hour\configs\gh_xm5_combo_bc9fa5775f_20260816023227_6960d8.yaml,ml\gold_hour\deals\gh_xm5_combo_bc9fa5775f_20260816023227_6960d8_deals.csv,2026-08-15T17:32:27+00:00,2026-08-15T17:39:50+00:00,443.423,
71c089d555e144f88e6ea03a020bb659,gh_xm5_combo_c1f0f9fbe2_20260816023950_71c089,COMBO_C1F0F9FBE2,MON_TOKYO_BOTH + FRI_EU_PM_PB,combo,XM5,XM5,OK,MEASURED,actual EA backtest,0,4242.64,1.9293,10.4028,746,1492,70A67875C852E59FF91E8F7468B45B78D39609E1404DA76562ECB3C605DCC4B0,222,974,88,84,124,True,,"{""pb"":[[2,0,7],[32,12,16]],""sca"":[[2,0,7]]}",ml\gold_hour\configs\gh_xm5_combo_c1f0f9fbe2_20260816023950_71c089.yaml,ml\gold_hour\deals\gh_xm5_combo_c1f0f9fbe2_20260816023950_71c089_deals.csv,2026-08-15T17:39:50+00:00,2026-08-15T17:47:19+00:00,448.407,
0da911de85f34d40bef8b8661bad90cb,gh_xm5_combo_da2de2c343_20260816024719_0da911,COMBO_DA2DE2C343,FRI_EU_AM_PB + FRI_EU_PM_PB,combo,XM5,XM5,OK,MEASURED,actual EA backtest,0,4235.7,1.9193,13.4411,748,1496,CB5D25097982131444B0C8D305CFAFB83014B9F7DBA2C10D27485CFCF80F40F6,226,974,88,84,124,True,,"{""pb"":[[32,7,12],[32,12,16]],""sca"":[]}",ml\gold_hour\configs\gh_xm5_combo_da2de2c343_20260816024719_0da911.yaml,ml\gold_hour\deals\gh_xm5_combo_da2de2c343_20260816024719_0da911_deals.csv,2026-08-15T17:47:19+00:00,2026-08-15T17:54:47+00:00,448.438,
cd05a7db5c3f4898958143831a51f184,gh_xm5_combo_eb147ecc94_20260816025447_cd05a7,COMBO_EB147ECC94,MON_TOKYO_BOTH + FRI_EU_PM_BOTH,combo,XM5,XM5,OK,MEASURED,actual EA backtest,0,4242.64,1.9293,10.4028,746,1492,70A67875C852E59FF91E8F7468B45B78D39609E1404DA76562ECB3C605DCC4B0,222,974,88,84,124,True,,"{""pb"":[[2,0,7],[32,12,16]],""sca"":[[2,0,7],[32,12,16]]}",ml\gold_hour\configs\gh_xm5_combo_eb147ecc94_20260816025447_cd05a7.yaml,ml\gold_hour\deals\gh_xm5_combo_eb147ecc94_20260816025447_cd05a7_deals.csv,2026-08-15T17:54:47+00:00,2026-08-15T18:02:31+00:00,464.019,
77f0496d9c0544b7b16357206b2f1143,gh_xm5_combo_ecbede4532_20260816030231_77f049,COMBO_ECBEDE4532,MON_TOKYO_BOTH + FRI_EU_AM_BOTH,combo,XM5,XM5,OK,MEASURED,actual EA backtest,0,4229.38,1.9243,10.9063,746,1492,743CA699F8C2CD2D82C42720029E182A68A4F59E02BDA635B373E3DF60290E51,222,974,88,84,124,True,,"{""pb"":[[2,0,7],[32,7,12]],""sca"":[[2,0,7],[32,7,12]]}",ml\gold_hour\configs\gh_xm5_combo_ecbede4532_20260816030231_77f049.yaml,ml\gold_hour\deals\gh_xm5_combo_ecbede4532_20260816030231_77f049_deals.csv,2026-08-15T18:02:31+00:00,2026-08-15T18:10:05+00:00,453.442,
