time,profit
1466625600,0.00
1466690398,1086.00
1466744400,0.00
1466747998,1053.00
1466755200,0.00
1466769598,-514.00
1467871200,0.00
1467874800,-113.00
1467874800,0.00
1467889198,-252.00
1468332000,0.00
1468346398,-262.00
1468346400,0.00
1468432798,-260.00
1468602000,0.00
1468911600,18.00
1468911600,0.00
1468925998,-265.00
1469113200,0.00
1469116798,-265.00
1469462400,0.00
1469500198,-498.00
1469714400,0.00
1469779200,0.00
1469790898,-500.00
1469793600,0.00
1469808898,1100.00
1469818797,1070.00
1470787200,0.00
1470801598,-257.00
1470801600,0.00
1470949200,-23.00
1470949200,0.00
1471017598,-256.00
1471017600,0.00
1471021198,-257.00
1471291200,0.00
1471352398,1070.00
1471896000,0.00
1472054398,1093.00
1472529600,0.00
1472644798,-504.00
1472832000,0.00
1473191998,1093.00
1473328800,0.00
1473436799,-258.00
1473926400,0.00
1473940798,-500.00
1474041600,0.00
1474056000,0.00
1474257597,1120.00
1474257600,0.00
1474283698,-498.00
1474304398,-254.00
1474401600,0.00
1474442998,-530.00
1474444800,0.00
1474453798,-500.00
1474473600,0.00
1474563600,0.00
1474574398,-252.00
1474581600,0.00
1474604998,-619.00
1474617600,0.00
1474639198,-251.00
1474995600,0.00
1474999198,-251.00
1474999200,0.00
1475002800,-111.00
1475002800,0.00
1475060398,-260.00
1475138698,-679.00
1475179200,0.00
1475216098,-530.00
1475254800,0.00
1475258398,-254.00
1475258400,0.00
1475517598,-262.00
1475539200,0.00
1475602198,1100.00
1475643600,0.00
1475690398,-257.00
1476950400,0.00
1477411198,1106.00
1477958400,0.00
1478084398,1092.00
1478764800,0.00
1478890798,1101.00
1480075200,0.00
1480348798,-528.00
1480510800,0.00
1480517998,-262.00
1480525200,0.00
1480528800,-122.00
1480528800,0.00
1480532398,-262.00
1480579200,0.00
1480611600,-196.00
1480611600,0.00
1480618798,-262.00
1480935600,0.00
1480967998,1100.00
1481248800,0.00
1481572798,-261.00
1481594400,0.00
1481655597,-262.00
1482350400,0.00
1482508798,1136.00
1482930000,0.00
1482984000,-34.00
1482984000,0.00
1483063198,1092.00
1483466400,0.00
1483469998,-262.00
1483549200,0.00
1483606798,1075.00
1483704000,0.00
1483934397,1149.00
1484164800,0.00
1484233198,1075.00
1484740800,0.00
1484777698,-500.00
1485144000,0.00
1485221398,1070.00
1485230400,0.00
1485251998,-500.00
1485432000,0.00
1485446398,-567.00
1485770400,0.00
1485828000,-101.00
1485828000,0.00
1485892800,0.00
1486033198,1155.00
1486036798,1231.00
1486126800,0.00
1486130400,-107.00
1486130400,0.00
1486137598,-284.00
1486400400,0.00
1486414800,-179.00
1486414800,0.00
1486447198,-293.00
1486483200,0.00
1486497598,1248.00
1487952000,0.00
1487955598,-284.00
1487955600,0.00
1487966397,-284.00
1488232800,0.00
1488304798,-282.00
1488326400,0.00
1488571200,0.00
1488578398,-278.00
1488579297,-500.00
1488873600,0.00
1488916800,0.00
1488920400,-109.00
1488920400,0.00
1488988800,0.00
1489075198,-280.00
1489075200,0.00
1489183198,1196.00
1489492798,1232.00
1489608898,-486.00
1489636800,0.00
1490063398,1010.00
1490140800,0.00
1490282097,1011.00
1490356800,0.00
1490630398,1213.00
1490774400,0.00
1490821200,0.00
1490903998,1205.00
1491245997,1171.00
1491811200,0.00
1491998398,1209.00
1492106400,0.00
1492426798,-273.00
1492527600,0.00
1492995597,1109.00
1494000000,0.00
1494270000,0.00
1494323998,-293.00
1494326698,1104.00
1494342000,0.00
1494604798,-275.00
1494622800,0.00
1494932398,1176.00
1495137600,0.00
1495141198,-500.00
1495152000,0.00
1495412097,-498.00
1496142000,0.00
1496149198,-277.00
1496163600,0.00
1496221198,-287.00
1496361600,0.00
1496937600,0.00
1496977198,-337.00
1497009600,0.00
1497009600,0.00
1497023998,-552.00
1497023998,-530.00
1497038398,-277.00
1497297600,0.00
1497348897,-530.00
1497456000,0.00
1497477598,-275.00
1497477600,0.00
1498438800,247.00
1498438800,0.00
1498582798,1148.00
1498582800,0.00
1498712398,1122.00
1498752000,0.00
1499140800,0.00
1499169598,-578.00
1499457600,0.00
1499682598,1112.00
1499792400,0.00
1499803198,-580.00
1499918400,0.00
1499954398,-322.00
1499954400,0.00
1499957998,-286.00
1499958000,0.00
1499972398,-286.00
1500062398,1253.00
1501660800,0.00
1502277298,891.00
1502359200,0.00
1502387998,-274.00
1502470800,0.00
1502474400,-82.00
1502474400,0.00
1502481598,-274.00
1502899200,0.00
1503057598,-565.00
1503324000,0.00
1503471600,-10.00
1503471600,0.00
1503485998,-274.00
1503486000,0.00
1503694797,1117.00
1503964800,0.00
1504007998,-548.00
1504022400,0.00
1504641598,-577.00
1504699200,0.00
1504803600,0.00
1504886398,1191.00
1505149197,-292.00
1505149200,0.00
1505156398,-274.00
1505160000,0.00
1505188798,-283.00
1505354400,0.00
1505422798,-274.00
1505426400,0.00
1505476798,-272.00
1505476800,0.00
1505491200,0.00
1505505598,-277.00
1505505600,0.00
1505746797,-276.00
1505809797,1104.00
1505822400,0.00
1505944800,0.00
1505987997,1108.00
1505995198,-277.00
1506085200,0.00
1506088798,-282.00
1506110400,0.00
1506369598,1185.00
1507611600,0.00
1508252400,-235.00
1508252400,0.00
1508356798,-280.00
1509015600,0.00
1509029998,-282.00
1509030000,0.00
1509051597,1183.00
1509062400,0.00
1509393598,-569.00
1510221600,0.00
1510235998,-282.00
1510236000,0.00
1510243198,-282.00
1510243200,0.00
1510246798,-282.00
1510833600,0.00
1510848000,-222.00
1510848000,0.00
1511142298,1040.00
1511251200,0.00
1511553597,1211.00
1512057600,0.00
1512143998,-530.00
1512507600,0.00
1512525598,-280.00
1512547200,0.00
1512636298,-589.00
1513108800,0.00
1513143897,-498.00
1513681200,0.00
1514444398,1089.00
1515398400,0.00
1515469498,-498.00
1515528000,0.00
1515588298,1070.00
1515675600,0.00
1515682798,-278.00
1515682800,0.00
1515754798,1161.00
1517904000,0.00
1517911198,-278.00
1518692400,0.00
1518703198,-279.00
1519056000,0.00
1519124397,-288.00
1519311600,0.00
1519315198,-278.00
1519322400,0.00
1519646398,-274.00
1520236800,0.00
1520240398,-279.00
1520251200,0.00
1520279998,-557.00
1520560800,0.00
1520578800,-90.00
1520578800,0.00
1520611198,-279.00
1521147600,0.00
1521201598,-276.00
1521666000,0.00
1521723600,-172.00
1521723600,0.00
1521777600,0.00
1521781198,-276.00
1522079997,1222.00
1522324800,0.00
1522335598,-278.00
1522749600,0.00
1522872000,0.00
1522886400,0.00
1522943998,-535.00
1522972800,0.00
1523012398,1137.00
1523275197,1174.00
1523372400,0.00
1523386798,-268.00
1523559600,0.00
1523628898,1122.00
1523635200,0.00
1523858398,-498.00
1524232797,-333.00
1524240000,0.00
1524571197,1129.00
1524830400,0.00
1525175998,1171.00
1526328000,0.00
1526331598,-268.00
1526342400,0.00
1526435998,1127.00
1528182000,0.00
1528214398,-268.00
1528218000,0.00
1528293597,1117.00
1529017200,0.00
1529067598,-266.00
1530028800,0.00
1530043200,-304.00
1530043200,0.00
1530100800,0.00
1530115198,-275.00
1530115200,0.00
1530251998,-269.00
1530252000,0.00
1530273597,-277.00
1530591298,1114.00
1530705600,0.00
1531333798,1114.00
1531404000,0.00
1531411197,-279.00
1531843200,0.00
1531864800,0.00
1531915198,1223.00
1532102398,-270.00
1532329200,0.00
1532339998,-279.00
1532426400,0.00
1532429998,-279.00
1532430000,0.00
1532541598,-288.00
1532635200,0.00
1532955598,-275.00
1532959200,0.00
1533171600,-293.00
1533171600,0.00
1533545997,1176.00
1534406400,0.00
1534924800,0.00
1535007598,-303.00
1535046298,-709.00
1535083200,0.00
1535685298,-486.00
1536062400,0.00
1536105597,-277.00
1536170400,0.00
1536206398,-272.00
1536595200,0.00
1536832800,0.00
1536940800,0.00
1537290898,1116.00
1537300800,0.00
1537358398,1224.00
1537455598,1115.00
1538079297,1122.00
1538107200,0.00
1538474398,1195.00
1539306000,0.00
1539359998,-284.00
1539367200,0.00
1539565197,-293.00
1539820800,0.00
1539867598,-284.00
1539982800,0.00
1540202398,-282.00
1540454400,0.00
1540900798,1233.00
1541494800,0.00
1541692800,0.00
1541707198,-320.00
1541707200,0.00
1541710800,-91.00
1541710800,0.00
1541714398,-284.00
1541721598,-567.00
1541764800,0.00
1542009598,1243.00
1542312000,0.00
1542383098,-498.00
1542384000,0.00
1542592800,0.00
1542736797,-291.00
1542736800,0.00
1542743998,-282.00
1542765600,0.00
1542977998,-318.00
1543249798,-739.00
1543262400,0.00
1543327200,0.00
1543435197,-282.00
1543438800,0.00
1543446000,-76.00
1543446000,0.00
1543485598,-278.00
1543919398,-484.00
1543928400,0.00
1543942798,-283.00
1543946400,0.00
1544115598,-276.00
1544126400,0.00
1544460298,-560.00
1544472000,0.00
1544547600,0.00
1544626798,-281.00
1544659200,0.00
1544716798,-284.00
1544720400,0.00
1544734798,-284.00
1544738400,0.00
1544785198,-293.00
1545073200,0.00
1545105600,-245.00
1545105600,0.00
1545110098,-484.00
1545170400,-55.00
1545170400,0.00
1545188398,-279.00
1545876000,0.00
1545886798,-281.00
1545886800,0.00
1546423197,1155.00
1546477200,0.00
1546495198,-281.00
1546599600,0.00
1546617598,-281.00
1546624800,0.00
1547053198,1155.00
1547092800,0.00
1547135997,-563.00
1547485200,0.00
1547553598,-290.00
1547643600,0.00
1548363597,1200.00
1548676800,0.00
1549447197,-362.00
1549526400,0.00
1550105998,1195.00
1550160000,0.00
1550638800,0.00
1550674797,-277.00
1551415498,1130.00
1551722400,0.00
1551985198,1182.00
1552406400,0.00
1552420797,-559.00
1552665600,0.00
1553115597,1146.00
1553256000,0.00
1553284798,1229.00
1553518800,0.00
1553544000,0.00
1553599798,-530.00
1554091200,0.00
1554148798,1182.00
1554771600,0.00
1554825600,0.00
1554911998,-561.00
1554915598,-287.00
1555099200,0.00
1555642800,0.00
1555959598,-278.00
1555963198,1192.00
1556141398,1146.00
1556640000,0.00
1556654400,-65.00
1556654400,0.00
1556733600,0.00
1556747998,-279.00
1556748000,0.00
1556758800,-66.00
1556758800,0.00
1556823597,-279.00
1557198000,0.00
1557241198,-277.00
1557261897,891.00
1557273600,0.00
1557762298,951.00
1557763200,0.00
1557770400,0.00
1557791998,-273.00
1557809998,-530.00
1557856800,0.00
1557878400,-118.00
1557878400,0.00
1558962000,105.00
1558962000,0.00
1559066398,-283.00
1559070000,0.00
1559127598,-283.00
1559332800,0.00
1559336400,-71.00
1559336400,0.00
1559645997,1133.00
1560538800,0.00
1560787197,-272.00
1560873600,0.00
1560977998,-272.00
1561071600,0.00
1561388398,1133.00
1562119200,0.00
1563447600,571.00
1563447600,0.00
1563454800,-98.00
1563454800,0.00
1563487198,-274.00
1563771600,0.00
1563825600,0.00
1563868800,-310.00
1563868800,0.00
1564070397,1145.00
1564631998,1122.00
1564632000,0.00
1564673398,-500.00
1564704000,0.00
1564979398,1070.00
1565020800,0.00
1565805598,-338.00
1565899200,0.00
1566586798,-250.00
1567022400,0.00
1567198798,1120.00
1568282400,0.00
1568300398,-265.00
1568300400,0.00
1568307598,-265.00
1568307600,0.00
1568376000,0.00
1568653198,-281.00
1568663998,-534.00
1568743200,0.00
1568836800,0.00
1568843998,-279.00
1568844000,0.00
1568894398,-265.00
1569011397,-492.00
1569344400,0.00
1569365998,-269.00
1569366000,0.00
1569538798,1137.00
1570197600,0.00
1570204798,-269.00
1570503600,0.00
1570561198,-269.00
1570564800,0.00
1570582800,0.00
1570682698,-619.00
1570708800,0.00
1570737598,-539.00
1570737600,0.00
1570805998,1099.00
1570809598,1182.00
1572379200,0.00
1572429600,-157.00
1572429600,0.00
1572469197,-269.00
1572624000,0.00
1572638400,0.00
1572915598,-289.00
1572948000,0.00
1572958800,-162.00
1572958800,0.00
1573149597,1112.00
1573567198,1162.00
1574103600,0.00
1574247597,-291.00
1574456400,0.00
1575306000,-258.00
1575342000,0.00
1575489600,0.00
1575532800,-89.00
1575532800,0.00
1575655198,-316.00
1576173598,-709.00
1576180800,0.00
1577077200,0.00
1577386799,-270.00
1577480400,0.00
1577726098,-468.00
1577750400,0.00
1578045598,-331.00
1578450598,862.00
1578513600,0.00
1578600000,0.00
1578686397,-272.00
1579129200,0.00
1579201198,-301.00
1579201200,0.00
1579223698,1122.00
1579888798,1172.00
1580126400,0.00
1580241598,1207.00
1580241600,0.00
1580727600,0.00
1580749200,-272.00
1580752800,0.00
1580846400,-558.00
1580846400,0.00
1580903998,-292.00
1581595200,0.00
1581609598,-549.00
1581624000,0.00
1581667200,-146.00
1581667200,0.00
1582126198,1130.00
1582142399,1202.00
1582660800,0.00
1582732798,-286.00
1582876800,0.00
1582912798,1100.00
1583755200,0.00
1583769598,-539.00
1583870400,0.00
1583927998,-543.00
1584072000,0.00
1584079198,-269.00
1584360000,0.00
1584449998,1133.00
1584633600,0.00
1584668698,1102.00
1585152000,0.00
1585167297,-500.00
1585296000,0.00
1585302297,-500.00
1585537200,0.00
1585540798,-273.00
1585944000,0.00
1585951198,-272.00
1586260800,0.00
1586267998,-272.00
1586282400,0.00
1586289598,-272.00
1586865600,0.00
1586966398,-282.00
1587160800,0.00
1587355200,0.00
1587387598,-267.00
1587464998,-498.00
1588140000,0.00
1588269598,1102.00
1588276800,0.00
1588348798,-541.00
1588845600,0.00
1588849198,-268.00
1588888800,0.00
1588910398,-266.00
1588960800,0.00
1588964400,-216.00
1588964400,0.00
1589302798,-264.00
1589529600,0.00
1589774397,1176.00
1589821200,0.00
1589896798,1119.00
1589904000,0.00
1589994898,-498.00
1590004800,0.00
1591119897,1126.00
1591128000,0.00
1591156800,0.00
1591243198,-556.00
1591377298,1110.00
1591833600,0.00
1591992000,-429.00
1591992000,0.00
1592208898,-498.00
1592373600,0.00
1592391597,-267.00
1592395200,0.00
1592467200,0.00
1592481598,-547.00
1592510400,0.00
1592553600,-198.00
1592553600,0.00
1592582398,-534.00
1592827200,0.00
1592971197,1164.00
1593003600,0.00
1593014398,-267.00
1593021600,0.00
1593039598,-267.00
1593039600,0.00
1593097198,-709.00
1593100800,0.00
1593439198,-259.00
1593450000,0.00
1593450898,-560.00
1593453598,-270.00
1593457200,0.00
1593460800,0.00
1593543598,-268.00
1593547200,0.00
1593590398,-277.00
1593604800,-252.00
1593604800,0.00
1593626400,0.00
1593712798,-294.00
1593766800,0.00
1594007998,-267.00
1595361600,0.00
1595419198,-539.00
1595573097,354.00
1597107600,0.00
1597147198,-266.00
1597158000,0.00
1597161598,-266.00
1597320000,0.00
1597345198,-266.00
1598360400,0.00
1598547597,-259.00
1598598000,0.00
1598936397,1101.00
1599066000,0.00
1599170398,-261.00
1599796800,0.00
1599854400,0.00
1600084798,-534.00
1600102797,-498.00
1600138800,0.00
1600192798,-264.00
1600279200,0.00
1600293597,-264.00
1600344000,0.00
1600387200,0.00
1600689597,-268.00
1600876798,-620.00
1601654400,0.00
1601956800,0.00
1602262797,1054.00
1602648000,0.00
1602690299,-484.00
1602691198,-263.00
1602694800,0.00
1603119598,-254.00
1603126800,0.00
1603713600,0.00
1603742397,-526.00
1603882798,-336.00
1603983600,0.00
1604347200,0.00
1604404798,-530.00
1604404800,0.00
1604426397,-257.00
1604462397,1153.00
1604491200,0.00
1604588398,1011.00
1604617200,0.00
1604635197,-267.00
1604952000,0.00
1604978998,-498.00
1604980800,0.00
1605010498,-500.00
1605240000,0.00
1605701698,1010.00
1605758400,0.00
1605783600,-183.00
1605783600,0.00
1605815998,-259.00
1608076800,0.00
1608155998,-260.00
1609722000,0.00
1609927198,1066.00
1610139600,0.00
1610146798,-259.00
1610337600,0.00
1610496000,-400.00
1610496000,0.00
1611284400,0.00
1611575998,-268.00
1611579600,0.00
1611593998,-260.00
1611594000,0.00
1611604798,-259.00
1611676800,0.00
1611748798,-267.00
1611752400,0.00
1611759598,-260.00
1611763200,-631.00
1611763200,0.00
1611853200,0.00
1611867600,-69.00
1611867600,0.00
1611889198,-269.00
1612284297,1112.00
1612890000,0.00
1613559598,-328.00
1613667600,0.00
1613692797,-263.00
1613991600,0.00
1613998798,-263.00
1613998800,0.00
1614257998,1063.00
1614344400,0.00
1614358798,-263.00
1614362400,0.00
1614365998,-263.00
1614715200,0.00
1614765598,-261.00
1616025600,0.00
1616050797,-263.00
1616382000,0.00
1616417998,-263.00
1616421600,0.00
1616425200,-66.00
1616425200,0.00
1616443198,-263.00
1616716800,0.00
1616759998,-526.00
1617710400,0.00
1617710400,0.00
1617825597,1152.00
1617911998,1071.00
1618934400,0.00
1619020798,-530.00
1619092800,0.00
1619546398,-590.00
1619611200,0.00
1619812800,-517.00
1619812800,0.00
1619812800,0.00
1620014400,-67.00
1620014400,0.00
1620054000,0.00
1620064798,-272.00
1620064800,0.00
1620068400,-179.00
1620068400,0.00
1620385198,-262.00
1620396000,0.00
1620402297,-486.00
1620403198,1170.00
1620665997,1131.00
1620770400,0.00
1620799198,-280.00
1620842400,0.00
1620849600,0.00
1620856800,-58.00
1620856800,0.00
1620907198,-300.00
1621257298,-490.00
1622203200,0.00
1622221200,0.00
1622224798,-275.00
1622483998,-498.00
1622491200,0.00
1622631598,-291.00
1622631600,0.00
1622660400,-151.00
1622660400,0.00
1622714398,-299.00
1623171600,0.00
1623254400,-145.00
1623254400,0.00
1623261600,-115.00
1623261600,0.00
1623880797,1161.00
1623880800,0.00
1623956398,1153.00
1624046400,0.00
1624291198,-551.00
1625072400,0.00
1626174000,251.00
1626174000,0.00
1626181200,-117.00
1626181200,0.00
1626350400,-84.00
1626350400,0.00
1626357598,-273.00
1626357600,0.00
1626667200,0.00
1626885898,-560.00
1626897600,0.00
1627318800,134.00
1627318800,0.00
1627380000,-217.00
1627380000,0.00
1627401597,-275.00
1627408798,-488.00
1627423200,0.00
1627487998,-283.00
1627495200,0.00
1627509597,-274.00
1627588800,0.00
1628164800,0.00
1628264697,-739.00
1628269200,0.00
1628279998,-555.00
1628496000,0.00
1628625600,-442.00
1628625600,0.00
1628726397,-555.00
1628841600,0.00
1628874897,-500.00
1628881198,-262.00
1628884800,0.00
1629100800,0.00
1629201598,-551.00
1629350998,-679.00
1629720000,0.00
1629723600,-95.00
1629723600,0.00
1629755998,-275.00
1629979200,0.00
1630424698,-494.00
1630483200,0.00
1630612800,0.00
1630641600,-355.00
1630641600,0.00
1631030398,-563.00
1631044800,-405.00
1631044800,0.00
1631216698,-492.00
1631217600,0.00
1631664000,0.00
1631880000,0.00
1631908798,1170.00
1632139198,1185.00
1632146398,-498.00
1632398400,0.00
1632754798,1104.00
1632758400,0.00
1632946498,1104.00
1634158800,0.00
1634558400,0.00
1634659198,1228.00
1635274800,-125.00
1635274800,0.00
1635350398,-278.00
1635350400,0.00
1635354000,0.00
1635436800,-156.00
1635436800,0.00
1635530398,-289.00
1635534000,0.00
1635537598,-576.00
1635764398,-278.00
1636455600,0.00
1636466400,-127.00
1636466400,0.00
1636477198,-280.00
1637193600,0.00
1637683198,1217.00
1638259200,0.00
1638270000,0.00
1638295198,-283.00
1638295198,-500.00
1638295200,0.00
1638298798,-284.00
1639083600,0.00
1639162798,-282.00
1639162800,0.00
1639385998,-293.00
1639584000,0.00
1639612800,0.00
1639648798,-285.00
1639751398,-492.00
1639774800,0.00
1640008798,-281.00
1640016000,0.00
1640023200,-69.00
1640023200,0.00
1640116800,0.00
1640188798,-282.00
1640286000,0.00
1640710798,-314.00
1640750400,0.00
1640754000,-96.00
1640754000,0.00
1640775598,-288.00
1640793600,0.00
1640808000,0.00
1641197697,1126.00
1641232798,-333.00
1641239998,-598.00
1641294000,0.00
1641319198,-288.00
1641409200,0.00
1641419998,-288.00
1641420000,0.00
1641574798,-281.00
1641834000,0.00
1641837598,-288.00
1641837600,0.00
1641988800,0.00
1642008597,-500.00
1642010397,1188.00
1642032000,0.00
1642089600,-368.00
1642089600,0.00
1642392000,-275.00
1642392000,0.00
1642676400,0.00
1642701598,-490.00
1643083200,0.00
1643216397,-530.00
1643227200,0.00
1643234398,1212.00
1643241600,-385.00
1643241600,0.00
1643842800,0.00
1643893198,-314.00
1643907600,0.00
1644491698,1128.00
1644613198,-362.00
1644883200,0.00
1644922798,-290.00
1644926400,0.00
1645005598,-288.00
1645113600,0.00
1645128000,-185.00
1645128000,0.00
1645492499,-494.00
1645646400,0.00
1645703998,1246.00
1645804800,0.00
1646075698,-498.00
1647464400,0.00
1647539998,1180.00
1647932400,0.00
1647946798,-287.00
1647946800,0.00
1648043998,-296.00
1648069200,0.00
1648094398,-314.00
1648440000,0.00
1648468798,-287.00
1649080800,0.00
1649217598,1211.00
1650495600,0.00
1650513600,-248.00
1650513600,0.00
1650535198,-287.00
1652173200,0.00
1652180397,-287.00
1652209200,0.00
1652266797,-285.00
1652295600,0.00
1652360398,1212.00
1652864400,0.00
1652871598,-287.00
1652878800,0.00
1652896798,-287.00
1652904000,0.00
1652968798,-282.00
1654488000,0.00
1654495200,-91.00
1654495200,0.00
1654534800,-117.00
1654534800,0.00
1654700398,-283.00
1654725600,0.00
1654786797,-282.00
1655964000,0.00
1655981998,-287.00
1655989200,0.00
1655999997,-287.00
1656345600,0.00
1656359998,-575.00
1656507600,0.00
1656514797,-287.00
1658235600,0.00
1658325597,-296.00
1658358000,0.00
1658422798,-314.00
1659110400,0.00
1659112197,-500.00
1659117600,0.00
1659121200,-104.00
1659121200,0.00
1659124798,-337.00
1659124800,0.00
1659328197,1070.00
1659355200,0.00
1659470398,-665.00
1659636000,0.00
1659715198,-340.00
1659715200,0.00
1659715200,0.00
1659722397,-330.00
1659729598,-660.00
1659729600,0.00
1660075200,0.00
1660147198,1377.00
1660147198,1438.00
1660147200,0.00
1660153497,1100.00
1660161600,0.00
1660166998,-500.00
1660176000,0.00
1660232697,1100.00
1660233600,0.00
1660238998,-500.00
1660248000,0.00
1660274998,-530.00
1660276800,0.00
1660314598,-500.00
1660320000,0.00
1660338000,0.00
1660557598,-344.00
1660578297,1070.00
1660604400,0.00
1660672798,-329.00
1660766400,0.00
1660867197,1442.00
1660896000,0.00
1661141698,1102.00
1661169600,0.00
1661274898,-498.00
1661544000,0.00
1661747398,1102.00
1661994000,0.00
1662004797,-346.00
1662004800,0.00
1662051600,0.00
1662116400,-127.00
1662116400,0.00
1662133498,1102.00
1662134400,0.00
1662136197,-500.00
1662148798,-350.00
1662148800,0.00
1662148800,0.00
1662459298,1104.00
1662584398,-348.00
1662656400,0.00
1662670798,-354.00
1662670800,0.00
1662721198,1475.00
1663106400,0.00
1663145997,-352.00
1663160400,0.00
1663167598,-354.00
1663261200,0.00
1663351198,-352.00
1663351200,0.00
1663354798,-354.00
1664892000,0.00
1664920798,1486.00
1665500400,0.00
1665514798,-354.00
1665522000,0.00
1665676798,1494.00
1665698400,0.00
1665723600,-206.00
1665723600,0.00
1665737998,-354.00
1666177200,0.00
1666180797,-354.00
1666191600,0.00
1666213197,-354.00
1666828800,0.00
1666886398,-707.00
1667462400,0.00
1667466000,0.00
1667476798,-707.00
1667491200,0.00
1667505597,-707.00
1667573998,-352.00
1667577600,0.00
1667592000,0.00
1667822398,1551.00
1667854798,1475.00
1668096000,0.00
1668139200,0.00
1668157197,1476.00
1668158998,1100.00
1669608000,0.00
1669625998,-353.00
1669842000,0.00
1669910398,1449.00
1672153200,0.00
1672160398,-353.00
1672250400,0.00
1672257600,-158.00
1672257600,0.00
1672272000,-386.00
1672743600,0.00
1672765198,-353.00
1672851600,0.00
1672941598,1488.00
1673006400,0.00
1673020798,-706.00
1673236800,0.00
1673236800,0.00
1673456398,1460.00
1673539198,1526.00
1675177200,0.00
1675180797,-353.00
1675425600,0.00
1675439998,-706.00
1675440000,0.00
1675440000,0.00
1675443598,-353.00
1675713598,1546.00
1675958400,0.00
1675958400,0.00
1675963798,-500.00
1675972798,-655.00
1675972800,0.00
1676021398,-498.00
1676275200,0.00
1676389498,-498.00
1676404800,0.00
1676476798,1441.00
1677697200,0.00
1677704398,-329.00
1677762000,0.00
1677884397,-327.00
1678107600,0.00
1678211997,-339.00
1678222800,0.00
1678370397,-321.00
1678374000,0.00
1678381198,-329.00
1678464000,0.00
1678683598,1371.00
1678910400,0.00
1678913998,-329.00
1679029200,0.00
1679399998,1361.00
1679500800,0.00
1679644800,0.00
1679673597,-500.00
1680033598,1407.00
1680566400,0.00
1680592498,-500.00
1680638400,0.00
1680649200,0.00
1680717598,-338.00
1680882297,-649.00
1681311600,0.00
1681390798,1359.00
1681754400,0.00
1681801198,-329.00
1681812000,0.00
1681916397,-341.00
1682460000,0.00
1682503198,-329.00
1682539200,0.00
1682611198,-362.00
1682683200,0.00
1682911798,1102.00
1683032400,0.00
1683039598,-342.00
1683068400,0.00
1683248400,9.00
1683248400,0.00
1683252000,-152.00
1683252000,0.00
1683302398,-342.00
1683313200,0.00
1683586798,-353.00
1684728000,0.00
1685001598,1475.00
1685635200,0.00
1685736000,-510.00
1685736000,0.00
1686164400,0.00
1686167997,-702.00
1686225598,-336.00
1686236400,0.00
1686761998,1392.00
1687971600,0.00
1687975198,-342.00
1687975200,0.00
1687989597,-342.00
1688374800,0.00
1688407197,-342.00
1688666400,0.00
1688687998,-342.00
1688745600,0.00
1689055198,1414.00
1689235200,0.00
1689309898,1070.00
1689940800,0.00
1689942598,-500.00
1689955200,0.00
1689959697,-500.00
1690264800,0.00
1690408798,-353.00
1690502400,0.00
1690525797,-500.00
1690531200,0.00
1690534798,-500.00
1690790400,0.00
1690902897,1102.00
1691064000,0.00
1691092798,-716.00
1691607600,0.00
1691647200,-84.00
1691647200,0.00
1691769600,-188.00
1691769600,0.00
1692305998,1515.00
1692316800,0.00
1692705598,-728.00
1692720000,0.00
1692806398,1568.00
1693371600,0.00
1693501198,-392.00
1693504800,0.00
1693508400,-256.00
1693508400,0.00
1693583998,-356.00
1695229200,0.00
1695247198,-358.00
1695247200,0.00
1695664798,1513.00
1696618800,0.00
1696813197,-369.00
1696849200,0.00
1696870798,-358.00
1697148000,0.00
1697176800,-297.00
1697176800,0.00
1697205598,-358.00
1697655600,0.00
1697727597,-352.00
1697734800,0.00
1698127198,1470.00
1698174000,0.00
1698238797,-369.00
1698354000,0.00
1698425998,-356.00
1698433200,0.00
1698440398,-358.00
1698440400,0.00
1698674398,-356.00
1698832800,0.00
1698893998,-352.00
1698894000,0.00
1699023598,1492.00
1699372800,0.00
1699444798,-721.00
1700467200,0.00
1700537397,1070.00
1701100800,0.00
1701195298,1070.00
1701201600,0.00
1701360897,-619.00
1701374400,0.00
1701802798,1562.00
1702544400,0.00
1702583998,1557.00
1704258000,0.00
1704477597,-363.00
1705316400,0.00
1705320000,-193.00
1705320000,0.00
1705507200,0.00
1705521600,-440.00
1705521600,0.00
1705608000,0.00
1705899598,-496.00
1706032798,1567.00
1706126400,0.00
1706496297,1110.00
1706742000,0.00
1706803197,-830.00
1706810398,-365.00
1706878800,0.00
1706889598,-371.00
1706889600,0.00
1706889600,0.00
1707148798,1626.00
1707843597,1575.00
1708045200,0.00
1708099198,-371.00
1708106400,0.00
1708560000,0.00
1708599598,1487.00
1708603198,-742.00
1708603200,0.00
1708617598,-742.00
1708617600,0.00
1708689597,-748.00
1709582400,0.00
1709679600,0.00
1709855998,1606.00
1709899200,0.00
1709913598,1480.00
1710254697,-560.00
1710259200,0.00
1710437398,-619.00
1710734400,0.00
1710817200,0.00
1710833398,1102.00
1710878400,0.00
1710968398,-374.00
1711029600,0.00
1711036798,-376.00
1711036800,0.00
1711051198,-775.00
1711051200,0.00
1711627198,1593.00
1712001598,1600.00
1712206800,0.00
1712332798,-388.00
1712336400,0.00
1712339998,-376.00
1712340000,0.00
1712678400,0.00
1712764798,-412.00
1712764798,-758.00
1712786400,0.00
1712944798,1587.00
1713988800,0.00
1714514400,-286.00
1714514400,0.00
1714600798,-374.00
1714604400,0.00
1714607998,-376.00
1714608000,0.00
1714669198,-376.00
1715817600,0.00
1716894000,0.00
1716926397,1595.00
1716951599,-388.00
1716951600,0.00
1717171198,-368.00
1717178400,0.00
1717412400,-277.00
1717412400,0.00
1717437597,-376.00
1717776000,0.00
1717779600,0.00
1718207097,-494.00
1718215198,-385.00
1718308800,0.00
1718347497,1102.00
1719493200,0.00
1719503998,-395.00
1719504000,0.00
1719511200,-137.00
1719511200,0.00
1719795597,-391.00
1719936000,0.00
1719950400,0.00
1720022398,-796.00
1720022400,0.00
1720195198,1598.00
1720454398,1708.00
1721232000,0.00
1721270698,1011.00
1721790000,0.00
1721880000,0.00
1721904298,1100.00
1721908800,0.00
1721922298,-500.00
1721923200,0.00
1721924098,-500.00
1721937600,0.00
1722002398,-530.00
1722614398,-363.00
1722859200,0.00
1723550398,-822.00
1725022800,0.00
1725548397,-374.00
1726189200,0.00
1726696797,1588.00
1726722000,0.00
1727233198,1576.00
1727467200,0.00
1727733598,-399.00
1727762400,0.00
1727938798,1633.00
1728475200,0.00
1729612799,1621.00
1730293200,0.00
1730300398,-387.00
1730300400,0.00
1730303998,-387.00
1730883600,0.00
1730887198,-387.00
1731013200,0.00
1731095997,1626.00
1732730400,0.00
1732784397,-424.00
1733169600,0.00
1733205598,-530.00
1733263200,0.00
1733302798,-373.00
1733828400,0.00
1734076800,0.00
1734360297,1102.00
1734404400,125.00
1734404400,0.00
1734408000,-140.00
1734408000,0.00
1734559198,1620.00
1736179200,0.00
1736182798,-385.00
1736272800,0.00
1736524798,1629.00
1736935200,0.00
1736938800,-171.00
1736938800,0.00
1736956798,-385.00
1736967600,0.00
1737050398,-378.00
1737064800,0.00
1737107998,-397.00
1738324800,0.00
1738349998,-385.00
1738357200,0.00
1738544397,1620.00
1738771200,0.00
1738774800,0.00
1738799998,-382.00
1738813498,1011.00
1738814400,0.00
1738826997,-500.00
1738828800,0.00
1738876497,1100.00
1739390400,0.00
1739393998,-378.00
1739505600,0.00
1740139197,1623.00
1740614400,0.00
1740632400,-236.00
1740632400,0.00
1740776398,1590.00
1741024800,0.00
1741125598,1577.00
1742493600,0.00
1743033598,1596.00
1743627600,0.00
1743638398,-378.00
1745460000,0.00
1745470798,-378.00
1745870400,0.00
1745899200,-213.00
1745899200,0.00
1746089998,1596.00
1746547200,0.00
1746550800,-224.00
1746550800,0.00
1746583198,-390.00
1747803600,0.00
1747936798,-414.00
1748505600,0.00
1748516398,-500.00
1748577600,0.00
1748627098,-500.00
1750320000,0.00
1750460398,1102.00
1750953600,0.00
1750995898,-530.00
1751889600,0.00
1751984998,1102.00
1752033600,0.00
1752119998,-360.00
1753210800,0.00
1753279198,-378.00
1753315200,0.00
1753358400,-604.00
1753358400,0.00
1753459198,1606.00
1753761600,0.00
1753891198,1540.00
1754625600,0.00
1754643598,-366.00
1755619200,0.00
1755630000,-271.00
1755630000,0.00
1755885597,-356.00
1755885600,0.00
1756097998,-378.00
1756152000,0.00
1756339200,0.00
1756396798,-357.00
1756436400,0.00
1756454400,0.00
1756483198,-368.00
1756483198,-737.00
1756798198,-590.00
1756814400,0.00
1756828800,0.00
1756828800,0.00
1756832398,-371.00
1756834198,-500.00
1756836000,0.00
1756843198,-740.00
1756850398,-370.00
1756929600,0.00
1756972800,0.00
1757062798,-368.00
1757070000,0.00
1757088000,0.00
1757290497,-530.00
1757304000,0.00
1757325598,-500.00
1757332800,0.00
1757390398,1588.00
1757418297,1070.00
1757419200,0.00
1757438098,-500.00
1757595600,25.00
1757595600,0.00
1757606398,-368.00
1757682000,0.00
1758045598,1521.00
1758294000,0.00
1758301198,-368.00
1758542400,0.00
1758546000,0.00
1758722398,-395.00
1758798000,0.00
1758815097,1110.00
1758816000,0.00
1758859200,0.00
1758916798,-747.00
1759135498,-496.00
1759233597,-366.00
1759345200,0.00
1759348800,0.00
1759402798,-362.00
1759402800,0.00
1759424398,-368.00
1759466697,-619.00
1759737600,0.00
1759752000,0.00
1759764598,-500.00
1759766400,0.00
1759780798,-751.00
1759849198,1102.00
1760680800,0.00
1760713198,-377.00
1760976000,0.00
1761051600,0.00
1761134398,1648.00
1761321598,-367.00
1761595200,0.00
1761721200,-112.00
1761721200,0.00
1761760798,-377.00
1762930800,0.00
1763575198,-461.00
1763589600,0.00
1763657998,-371.00
1764270000,0.00
1764327598,-389.00
1764331200,0.00
1764777598,1549.00
1765296000,0.00
1765483198,1638.00
1767034800,0.00
1767038400,-89.00
1767038400,0.00
1767063598,-375.00
1768233600,0.00
1768292998,1102.00
1768914000,0.00
1768993198,-410.00
1769472000,0.00
1769497198,-500.00
1769500800,0.00
1769515198,1100.00
1769515200,0.00
1769543098,1100.00
1769544000,0.00
1769620498,-530.00
1770206400,0.00
1770292800,0.00
1770303598,-393.00
1770650098,-490.00
1770696000,0.00
1770740998,1100.00
1770753600,0.00
1770794098,1070.00
1770796800,0.00
1770817498,-500.00
1770825600,0.00
1770839098,1100.00
1770840000,0.00
1770851698,-500.00
1770854400,0.00
1770865200,0.00
1770886798,-384.00
1770908398,-500.00
1771470000,0.00
1771574400,0.00
1771603198,-769.00
1771811998,-380.00
1772078400,0.00
1772092800,-223.00
1772092800,0.00
1772150397,1691.00
1772420400,0.00
1772524798,1616.00
1772755200,0.00
1773029697,1102.00
1773158400,0.00
1773302400,0.00
1773323097,-500.00
1773331200,0.00
1773388798,1719.00
1773935998,-486.00
1773957600,0.00
1773982798,-407.00
1774296000,0.00
1774324798,-407.00
1774645200,0.00
1774979997,-391.00
1774980000,0.00
1774987198,-395.00
1774998000,0.00
1775109600,-272.00
1775109600,0.00
1775152800,-103.00
1775152800,0.00
1775231998,-407.00
1775584800,0.00
1775617198,1648.00
1776182400,0.00
1776355197,-815.00
1776924000,0.00
1777064397,-393.00
1777536000,0.00
1777546798,-500.00
1777564800,0.00
1777606198,-530.00
1777867200,0.00
1777903198,-393.00
1777903200,0.00
1777914000,-181.00
1777914000,0.00
1777924798,-393.00
1778011200,0.00
1778036398,-391.00
1778205600,0.00
1778673598,-429.00
1778680800,0.00
1779206400,0.00
1779209998,1684.00
1779915600,0.00
1779926400,-123.00
1779926400,0.00
1779969600,0.00
1779984000,-233.00
1779984000,0.00
1779998398,-796.00
1780333198,-425.00
1780434000,0.00
1780585198,-391.00
1780585200,0.00
1780596000,-210.00
1780596000,0.00
1780675198,1138.00
1780689597,1684.00
1781553600,0.00
1781596798,-414.00
1781712000,0.00
1781733597,-401.00
1781733600,0.00
1781855998,1691.00
