proposal_id,family,description,parameter_json
S2001,S01_window,第2レンジ 9-11時（締切20h・決済23h）,"{""Sca2BoostMult"": 2.0, ""Sca2Buffer"": 0.05, ""Sca2Enable"": true, ""Sca2ForceClose"": 23, ""Sca2Lot"": 0.01, ""Sca2MaxRange"": 1.0, ""Sca2MinRange"": 0.4, ""Sca2RR"": 1.7, ""Sca2RangeEnd"": 11, ""Sca2RangeStart"": 9, ""Sca2RevBoost"": true, ""Sca2SkipFriday"": true, ""Sca2TradeEnd"": 20}"
S2002,S01_window,第2レンジ 9-12時（締切20h・決済23h）,"{""Sca2BoostMult"": 2.0, ""Sca2Buffer"": 0.05, ""Sca2Enable"": true, ""Sca2ForceClose"": 23, ""Sca2Lot"": 0.01, ""Sca2MaxRange"": 1.0, ""Sca2MinRange"": 0.4, ""Sca2RR"": 1.7, ""Sca2RangeEnd"": 12, ""Sca2RangeStart"": 9, ""Sca2RevBoost"": true, ""Sca2SkipFriday"": true, ""Sca2TradeEnd"": 20}"
S2003,S01_window,第2レンジ 9-13時（締切20h・決済23h）,"{""Sca2BoostMult"": 2.0, ""Sca2Buffer"": 0.05, ""Sca2Enable"": true, ""Sca2ForceClose"": 23, ""Sca2Lot"": 0.01, ""Sca2MaxRange"": 1.0, ""Sca2MinRange"": 0.4, ""Sca2RR"": 1.7, ""Sca2RangeEnd"": 13, ""Sca2RangeStart"": 9, ""Sca2RevBoost"": true, ""Sca2SkipFriday"": true, ""Sca2TradeEnd"": 20}"
S2004,S01_window,第2レンジ 11-13時（締切20h・決済23h）,"{""Sca2BoostMult"": 2.0, ""Sca2Buffer"": 0.05, ""Sca2Enable"": true, ""Sca2ForceClose"": 23, ""Sca2Lot"": 0.01, ""Sca2MaxRange"": 1.0, ""Sca2MinRange"": 0.4, ""Sca2RR"": 1.7, ""Sca2RangeEnd"": 13, ""Sca2RangeStart"": 11, ""Sca2RevBoost"": true, ""Sca2SkipFriday"": true, ""Sca2TradeEnd"": 20}"
S2005,S01_window,第2レンジ 11-14時（締切20h・決済23h）,"{""Sca2BoostMult"": 2.0, ""Sca2Buffer"": 0.05, ""Sca2Enable"": true, ""Sca2ForceClose"": 23, ""Sca2Lot"": 0.01, ""Sca2MaxRange"": 1.0, ""Sca2MinRange"": 0.4, ""Sca2RR"": 1.7, ""Sca2RangeEnd"": 14, ""Sca2RangeStart"": 11, ""Sca2RevBoost"": true, ""Sca2SkipFriday"": true, ""Sca2TradeEnd"": 20}"
S2006,S01_window,第2レンジ 11-15時（締切20h・決済23h）,"{""Sca2BoostMult"": 2.0, ""Sca2Buffer"": 0.05, ""Sca2Enable"": true, ""Sca2ForceClose"": 23, ""Sca2Lot"": 0.01, ""Sca2MaxRange"": 1.0, ""Sca2MinRange"": 0.4, ""Sca2RR"": 1.7, ""Sca2RangeEnd"": 15, ""Sca2RangeStart"": 11, ""Sca2RevBoost"": true, ""Sca2SkipFriday"": true, ""Sca2TradeEnd"": 20}"
S2007,S01_window,第2レンジ 12-14時（締切20h・決済23h）,"{""Sca2BoostMult"": 2.0, ""Sca2Buffer"": 0.05, ""Sca2Enable"": true, ""Sca2ForceClose"": 23, ""Sca2Lot"": 0.01, ""Sca2MaxRange"": 1.0, ""Sca2MinRange"": 0.4, ""Sca2RR"": 1.7, ""Sca2RangeEnd"": 14, ""Sca2RangeStart"": 12, ""Sca2RevBoost"": true, ""Sca2SkipFriday"": true, ""Sca2TradeEnd"": 20}"
S2008,S01_window,第2レンジ 12-15時（締切20h・決済23h）,"{""Sca2BoostMult"": 2.0, ""Sca2Buffer"": 0.05, ""Sca2Enable"": true, ""Sca2ForceClose"": 23, ""Sca2Lot"": 0.01, ""Sca2MaxRange"": 1.0, ""Sca2MinRange"": 0.4, ""Sca2RR"": 1.7, ""Sca2RangeEnd"": 15, ""Sca2RangeStart"": 12, ""Sca2RevBoost"": true, ""Sca2SkipFriday"": true, ""Sca2TradeEnd"": 20}"
S2009,S01_window,第2レンジ 12-16時（締切20h・決済23h）,"{""Sca2BoostMult"": 2.0, ""Sca2Buffer"": 0.05, ""Sca2Enable"": true, ""Sca2ForceClose"": 23, ""Sca2Lot"": 0.01, ""Sca2MaxRange"": 1.0, ""Sca2MinRange"": 0.4, ""Sca2RR"": 1.7, ""Sca2RangeEnd"": 16, ""Sca2RangeStart"": 12, ""Sca2RevBoost"": true, ""Sca2SkipFriday"": true, ""Sca2TradeEnd"": 20}"
S2010,S01_window,第2レンジ 13-15時（締切20h・決済23h）,"{""Sca2BoostMult"": 2.0, ""Sca2Buffer"": 0.05, ""Sca2Enable"": true, ""Sca2ForceClose"": 23, ""Sca2Lot"": 0.01, ""Sca2MaxRange"": 1.0, ""Sca2MinRange"": 0.4, ""Sca2RR"": 1.7, ""Sca2RangeEnd"": 15, ""Sca2RangeStart"": 13, ""Sca2RevBoost"": true, ""Sca2SkipFriday"": true, ""Sca2TradeEnd"": 20}"
S2011,S01_window,第2レンジ 13-16時（締切20h・決済23h）,"{""Sca2BoostMult"": 2.0, ""Sca2Buffer"": 0.05, ""Sca2Enable"": true, ""Sca2ForceClose"": 23, ""Sca2Lot"": 0.01, ""Sca2MaxRange"": 1.0, ""Sca2MinRange"": 0.4, ""Sca2RR"": 1.7, ""Sca2RangeEnd"": 16, ""Sca2RangeStart"": 13, ""Sca2RevBoost"": true, ""Sca2SkipFriday"": true, ""Sca2TradeEnd"": 20}"
S2012,S01_window,第2レンジ 13-17時（締切20h・決済23h）,"{""Sca2BoostMult"": 2.0, ""Sca2Buffer"": 0.05, ""Sca2Enable"": true, ""Sca2ForceClose"": 23, ""Sca2Lot"": 0.01, ""Sca2MaxRange"": 1.0, ""Sca2MinRange"": 0.4, ""Sca2RR"": 1.7, ""Sca2RangeEnd"": 17, ""Sca2RangeStart"": 13, ""Sca2RevBoost"": true, ""Sca2SkipFriday"": true, ""Sca2TradeEnd"": 20}"
S2013,S01_window,第2レンジ 14-16時（締切20h・決済23h）,"{""Sca2BoostMult"": 2.0, ""Sca2Buffer"": 0.05, ""Sca2Enable"": true, ""Sca2ForceClose"": 23, ""Sca2Lot"": 0.01, ""Sca2MaxRange"": 1.0, ""Sca2MinRange"": 0.4, ""Sca2RR"": 1.7, ""Sca2RangeEnd"": 16, ""Sca2RangeStart"": 14, ""Sca2RevBoost"": true, ""Sca2SkipFriday"": true, ""Sca2TradeEnd"": 20}"
S2014,S01_window,第2レンジ 14-17時（締切20h・決済23h）,"{""Sca2BoostMult"": 2.0, ""Sca2Buffer"": 0.05, ""Sca2Enable"": true, ""Sca2ForceClose"": 23, ""Sca2Lot"": 0.01, ""Sca2MaxRange"": 1.0, ""Sca2MinRange"": 0.4, ""Sca2RR"": 1.7, ""Sca2RangeEnd"": 17, ""Sca2RangeStart"": 14, ""Sca2RevBoost"": true, ""Sca2SkipFriday"": true, ""Sca2TradeEnd"": 20}"
S2015,S01_window,第2レンジ 15-17時（締切20h・決済23h）,"{""Sca2BoostMult"": 2.0, ""Sca2Buffer"": 0.05, ""Sca2Enable"": true, ""Sca2ForceClose"": 23, ""Sca2Lot"": 0.01, ""Sca2MaxRange"": 1.0, ""Sca2MinRange"": 0.4, ""Sca2RR"": 1.7, ""Sca2RangeEnd"": 17, ""Sca2RangeStart"": 15, ""Sca2RevBoost"": true, ""Sca2SkipFriday"": true, ""Sca2TradeEnd"": 20}"
S2016,S01_window,第2レンジ 15-18時（締切20h・決済23h）,"{""Sca2BoostMult"": 2.0, ""Sca2Buffer"": 0.05, ""Sca2Enable"": true, ""Sca2ForceClose"": 23, ""Sca2Lot"": 0.01, ""Sca2MaxRange"": 1.0, ""Sca2MinRange"": 0.4, ""Sca2RR"": 1.7, ""Sca2RangeEnd"": 18, ""Sca2RangeStart"": 15, ""Sca2RevBoost"": true, ""Sca2SkipFriday"": true, ""Sca2TradeEnd"": 20}"
S2017,S02_timing,第2レンジ13-15時・締切17h・強制決済20h,"{""Sca2BoostMult"": 2.0, ""Sca2Buffer"": 0.05, ""Sca2Enable"": true, ""Sca2ForceClose"": 20, ""Sca2Lot"": 0.01, ""Sca2MaxRange"": 1.0, ""Sca2MinRange"": 0.4, ""Sca2RR"": 1.7, ""Sca2RangeEnd"": 15, ""Sca2RangeStart"": 13, ""Sca2RevBoost"": true, ""Sca2SkipFriday"": true, ""Sca2TradeEnd"": 17}"
S2018,S02_timing,第2レンジ13-15時・締切17h・強制決済22h,"{""Sca2BoostMult"": 2.0, ""Sca2Buffer"": 0.05, ""Sca2Enable"": true, ""Sca2ForceClose"": 22, ""Sca2Lot"": 0.01, ""Sca2MaxRange"": 1.0, ""Sca2MinRange"": 0.4, ""Sca2RR"": 1.7, ""Sca2RangeEnd"": 15, ""Sca2RangeStart"": 13, ""Sca2RevBoost"": true, ""Sca2SkipFriday"": true, ""Sca2TradeEnd"": 17}"
S2019,S02_timing,第2レンジ13-15時・締切18h・強制決済21h,"{""Sca2BoostMult"": 2.0, ""Sca2Buffer"": 0.05, ""Sca2Enable"": true, ""Sca2ForceClose"": 21, ""Sca2Lot"": 0.01, ""Sca2MaxRange"": 1.0, ""Sca2MinRange"": 0.4, ""Sca2RR"": 1.7, ""Sca2RangeEnd"": 15, ""Sca2RangeStart"": 13, ""Sca2RevBoost"": true, ""Sca2SkipFriday"": true, ""Sca2TradeEnd"": 18}"
S2020,S02_timing,第2レンジ13-15時・締切18h・強制決済23h,"{""Sca2BoostMult"": 2.0, ""Sca2Buffer"": 0.05, ""Sca2Enable"": true, ""Sca2ForceClose"": 23, ""Sca2Lot"": 0.01, ""Sca2MaxRange"": 1.0, ""Sca2MinRange"": 0.4, ""Sca2RR"": 1.7, ""Sca2RangeEnd"": 15, ""Sca2RangeStart"": 13, ""Sca2RevBoost"": true, ""Sca2SkipFriday"": true, ""Sca2TradeEnd"": 18}"
S2021,S02_timing,第2レンジ13-15時・締切19h・強制決済22h,"{""Sca2BoostMult"": 2.0, ""Sca2Buffer"": 0.05, ""Sca2Enable"": true, ""Sca2ForceClose"": 22, ""Sca2Lot"": 0.01, ""Sca2MaxRange"": 1.0, ""Sca2MinRange"": 0.4, ""Sca2RR"": 1.7, ""Sca2RangeEnd"": 15, ""Sca2RangeStart"": 13, ""Sca2RevBoost"": true, ""Sca2SkipFriday"": true, ""Sca2TradeEnd"": 19}"
S2022,S02_timing,第2レンジ13-15時・締切19h・強制決済23h,"{""Sca2BoostMult"": 2.0, ""Sca2Buffer"": 0.05, ""Sca2Enable"": true, ""Sca2ForceClose"": 23, ""Sca2Lot"": 0.01, ""Sca2MaxRange"": 1.0, ""Sca2MinRange"": 0.4, ""Sca2RR"": 1.7, ""Sca2RangeEnd"": 15, ""Sca2RangeStart"": 13, ""Sca2RevBoost"": true, ""Sca2SkipFriday"": true, ""Sca2TradeEnd"": 19}"
S2023,S02_timing,第2レンジ13-15時・締切20h・強制決済22h,"{""Sca2BoostMult"": 2.0, ""Sca2Buffer"": 0.05, ""Sca2Enable"": true, ""Sca2ForceClose"": 22, ""Sca2Lot"": 0.01, ""Sca2MaxRange"": 1.0, ""Sca2MinRange"": 0.4, ""Sca2RR"": 1.7, ""Sca2RangeEnd"": 15, ""Sca2RangeStart"": 13, ""Sca2RevBoost"": true, ""Sca2SkipFriday"": true, ""Sca2TradeEnd"": 20}"
S2024,S02_timing,第2レンジ13-15時・締切21h・強制決済23h,"{""Sca2BoostMult"": 2.0, ""Sca2Buffer"": 0.05, ""Sca2Enable"": true, ""Sca2ForceClose"": 23, ""Sca2Lot"": 0.01, ""Sca2MaxRange"": 1.0, ""Sca2MinRange"": 0.4, ""Sca2RR"": 1.7, ""Sca2RangeEnd"": 15, ""Sca2RangeStart"": 13, ""Sca2RevBoost"": true, ""Sca2SkipFriday"": true, ""Sca2TradeEnd"": 21}"
S2025,S02_timing,第2レンジ13-15時・締切16h・強制決済19h,"{""Sca2BoostMult"": 2.0, ""Sca2Buffer"": 0.05, ""Sca2Enable"": true, ""Sca2ForceClose"": 19, ""Sca2Lot"": 0.01, ""Sca2MaxRange"": 1.0, ""Sca2MinRange"": 0.4, ""Sca2RR"": 1.7, ""Sca2RangeEnd"": 15, ""Sca2RangeStart"": 13, ""Sca2RevBoost"": true, ""Sca2SkipFriday"": true, ""Sca2TradeEnd"": 16}"
S2026,S02_timing,第2レンジ13-15時・締切16h・強制決済22h,"{""Sca2BoostMult"": 2.0, ""Sca2Buffer"": 0.05, ""Sca2Enable"": true, ""Sca2ForceClose"": 22, ""Sca2Lot"": 0.01, ""Sca2MaxRange"": 1.0, ""Sca2MinRange"": 0.4, ""Sca2RR"": 1.7, ""Sca2RangeEnd"": 15, ""Sca2RangeStart"": 13, ""Sca2RevBoost"": true, ""Sca2SkipFriday"": true, ""Sca2TradeEnd"": 16}"
S2027,S02_timing,第2レンジ13-15時・締切22h・強制決済23h,"{""Sca2BoostMult"": 2.0, ""Sca2Buffer"": 0.05, ""Sca2Enable"": true, ""Sca2ForceClose"": 23, ""Sca2Lot"": 0.01, ""Sca2MaxRange"": 1.0, ""Sca2MinRange"": 0.4, ""Sca2RR"": 1.7, ""Sca2RangeEnd"": 15, ""Sca2RangeStart"": 13, ""Sca2RevBoost"": true, ""Sca2SkipFriday"": true, ""Sca2TradeEnd"": 22}"
S2028,S03_range_filter,レンジ幅 0.2〜1.0ATR（既定0.40〜1.00）,"{""Sca2BoostMult"": 2.0, ""Sca2Buffer"": 0.05, ""Sca2Enable"": true, ""Sca2ForceClose"": 23, ""Sca2Lot"": 0.01, ""Sca2MaxRange"": 1.0, ""Sca2MinRange"": 0.2, ""Sca2RR"": 1.7, ""Sca2RangeEnd"": 15, ""Sca2RangeStart"": 13, ""Sca2RevBoost"": true, ""Sca2SkipFriday"": true, ""Sca2TradeEnd"": 20}"
S2029,S03_range_filter,レンジ幅 0.3〜1.0ATR（既定0.40〜1.00）,"{""Sca2BoostMult"": 2.0, ""Sca2Buffer"": 0.05, ""Sca2Enable"": true, ""Sca2ForceClose"": 23, ""Sca2Lot"": 0.01, ""Sca2MaxRange"": 1.0, ""Sca2MinRange"": 0.3, ""Sca2RR"": 1.7, ""Sca2RangeEnd"": 15, ""Sca2RangeStart"": 13, ""Sca2RevBoost"": true, ""Sca2SkipFriday"": true, ""Sca2TradeEnd"": 20}"
S2030,S03_range_filter,レンジ幅 0.5〜1.0ATR（既定0.40〜1.00）,"{""Sca2BoostMult"": 2.0, ""Sca2Buffer"": 0.05, ""Sca2Enable"": true, ""Sca2ForceClose"": 23, ""Sca2Lot"": 0.01, ""Sca2MaxRange"": 1.0, ""Sca2MinRange"": 0.5, ""Sca2RR"": 1.7, ""Sca2RangeEnd"": 15, ""Sca2RangeStart"": 13, ""Sca2RevBoost"": true, ""Sca2SkipFriday"": true, ""Sca2TradeEnd"": 20}"
S2031,S03_range_filter,レンジ幅 0.6〜1.2ATR（既定0.40〜1.00）,"{""Sca2BoostMult"": 2.0, ""Sca2Buffer"": 0.05, ""Sca2Enable"": true, ""Sca2ForceClose"": 23, ""Sca2Lot"": 0.01, ""Sca2MaxRange"": 1.2, ""Sca2MinRange"": 0.6, ""Sca2RR"": 1.7, ""Sca2RangeEnd"": 15, ""Sca2RangeStart"": 13, ""Sca2RevBoost"": true, ""Sca2SkipFriday"": true, ""Sca2TradeEnd"": 20}"
S2032,S03_range_filter,レンジ幅 0.4〜0.8ATR（既定0.40〜1.00）,"{""Sca2BoostMult"": 2.0, ""Sca2Buffer"": 0.05, ""Sca2Enable"": true, ""Sca2ForceClose"": 23, ""Sca2Lot"": 0.01, ""Sca2MaxRange"": 0.8, ""Sca2MinRange"": 0.4, ""Sca2RR"": 1.7, ""Sca2RangeEnd"": 15, ""Sca2RangeStart"": 13, ""Sca2RevBoost"": true, ""Sca2SkipFriday"": true, ""Sca2TradeEnd"": 20}"
S2033,S03_range_filter,レンジ幅 0.4〜1.5ATR（既定0.40〜1.00）,"{""Sca2BoostMult"": 2.0, ""Sca2Buffer"": 0.05, ""Sca2Enable"": true, ""Sca2ForceClose"": 23, ""Sca2Lot"": 0.01, ""Sca2MaxRange"": 1.5, ""Sca2MinRange"": 0.4, ""Sca2RR"": 1.7, ""Sca2RangeEnd"": 15, ""Sca2RangeStart"": 13, ""Sca2RevBoost"": true, ""Sca2SkipFriday"": true, ""Sca2TradeEnd"": 20}"
S2034,S03_range_filter,レンジ幅 0.4〜2.0ATR（既定0.40〜1.00）,"{""Sca2BoostMult"": 2.0, ""Sca2Buffer"": 0.05, ""Sca2Enable"": true, ""Sca2ForceClose"": 23, ""Sca2Lot"": 0.01, ""Sca2MaxRange"": 2.0, ""Sca2MinRange"": 0.4, ""Sca2RR"": 1.7, ""Sca2RangeEnd"": 15, ""Sca2RangeStart"": 13, ""Sca2RevBoost"": true, ""Sca2SkipFriday"": true, ""Sca2TradeEnd"": 20}"
S2035,S03_range_filter,レンジ幅 0.25〜0.75ATR（既定0.40〜1.00）,"{""Sca2BoostMult"": 2.0, ""Sca2Buffer"": 0.05, ""Sca2Enable"": true, ""Sca2ForceClose"": 23, ""Sca2Lot"": 0.01, ""Sca2MaxRange"": 0.75, ""Sca2MinRange"": 0.25, ""Sca2RR"": 1.7, ""Sca2RangeEnd"": 15, ""Sca2RangeStart"": 13, ""Sca2RevBoost"": true, ""Sca2SkipFriday"": true, ""Sca2TradeEnd"": 20}"
S2036,S03_range_filter,レンジ幅 0.3〜1.5ATR（既定0.40〜1.00）,"{""Sca2BoostMult"": 2.0, ""Sca2Buffer"": 0.05, ""Sca2Enable"": true, ""Sca2ForceClose"": 23, ""Sca2Lot"": 0.01, ""Sca2MaxRange"": 1.5, ""Sca2MinRange"": 0.3, ""Sca2RR"": 1.7, ""Sca2RangeEnd"": 15, ""Sca2RangeStart"": 13, ""Sca2RevBoost"": true, ""Sca2SkipFriday"": true, ""Sca2TradeEnd"": 20}"
S2037,S03_range_filter,レンジ幅 0.5〜2.0ATR（既定0.40〜1.00）,"{""Sca2BoostMult"": 2.0, ""Sca2Buffer"": 0.05, ""Sca2Enable"": true, ""Sca2ForceClose"": 23, ""Sca2Lot"": 0.01, ""Sca2MaxRange"": 2.0, ""Sca2MinRange"": 0.5, ""Sca2RR"": 1.7, ""Sca2RangeEnd"": 15, ""Sca2RangeStart"": 13, ""Sca2RevBoost"": true, ""Sca2SkipFriday"": true, ""Sca2TradeEnd"": 20}"
S2038,S04_rr,第2セッションのRRを1.0に（既定1.7）,"{""Sca2BoostMult"": 2.0, ""Sca2Buffer"": 0.05, ""Sca2Enable"": true, ""Sca2ForceClose"": 23, ""Sca2Lot"": 0.01, ""Sca2MaxRange"": 1.0, ""Sca2MinRange"": 0.4, ""Sca2RR"": 1.0, ""Sca2RangeEnd"": 15, ""Sca2RangeStart"": 13, ""Sca2RevBoost"": true, ""Sca2SkipFriday"": true, ""Sca2TradeEnd"": 20}"
S2039,S04_rr,第2セッションのRRを1.3に（既定1.7）,"{""Sca2BoostMult"": 2.0, ""Sca2Buffer"": 0.05, ""Sca2Enable"": true, ""Sca2ForceClose"": 23, ""Sca2Lot"": 0.01, ""Sca2MaxRange"": 1.0, ""Sca2MinRange"": 0.4, ""Sca2RR"": 1.3, ""Sca2RangeEnd"": 15, ""Sca2RangeStart"": 13, ""Sca2RevBoost"": true, ""Sca2SkipFriday"": true, ""Sca2TradeEnd"": 20}"
S2040,S04_rr,第2セッションのRRを1.5に（既定1.7）,"{""Sca2BoostMult"": 2.0, ""Sca2Buffer"": 0.05, ""Sca2Enable"": true, ""Sca2ForceClose"": 23, ""Sca2Lot"": 0.01, ""Sca2MaxRange"": 1.0, ""Sca2MinRange"": 0.4, ""Sca2RR"": 1.5, ""Sca2RangeEnd"": 15, ""Sca2RangeStart"": 13, ""Sca2RevBoost"": true, ""Sca2SkipFriday"": true, ""Sca2TradeEnd"": 20}"
S2041,S04_rr,第2セッションのRRを2.0に（既定1.7）,"{""Sca2BoostMult"": 2.0, ""Sca2Buffer"": 0.05, ""Sca2Enable"": true, ""Sca2ForceClose"": 23, ""Sca2Lot"": 0.01, ""Sca2MaxRange"": 1.0, ""Sca2MinRange"": 0.4, ""Sca2RR"": 2.0, ""Sca2RangeEnd"": 15, ""Sca2RangeStart"": 13, ""Sca2RevBoost"": true, ""Sca2SkipFriday"": true, ""Sca2TradeEnd"": 20}"
S2042,S04_rr,第2セッションのRRを2.5に（既定1.7）,"{""Sca2BoostMult"": 2.0, ""Sca2Buffer"": 0.05, ""Sca2Enable"": true, ""Sca2ForceClose"": 23, ""Sca2Lot"": 0.01, ""Sca2MaxRange"": 1.0, ""Sca2MinRange"": 0.4, ""Sca2RR"": 2.5, ""Sca2RangeEnd"": 15, ""Sca2RangeStart"": 13, ""Sca2RevBoost"": true, ""Sca2SkipFriday"": true, ""Sca2TradeEnd"": 20}"
S2043,S04_rr,第2セッションのRRを3.0に（既定1.7）,"{""Sca2BoostMult"": 2.0, ""Sca2Buffer"": 0.05, ""Sca2Enable"": true, ""Sca2ForceClose"": 23, ""Sca2Lot"": 0.01, ""Sca2MaxRange"": 1.0, ""Sca2MinRange"": 0.4, ""Sca2RR"": 3.0, ""Sca2RangeEnd"": 15, ""Sca2RangeStart"": 13, ""Sca2RevBoost"": true, ""Sca2SkipFriday"": true, ""Sca2TradeEnd"": 20}"
S2044,S04_rr,第2セッションのRRを4.0に（既定1.7）,"{""Sca2BoostMult"": 2.0, ""Sca2Buffer"": 0.05, ""Sca2Enable"": true, ""Sca2ForceClose"": 23, ""Sca2Lot"": 0.01, ""Sca2MaxRange"": 1.0, ""Sca2MinRange"": 0.4, ""Sca2RR"": 4.0, ""Sca2RangeEnd"": 15, ""Sca2RangeStart"": 13, ""Sca2RevBoost"": true, ""Sca2SkipFriday"": true, ""Sca2TradeEnd"": 20}"
S2045,S04_rr,第2セッションのRRを5.0に（既定1.7）,"{""Sca2BoostMult"": 2.0, ""Sca2Buffer"": 0.05, ""Sca2Enable"": true, ""Sca2ForceClose"": 23, ""Sca2Lot"": 0.01, ""Sca2MaxRange"": 1.0, ""Sca2MinRange"": 0.4, ""Sca2RR"": 5.0, ""Sca2RangeEnd"": 15, ""Sca2RangeStart"": 13, ""Sca2RevBoost"": true, ""Sca2SkipFriday"": true, ""Sca2TradeEnd"": 20}"
S2046,S05_buffer,ブレイクバッファ 0.0ATR（既定0.05）,"{""Sca2BoostMult"": 2.0, ""Sca2Buffer"": 0.0, ""Sca2Enable"": true, ""Sca2ForceClose"": 23, ""Sca2Lot"": 0.01, ""Sca2MaxRange"": 1.0, ""Sca2MinRange"": 0.4, ""Sca2RR"": 1.7, ""Sca2RangeEnd"": 15, ""Sca2RangeStart"": 13, ""Sca2RevBoost"": true, ""Sca2SkipFriday"": true, ""Sca2TradeEnd"": 20}"
S2047,S05_buffer,ブレイクバッファ 0.02ATR（既定0.05）,"{""Sca2BoostMult"": 2.0, ""Sca2Buffer"": 0.02, ""Sca2Enable"": true, ""Sca2ForceClose"": 23, ""Sca2Lot"": 0.01, ""Sca2MaxRange"": 1.0, ""Sca2MinRange"": 0.4, ""Sca2RR"": 1.7, ""Sca2RangeEnd"": 15, ""Sca2RangeStart"": 13, ""Sca2RevBoost"": true, ""Sca2SkipFriday"": true, ""Sca2TradeEnd"": 20}"
S2048,S05_buffer,ブレイクバッファ 0.1ATR（既定0.05）,"{""Sca2BoostMult"": 2.0, ""Sca2Buffer"": 0.1, ""Sca2Enable"": true, ""Sca2ForceClose"": 23, ""Sca2Lot"": 0.01, ""Sca2MaxRange"": 1.0, ""Sca2MinRange"": 0.4, ""Sca2RR"": 1.7, ""Sca2RangeEnd"": 15, ""Sca2RangeStart"": 13, ""Sca2RevBoost"": true, ""Sca2SkipFriday"": true, ""Sca2TradeEnd"": 20}"
S2049,S05_buffer,ブレイクバッファ 0.15ATR（既定0.05）,"{""Sca2BoostMult"": 2.0, ""Sca2Buffer"": 0.15, ""Sca2Enable"": true, ""Sca2ForceClose"": 23, ""Sca2Lot"": 0.01, ""Sca2MaxRange"": 1.0, ""Sca2MinRange"": 0.4, ""Sca2RR"": 1.7, ""Sca2RangeEnd"": 15, ""Sca2RangeStart"": 13, ""Sca2RevBoost"": true, ""Sca2SkipFriday"": true, ""Sca2TradeEnd"": 20}"
S2050,S05_buffer,ブレイクバッファ 0.2ATR（既定0.05）,"{""Sca2BoostMult"": 2.0, ""Sca2Buffer"": 0.2, ""Sca2Enable"": true, ""Sca2ForceClose"": 23, ""Sca2Lot"": 0.01, ""Sca2MaxRange"": 1.0, ""Sca2MinRange"": 0.4, ""Sca2RR"": 1.7, ""Sca2RangeEnd"": 15, ""Sca2RangeStart"": 13, ""Sca2RevBoost"": true, ""Sca2SkipFriday"": true, ""Sca2TradeEnd"": 20}"
S2051,S05_buffer,ブレイクバッファ 0.3ATR（既定0.05）,"{""Sca2BoostMult"": 2.0, ""Sca2Buffer"": 0.3, ""Sca2Enable"": true, ""Sca2ForceClose"": 23, ""Sca2Lot"": 0.01, ""Sca2MaxRange"": 1.0, ""Sca2MinRange"": 0.4, ""Sca2RR"": 1.7, ""Sca2RangeEnd"": 15, ""Sca2RangeStart"": 13, ""Sca2RevBoost"": true, ""Sca2SkipFriday"": true, ""Sca2TradeEnd"": 20}"
S2052,S06_boost,Boostなし（等ロット）,"{""Sca2BoostMult"": 2.0, ""Sca2Buffer"": 0.05, ""Sca2Enable"": true, ""Sca2ForceClose"": 23, ""Sca2Lot"": 0.01, ""Sca2MaxRange"": 1.0, ""Sca2MinRange"": 0.4, ""Sca2RR"": 1.7, ""Sca2RangeEnd"": 15, ""Sca2RangeStart"": 13, ""Sca2RevBoost"": false, ""Sca2SkipFriday"": true, ""Sca2TradeEnd"": 20}"
S2053,S06_boost,Boost倍率 1.5（既定2.0）,"{""Sca2BoostMult"": 1.5, ""Sca2Buffer"": 0.05, ""Sca2Enable"": true, ""Sca2ForceClose"": 23, ""Sca2Lot"": 0.01, ""Sca2MaxRange"": 1.0, ""Sca2MinRange"": 0.4, ""Sca2RR"": 1.7, ""Sca2RangeEnd"": 15, ""Sca2RangeStart"": 13, ""Sca2RevBoost"": true, ""Sca2SkipFriday"": true, ""Sca2TradeEnd"": 20}"
S2054,S06_boost,Boost倍率 2.5（既定2.0）,"{""Sca2BoostMult"": 2.5, ""Sca2Buffer"": 0.05, ""Sca2Enable"": true, ""Sca2ForceClose"": 23, ""Sca2Lot"": 0.01, ""Sca2MaxRange"": 1.0, ""Sca2MinRange"": 0.4, ""Sca2RR"": 1.7, ""Sca2RangeEnd"": 15, ""Sca2RangeStart"": 13, ""Sca2RevBoost"": true, ""Sca2SkipFriday"": true, ""Sca2TradeEnd"": 20}"
S2055,S06_boost,Boost倍率 3.0（既定2.0）,"{""Sca2BoostMult"": 3.0, ""Sca2Buffer"": 0.05, ""Sca2Enable"": true, ""Sca2ForceClose"": 23, ""Sca2Lot"": 0.01, ""Sca2MaxRange"": 1.0, ""Sca2MinRange"": 0.4, ""Sca2RR"": 1.7, ""Sca2RangeEnd"": 15, ""Sca2RangeStart"": 13, ""Sca2RevBoost"": true, ""Sca2SkipFriday"": true, ""Sca2TradeEnd"": 20}"
S2056,S06_boost,Boost倍率 4.0（既定2.0）,"{""Sca2BoostMult"": 4.0, ""Sca2Buffer"": 0.05, ""Sca2Enable"": true, ""Sca2ForceClose"": 23, ""Sca2Lot"": 0.01, ""Sca2MaxRange"": 1.0, ""Sca2MinRange"": 0.4, ""Sca2RR"": 1.7, ""Sca2RangeEnd"": 15, ""Sca2RangeStart"": 13, ""Sca2RevBoost"": true, ""Sca2SkipFriday"": true, ""Sca2TradeEnd"": 20}"
S2057,S06_boost,Boostなし＋金曜も取引,"{""Sca2BoostMult"": 2.0, ""Sca2Buffer"": 0.05, ""Sca2Enable"": true, ""Sca2ForceClose"": 23, ""Sca2Lot"": 0.01, ""Sca2MaxRange"": 1.0, ""Sca2MinRange"": 0.4, ""Sca2RR"": 1.7, ""Sca2RangeEnd"": 15, ""Sca2RangeStart"": 13, ""Sca2RevBoost"": false, ""Sca2SkipFriday"": false, ""Sca2TradeEnd"": 20}"
S2058,S07_friday,金曜も取引する（既定はスキップ）,"{""Sca2BoostMult"": 2.0, ""Sca2Buffer"": 0.05, ""Sca2Enable"": true, ""Sca2ForceClose"": 23, ""Sca2Lot"": 0.01, ""Sca2MaxRange"": 1.0, ""Sca2MinRange"": 0.4, ""Sca2RR"": 1.7, ""Sca2RangeEnd"": 15, ""Sca2RangeStart"": 13, ""Sca2RevBoost"": true, ""Sca2SkipFriday"": false, ""Sca2TradeEnd"": 20}"
S2059,S08_window_x_rr,第2レンジ11-13時 × RR1.3,"{""Sca2BoostMult"": 2.0, ""Sca2Buffer"": 0.05, ""Sca2Enable"": true, ""Sca2ForceClose"": 23, ""Sca2Lot"": 0.01, ""Sca2MaxRange"": 1.0, ""Sca2MinRange"": 0.4, ""Sca2RR"": 1.3, ""Sca2RangeEnd"": 13, ""Sca2RangeStart"": 11, ""Sca2RevBoost"": true, ""Sca2SkipFriday"": true, ""Sca2TradeEnd"": 20}"
S2060,S08_window_x_rr,第2レンジ11-13時 × RR2.0,"{""Sca2BoostMult"": 2.0, ""Sca2Buffer"": 0.05, ""Sca2Enable"": true, ""Sca2ForceClose"": 23, ""Sca2Lot"": 0.01, ""Sca2MaxRange"": 1.0, ""Sca2MinRange"": 0.4, ""Sca2RR"": 2.0, ""Sca2RangeEnd"": 13, ""Sca2RangeStart"": 11, ""Sca2RevBoost"": true, ""Sca2SkipFriday"": true, ""Sca2TradeEnd"": 20}"
S2061,S08_window_x_rr,第2レンジ11-13時 × RR2.5,"{""Sca2BoostMult"": 2.0, ""Sca2Buffer"": 0.05, ""Sca2Enable"": true, ""Sca2ForceClose"": 23, ""Sca2Lot"": 0.01, ""Sca2MaxRange"": 1.0, ""Sca2MinRange"": 0.4, ""Sca2RR"": 2.5, ""Sca2RangeEnd"": 13, ""Sca2RangeStart"": 11, ""Sca2RevBoost"": true, ""Sca2SkipFriday"": true, ""Sca2TradeEnd"": 20}"
S2062,S08_window_x_rr,第2レンジ11-13時 × RR3.0,"{""Sca2BoostMult"": 2.0, ""Sca2Buffer"": 0.05, ""Sca2Enable"": true, ""Sca2ForceClose"": 23, ""Sca2Lot"": 0.01, ""Sca2MaxRange"": 1.0, ""Sca2MinRange"": 0.4, ""Sca2RR"": 3.0, ""Sca2RangeEnd"": 13, ""Sca2RangeStart"": 11, ""Sca2RevBoost"": true, ""Sca2SkipFriday"": true, ""Sca2TradeEnd"": 20}"
S2063,S08_window_x_rr,第2レンジ13-16時 × RR1.3,"{""Sca2BoostMult"": 2.0, ""Sca2Buffer"": 0.05, ""Sca2Enable"": true, ""Sca2ForceClose"": 23, ""Sca2Lot"": 0.01, ""Sca2MaxRange"": 1.0, ""Sca2MinRange"": 0.4, ""Sca2RR"": 1.3, ""Sca2RangeEnd"": 16, ""Sca2RangeStart"": 13, ""Sca2RevBoost"": true, ""Sca2SkipFriday"": true, ""Sca2TradeEnd"": 20}"
S2064,S08_window_x_rr,第2レンジ13-16時 × RR2.0,"{""Sca2BoostMult"": 2.0, ""Sca2Buffer"": 0.05, ""Sca2Enable"": true, ""Sca2ForceClose"": 23, ""Sca2Lot"": 0.01, ""Sca2MaxRange"": 1.0, ""Sca2MinRange"": 0.4, ""Sca2RR"": 2.0, ""Sca2RangeEnd"": 16, ""Sca2RangeStart"": 13, ""Sca2RevBoost"": true, ""Sca2SkipFriday"": true, ""Sca2TradeEnd"": 20}"
S2065,S08_window_x_rr,第2レンジ13-16時 × RR2.5,"{""Sca2BoostMult"": 2.0, ""Sca2Buffer"": 0.05, ""Sca2Enable"": true, ""Sca2ForceClose"": 23, ""Sca2Lot"": 0.01, ""Sca2MaxRange"": 1.0, ""Sca2MinRange"": 0.4, ""Sca2RR"": 2.5, ""Sca2RangeEnd"": 16, ""Sca2RangeStart"": 13, ""Sca2RevBoost"": true, ""Sca2SkipFriday"": true, ""Sca2TradeEnd"": 20}"
S2066,S08_window_x_rr,第2レンジ13-16時 × RR3.0,"{""Sca2BoostMult"": 2.0, ""Sca2Buffer"": 0.05, ""Sca2Enable"": true, ""Sca2ForceClose"": 23, ""Sca2Lot"": 0.01, ""Sca2MaxRange"": 1.0, ""Sca2MinRange"": 0.4, ""Sca2RR"": 3.0, ""Sca2RangeEnd"": 16, ""Sca2RangeStart"": 13, ""Sca2RevBoost"": true, ""Sca2SkipFriday"": true, ""Sca2TradeEnd"": 20}"
S2067,S08_window_x_rr,第2レンジ12-15時 × RR1.3,"{""Sca2BoostMult"": 2.0, ""Sca2Buffer"": 0.05, ""Sca2Enable"": true, ""Sca2ForceClose"": 23, ""Sca2Lot"": 0.01, ""Sca2MaxRange"": 1.0, ""Sca2MinRange"": 0.4, ""Sca2RR"": 1.3, ""Sca2RangeEnd"": 15, ""Sca2RangeStart"": 12, ""Sca2RevBoost"": true, ""Sca2SkipFriday"": true, ""Sca2TradeEnd"": 20}"
S2068,S08_window_x_rr,第2レンジ12-15時 × RR2.0,"{""Sca2BoostMult"": 2.0, ""Sca2Buffer"": 0.05, ""Sca2Enable"": true, ""Sca2ForceClose"": 23, ""Sca2Lot"": 0.01, ""Sca2MaxRange"": 1.0, ""Sca2MinRange"": 0.4, ""Sca2RR"": 2.0, ""Sca2RangeEnd"": 15, ""Sca2RangeStart"": 12, ""Sca2RevBoost"": true, ""Sca2SkipFriday"": true, ""Sca2TradeEnd"": 20}"
S2069,S08_window_x_rr,第2レンジ12-15時 × RR2.5,"{""Sca2BoostMult"": 2.0, ""Sca2Buffer"": 0.05, ""Sca2Enable"": true, ""Sca2ForceClose"": 23, ""Sca2Lot"": 0.01, ""Sca2MaxRange"": 1.0, ""Sca2MinRange"": 0.4, ""Sca2RR"": 2.5, ""Sca2RangeEnd"": 15, ""Sca2RangeStart"": 12, ""Sca2RevBoost"": true, ""Sca2SkipFriday"": true, ""Sca2TradeEnd"": 20}"
S2070,S08_window_x_rr,第2レンジ12-15時 × RR3.0,"{""Sca2BoostMult"": 2.0, ""Sca2Buffer"": 0.05, ""Sca2Enable"": true, ""Sca2ForceClose"": 23, ""Sca2Lot"": 0.01, ""Sca2MaxRange"": 1.0, ""Sca2MinRange"": 0.4, ""Sca2RR"": 3.0, ""Sca2RangeEnd"": 15, ""Sca2RangeStart"": 12, ""Sca2RevBoost"": true, ""Sca2SkipFriday"": true, ""Sca2TradeEnd"": 20}"
