proposal_id,family,window,status,net,pf,dd_pct,monthly_pct,trades,pb_net,pb_n,sca1_net,sca1_n,sca2_net,sca2_n,description,parameter_json,elapsed,run_id
S2001,S01_window,IS,OK,445655.0,1.8167,4.1736,1.4855,438,196940,63,179120,242,69595,133,第2レンジ 9-11時（締切20h・決済23h）,"{""Sca2BoostMult"": 2.0, ""Sca2Buffer"": 0.05, ""Sca2Enable"": true, ""Sca2ForceClose"": 23, ""Sca2Lot"": 0.01, ""Sca2MaxRange"": 1.0, ""Sca2MinRange"": 0.4, ""Sca2RR"": 1.7, ""Sca2RangeEnd"": 11, ""Sca2RangeStart"": 9, ""Sca2RevBoost"": true, ""Sca2SkipFriday"": true, ""Sca2TradeEnd"": 20}",88.6,s2_is_S2001_20260905080518_efd1
S2002,S01_window,IS,OK,401884.0,1.6099,6.6501,1.3396,532,196940,63,179120,242,25824,227,第2レンジ 9-12時（締切20h・決済23h）,"{""Sca2BoostMult"": 2.0, ""Sca2Buffer"": 0.05, ""Sca2Enable"": true, ""Sca2ForceClose"": 23, ""Sca2Lot"": 0.01, ""Sca2MaxRange"": 1.0, ""Sca2MinRange"": 0.4, ""Sca2RR"": 1.7, ""Sca2RangeEnd"": 12, ""Sca2RangeStart"": 9, ""Sca2RevBoost"": true, ""Sca2SkipFriday"": true, ""Sca2TradeEnd"": 20}",88.6,s2_is_S2002_20260905080646_9a13
S2003,S01_window,IS,OK,417913.0,1.6005,6.7722,1.393,600,196940,63,179120,242,41853,295,第2レンジ 9-13時（締切20h・決済23h）,"{""Sca2BoostMult"": 2.0, ""Sca2Buffer"": 0.05, ""Sca2Enable"": true, ""Sca2ForceClose"": 23, ""Sca2Lot"": 0.01, ""Sca2MaxRange"": 1.0, ""Sca2MinRange"": 0.4, ""Sca2RR"": 1.7, ""Sca2RangeEnd"": 13, ""Sca2RangeStart"": 9, ""Sca2RevBoost"": true, ""Sca2SkipFriday"": true, ""Sca2TradeEnd"": 20}",88.6,s2_is_S2003_20260905080815_46d1
S2004,S01_window,IS,OK,446751.0,1.9756,4.2962,1.4892,372,196940,63,179120,242,70691,67,第2レンジ 11-13時（締切20h・決済23h）,"{""Sca2BoostMult"": 2.0, ""Sca2Buffer"": 0.05, ""Sca2Enable"": true, ""Sca2ForceClose"": 23, ""Sca2Lot"": 0.01, ""Sca2MaxRange"": 1.0, ""Sca2MinRange"": 0.4, ""Sca2RR"": 1.7, ""Sca2RangeEnd"": 13, ""Sca2RangeStart"": 11, ""Sca2RevBoost"": true, ""Sca2SkipFriday"": true, ""Sca2TradeEnd"": 20}",88.7,s2_is_S2004_20260905080944_0bc8
S2005,S01_window,IS,OK,446144.0,1.8291,4.8226,1.4871,439,196940,63,179120,242,70084,134,第2レンジ 11-14時（締切20h・決済23h）,"{""Sca2BoostMult"": 2.0, ""Sca2Buffer"": 0.05, ""Sca2Enable"": true, ""Sca2ForceClose"": 23, ""Sca2Lot"": 0.01, ""Sca2MaxRange"": 1.0, ""Sca2MinRange"": 0.4, ""Sca2RR"": 1.7, ""Sca2RangeEnd"": 14, ""Sca2RangeStart"": 11, ""Sca2RevBoost"": true, ""Sca2SkipFriday"": true, ""Sca2TradeEnd"": 20}",88.6,s2_is_S2005_20260905081112_e496
S2006,S01_window,IS,OK,521485.0,1.9191,5.7982,1.7383,521,196940,63,179120,242,145425,216,第2レンジ 11-15時（締切20h・決済23h）,"{""Sca2BoostMult"": 2.0, ""Sca2Buffer"": 0.05, ""Sca2Enable"": true, ""Sca2ForceClose"": 23, ""Sca2Lot"": 0.01, ""Sca2MaxRange"": 1.0, ""Sca2MinRange"": 0.4, ""Sca2RR"": 1.7, ""Sca2RangeEnd"": 15, ""Sca2RangeStart"": 11, ""Sca2RevBoost"": true, ""Sca2SkipFriday"": true, ""Sca2TradeEnd"": 20}",88.7,s2_is_S2006_20260905081241_070b
S2007,S01_window,IS,OK,474065.0,2.018,4.1867,1.5802,370,196940,63,179120,242,98005,65,第2レンジ 12-14時（締切20h・決済23h）,"{""Sca2BoostMult"": 2.0, ""Sca2Buffer"": 0.05, ""Sca2Enable"": true, ""Sca2ForceClose"": 23, ""Sca2Lot"": 0.01, ""Sca2MaxRange"": 1.0, ""Sca2MinRange"": 0.4, ""Sca2RR"": 1.7, ""Sca2RangeEnd"": 14, ""Sca2RangeStart"": 12, ""Sca2RevBoost"": true, ""Sca2SkipFriday"": true, ""Sca2TradeEnd"": 20}",88.6,s2_is_S2007_20260905081410_e086
S2008,S01_window,IS,OK,500456.0,2.0249,5.5927,1.6682,441,196940,63,179120,242,124396,136,第2レンジ 12-15時（締切20h・決済23h）,"{""Sca2BoostMult"": 2.0, ""Sca2Buffer"": 0.05, ""Sca2Enable"": true, ""Sca2ForceClose"": 23, ""Sca2Lot"": 0.01, ""Sca2MaxRange"": 1.0, ""Sca2MinRange"": 0.4, ""Sca2RR"": 1.7, ""Sca2RangeEnd"": 15, ""Sca2RangeStart"": 12, ""Sca2RevBoost"": true, ""Sca2SkipFriday"": true, ""Sca2TradeEnd"": 20}",88.6,s2_is_S2008_20260905081538_5273
S2009,S01_window,IS,OK,445213.0,1.7163,7.1309,1.484,625,196940,63,179120,242,69153,320,第2レンジ 12-16時（締切20h・決済23h）,"{""Sca2BoostMult"": 2.0, ""Sca2Buffer"": 0.05, ""Sca2Enable"": true, ""Sca2ForceClose"": 23, ""Sca2Lot"": 0.01, ""Sca2MaxRange"": 1.0, ""Sca2MinRange"": 0.4, ""Sca2RR"": 1.7, ""Sca2RangeEnd"": 16, ""Sca2RangeStart"": 12, ""Sca2RevBoost"": true, ""Sca2SkipFriday"": true, ""Sca2TradeEnd"": 20}",88.7,s2_is_S2009_20260905081707_a545
S2010,S01_window,IS,OK,522798.0,2.2221,4.4935,1.7427,389,196940,63,179120,242,146738,84,第2レンジ 13-15時（締切20h・決済23h）,"{""Sca2BoostMult"": 2.0, ""Sca2Buffer"": 0.05, ""Sca2Enable"": true, ""Sca2ForceClose"": 23, ""Sca2Lot"": 0.01, ""Sca2MaxRange"": 1.0, ""Sca2MinRange"": 0.4, ""Sca2RR"": 1.7, ""Sca2RangeEnd"": 15, ""Sca2RangeStart"": 13, ""Sca2RevBoost"": true, ""Sca2SkipFriday"": true, ""Sca2TradeEnd"": 20}",88.7,s2_is_S2010_20260905081835_1961
S2011,S01_window,IS,OK,508031.0,1.8629,5.0208,1.6934,584,196940,63,179120,242,131971,279,第2レンジ 13-16時（締切20h・決済23h）,"{""Sca2BoostMult"": 2.0, ""Sca2Buffer"": 0.05, ""Sca2Enable"": true, ""Sca2ForceClose"": 23, ""Sca2Lot"": 0.01, ""Sca2MaxRange"": 1.0, ""Sca2MinRange"": 0.4, ""Sca2RR"": 1.7, ""Sca2RangeEnd"": 16, ""Sca2RangeStart"": 13, ""Sca2RevBoost"": true, ""Sca2SkipFriday"": true, ""Sca2TradeEnd"": 20}",88.6,s2_is_S2011_20260905082004_1b9c
S2012,S01_window,IS,OK,417428.0,1.7114,5.4884,1.3914,616,196940,63,179120,242,41368,311,第2レンジ 13-17時（締切20h・決済23h）,"{""Sca2BoostMult"": 2.0, ""Sca2Buffer"": 0.05, ""Sca2Enable"": true, ""Sca2ForceClose"": 23, ""Sca2Lot"": 0.01, ""Sca2MaxRange"": 1.0, ""Sca2MinRange"": 0.4, ""Sca2RR"": 1.7, ""Sca2RangeEnd"": 17, ""Sca2RangeStart"": 13, ""Sca2RevBoost"": true, ""Sca2SkipFriday"": true, ""Sca2TradeEnd"": 20}",88.6,s2_is_S2012_20260905082133_682f
S2013,S01_window,IS,OK,381975.0,1.6685,5.1569,1.2732,537,196940,63,179120,242,5915,232,第2レンジ 14-16時（締切20h・決済23h）,"{""Sca2BoostMult"": 2.0, ""Sca2Buffer"": 0.05, ""Sca2Enable"": true, ""Sca2ForceClose"": 23, ""Sca2Lot"": 0.01, ""Sca2MaxRange"": 1.0, ""Sca2MinRange"": 0.4, ""Sca2RR"": 1.7, ""Sca2RangeEnd"": 16, ""Sca2RangeStart"": 14, ""Sca2RevBoost"": true, ""Sca2SkipFriday"": true, ""Sca2TradeEnd"": 20}",88.6,s2_is_S2013_20260905082301_c6d3
S2014,S01_window,IS,OK,390859.0,1.6744,8.6852,1.3029,597,196940,63,179120,242,14799,292,第2レンジ 14-17時（締切20h・決済23h）,"{""Sca2BoostMult"": 2.0, ""Sca2Buffer"": 0.05, ""Sca2Enable"": true, ""Sca2ForceClose"": 23, ""Sca2Lot"": 0.01, ""Sca2MaxRange"": 1.0, ""Sca2MinRange"": 0.4, ""Sca2RR"": 1.7, ""Sca2RangeEnd"": 17, ""Sca2RangeStart"": 14, ""Sca2RevBoost"": true, ""Sca2SkipFriday"": true, ""Sca2TradeEnd"": 20}",88.6,s2_is_S2014_20260905082430_68ff
S2015,S01_window,IS,OK,376357.0,1.6315,5.8376,1.2545,569,196940,63,179120,242,297,264,第2レンジ 15-17時（締切20h・決済23h）,"{""Sca2BoostMult"": 2.0, ""Sca2Buffer"": 0.05, ""Sca2Enable"": true, ""Sca2ForceClose"": 23, ""Sca2Lot"": 0.01, ""Sca2MaxRange"": 1.0, ""Sca2MinRange"": 0.4, ""Sca2RR"": 1.7, ""Sca2RangeEnd"": 17, ""Sca2RangeStart"": 15, ""Sca2RevBoost"": true, ""Sca2SkipFriday"": true, ""Sca2TradeEnd"": 20}",88.7,s2_is_S2015_20260905082559_7c9c
S2016,S01_window,IS,OK,374516.0,1.8104,6.0397,1.2484,471,196940,63,179120,242,-1544,166,第2レンジ 15-18時（締切20h・決済23h）,"{""Sca2BoostMult"": 2.0, ""Sca2Buffer"": 0.05, ""Sca2Enable"": true, ""Sca2ForceClose"": 23, ""Sca2Lot"": 0.01, ""Sca2MaxRange"": 1.0, ""Sca2MinRange"": 0.4, ""Sca2RR"": 1.7, ""Sca2RangeEnd"": 18, ""Sca2RangeStart"": 15, ""Sca2RevBoost"": true, ""Sca2SkipFriday"": true, ""Sca2TradeEnd"": 20}",88.6,s2_is_S2016_20260905082727_0000
S2017,S02_timing,IS,OK,398461.0,1.9969,4.3023,1.3282,356,196940,63,179120,242,22401,51,第2レンジ13-15時・締切17h・強制決済20h,"{""Sca2BoostMult"": 2.0, ""Sca2Buffer"": 0.05, ""Sca2Enable"": true, ""Sca2ForceClose"": 20, ""Sca2Lot"": 0.01, ""Sca2MaxRange"": 1.0, ""Sca2MinRange"": 0.4, ""Sca2RR"": 1.7, ""Sca2RangeEnd"": 15, ""Sca2RangeStart"": 13, ""Sca2RevBoost"": true, ""Sca2SkipFriday"": true, ""Sca2TradeEnd"": 17}",83.6,s2_is_S2017_20260905082856_2479
S2018,S02_timing,IS,OK,394554.0,1.9904,4.4402,1.3152,356,196940,63,179120,242,18494,51,第2レンジ13-15時・締切17h・強制決済22h,"{""Sca2BoostMult"": 2.0, ""Sca2Buffer"": 0.05, ""Sca2Enable"": true, ""Sca2ForceClose"": 22, ""Sca2Lot"": 0.01, ""Sca2MaxRange"": 1.0, ""Sca2MinRange"": 0.4, ""Sca2RR"": 1.7, ""Sca2RangeEnd"": 15, ""Sca2RangeStart"": 13, ""Sca2RevBoost"": true, ""Sca2SkipFriday"": true, ""Sca2TradeEnd"": 17}",88.7,s2_is_S2018_20260905083020_8ca9
S2019,S02_timing,IS,OK,479222.0,2.1605,4.1837,1.5974,374,196940,63,179120,242,103162,69,第2レンジ13-15時・締切18h・強制決済21h,"{""Sca2BoostMult"": 2.0, ""Sca2Buffer"": 0.05, ""Sca2Enable"": true, ""Sca2ForceClose"": 21, ""Sca2Lot"": 0.01, ""Sca2MaxRange"": 1.0, ""Sca2MinRange"": 0.4, ""Sca2RR"": 1.7, ""Sca2RangeEnd"": 15, ""Sca2RangeStart"": 13, ""Sca2RevBoost"": true, ""Sca2SkipFriday"": true, ""Sca2TradeEnd"": 18}",88.6,s2_is_S2019_20260905083148_b556
S2020,S02_timing,IS,OK,515974.0,2.2305,4.3913,1.7199,374,196940,63,179120,242,139914,69,第2レンジ13-15時・締切18h・強制決済23h,"{""Sca2BoostMult"": 2.0, ""Sca2Buffer"": 0.05, ""Sca2Enable"": true, ""Sca2ForceClose"": 23, ""Sca2Lot"": 0.01, ""Sca2MaxRange"": 1.0, ""Sca2MinRange"": 0.4, ""Sca2RR"": 1.7, ""Sca2RangeEnd"": 15, ""Sca2RangeStart"": 13, ""Sca2RevBoost"": true, ""Sca2SkipFriday"": true, ""Sca2TradeEnd"": 18}",88.6,s2_is_S2020_20260905083317_33dd
S2021,S02_timing,IS,OK,478815.0,2.1451,4.3651,1.5961,384,196940,63,179120,242,102755,79,第2レンジ13-15時・締切19h・強制決済22h,"{""Sca2BoostMult"": 2.0, ""Sca2Buffer"": 0.05, ""Sca2Enable"": true, ""Sca2ForceClose"": 22, ""Sca2Lot"": 0.01, ""Sca2MaxRange"": 1.0, ""Sca2MinRange"": 0.4, ""Sca2RR"": 1.7, ""Sca2RangeEnd"": 15, ""Sca2RangeStart"": 13, ""Sca2RevBoost"": true, ""Sca2SkipFriday"": true, ""Sca2TradeEnd"": 19}",88.6,s2_is_S2021_20260905083446_e258
S2022,S02_timing,IS,OK,523824.0,2.2351,4.3718,1.7461,384,196940,63,179120,242,147764,79,第2レンジ13-15時・締切19h・強制決済23h,"{""Sca2BoostMult"": 2.0, ""Sca2Buffer"": 0.05, ""Sca2Enable"": true, ""Sca2ForceClose"": 23, ""Sca2Lot"": 0.01, ""Sca2MaxRange"": 1.0, ""Sca2MinRange"": 0.4, ""Sca2RR"": 1.7, ""Sca2RangeEnd"": 15, ""Sca2RangeStart"": 13, ""Sca2RevBoost"": true, ""Sca2SkipFriday"": true, ""Sca2TradeEnd"": 19}",88.6,s2_is_S2022_20260905083614_1aaf
S2023,S02_timing,IS,OK,478391.0,2.1351,4.4722,1.5946,389,196940,63,179120,242,102331,84,第2レンジ13-15時・締切20h・強制決済22h,"{""Sca2BoostMult"": 2.0, ""Sca2Buffer"": 0.05, ""Sca2Enable"": true, ""Sca2ForceClose"": 22, ""Sca2Lot"": 0.01, ""Sca2MaxRange"": 1.0, ""Sca2MinRange"": 0.4, ""Sca2RR"": 1.7, ""Sca2RangeEnd"": 15, ""Sca2RangeStart"": 13, ""Sca2RevBoost"": true, ""Sca2SkipFriday"": true, ""Sca2TradeEnd"": 20}",88.6,s2_is_S2023_20260905083743_14d5
S2024,S02_timing,IS,OK,522798.0,2.2221,4.4935,1.7427,389,196940,63,179120,242,146738,84,第2レンジ13-15時・締切21h・強制決済23h,"{""Sca2BoostMult"": 2.0, ""Sca2Buffer"": 0.05, ""Sca2Enable"": true, ""Sca2ForceClose"": 23, ""Sca2Lot"": 0.01, ""Sca2MaxRange"": 1.0, ""Sca2MinRange"": 0.4, ""Sca2RR"": 1.7, ""Sca2RangeEnd"": 15, ""Sca2RangeStart"": 13, ""Sca2RevBoost"": true, ""Sca2SkipFriday"": true, ""Sca2TradeEnd"": 21}",88.6,s2_is_S2024_20260905083911_d9f9
S2025,S02_timing,IS,OK,412868.0,2.1004,4.0111,1.3762,336,196940,63,179120,242,36808,31,第2レンジ13-15時・締切16h・強制決済19h,"{""Sca2BoostMult"": 2.0, ""Sca2Buffer"": 0.05, ""Sca2Enable"": true, ""Sca2ForceClose"": 19, ""Sca2Lot"": 0.01, ""Sca2MaxRange"": 1.0, ""Sca2MinRange"": 0.4, ""Sca2RR"": 1.7, ""Sca2RangeEnd"": 15, ""Sca2RangeStart"": 13, ""Sca2RevBoost"": true, ""Sca2SkipFriday"": true, ""Sca2TradeEnd"": 16}",88.6,s2_is_S2025_20260905084040_2eab
S2026,S02_timing,IS,OK,414998.0,2.1168,3.8697,1.3833,336,196940,63,179120,242,38938,31,第2レンジ13-15時・締切16h・強制決済22h,"{""Sca2BoostMult"": 2.0, ""Sca2Buffer"": 0.05, ""Sca2Enable"": true, ""Sca2ForceClose"": 22, ""Sca2Lot"": 0.01, ""Sca2MaxRange"": 1.0, ""Sca2MinRange"": 0.4, ""Sca2RR"": 1.7, ""Sca2RangeEnd"": 15, ""Sca2RangeStart"": 13, ""Sca2RevBoost"": true, ""Sca2SkipFriday"": true, ""Sca2TradeEnd"": 16}",88.6,s2_is_S2026_20260905084209_58b4
S2027,S02_timing,IS,OK,522087.0,2.2179,4.4993,1.7403,391,196940,63,179120,242,146027,86,第2レンジ13-15時・締切22h・強制決済23h,"{""Sca2BoostMult"": 2.0, ""Sca2Buffer"": 0.05, ""Sca2Enable"": true, ""Sca2ForceClose"": 23, ""Sca2Lot"": 0.01, ""Sca2MaxRange"": 1.0, ""Sca2MinRange"": 0.4, ""Sca2RR"": 1.7, ""Sca2RangeEnd"": 15, ""Sca2RangeStart"": 13, ""Sca2RevBoost"": true, ""Sca2SkipFriday"": true, ""Sca2TradeEnd"": 22}",88.6,s2_is_S2027_20260905084337_c2ed
S2028,S03_range_filter,IS,OK,497952.0,1.4529,20.855,1.6598,901,196940,63,179120,242,121892,596,レンジ幅 0.2〜1.0ATR（既定0.40〜1.00）,"{""Sca2BoostMult"": 2.0, ""Sca2Buffer"": 0.05, ""Sca2Enable"": true, ""Sca2ForceClose"": 23, ""Sca2Lot"": 0.01, ""Sca2MaxRange"": 1.0, ""Sca2MinRange"": 0.2, ""Sca2RR"": 1.7, ""Sca2RangeEnd"": 15, ""Sca2RangeStart"": 13, ""Sca2RevBoost"": true, ""Sca2SkipFriday"": true, ""Sca2TradeEnd"": 20}",88.6,s2_is_S2028_20260905084506_bf42
S2029,S03_range_filter,IS,OK,461170.0,1.758,7.2243,1.5372,535,196940,63,179120,242,85110,230,レンジ幅 0.3〜1.0ATR（既定0.40〜1.00）,"{""Sca2BoostMult"": 2.0, ""Sca2Buffer"": 0.05, ""Sca2Enable"": true, ""Sca2ForceClose"": 23, ""Sca2Lot"": 0.01, ""Sca2MaxRange"": 1.0, ""Sca2MinRange"": 0.3, ""Sca2RR"": 1.7, ""Sca2RangeEnd"": 15, ""Sca2RangeStart"": 13, ""Sca2RevBoost"": true, ""Sca2SkipFriday"": true, ""Sca2TradeEnd"": 20}",88.7,s2_is_S2029_20260905084634_89e5
S2030,S03_range_filter,IS,OK,494536.0,2.2993,4.4033,1.6485,335,196940,63,179120,242,118476,30,レンジ幅 0.5〜1.0ATR（既定0.40〜1.00）,"{""Sca2BoostMult"": 2.0, ""Sca2Buffer"": 0.05, ""Sca2Enable"": true, ""Sca2ForceClose"": 23, ""Sca2Lot"": 0.01, ""Sca2MaxRange"": 1.0, ""Sca2MinRange"": 0.5, ""Sca2RR"": 1.7, ""Sca2RangeEnd"": 15, ""Sca2RangeStart"": 13, ""Sca2RevBoost"": true, ""Sca2SkipFriday"": true, ""Sca2TradeEnd"": 20}",88.6,s2_is_S2030_20260905084803_7c59
S2031,S03_range_filter,IS,OK,489111.0,2.2892,4.9742,1.6304,321,196940,63,179120,242,113051,16,レンジ幅 0.6〜1.2ATR（既定0.40〜1.00）,"{""Sca2BoostMult"": 2.0, ""Sca2Buffer"": 0.05, ""Sca2Enable"": true, ""Sca2ForceClose"": 23, ""Sca2Lot"": 0.01, ""Sca2MaxRange"": 1.2, ""Sca2MinRange"": 0.6, ""Sca2RR"": 1.7, ""Sca2RangeEnd"": 15, ""Sca2RangeStart"": 13, ""Sca2RevBoost"": true, ""Sca2SkipFriday"": true, ""Sca2TradeEnd"": 20}",88.6,s2_is_S2031_20260905084932_d16d
S2032,S03_range_filter,IS,OK,522947.0,2.2324,4.4656,1.7432,387,196940,63,179120,242,146887,82,レンジ幅 0.4〜0.8ATR（既定0.40〜1.00）,"{""Sca2BoostMult"": 2.0, ""Sca2Buffer"": 0.05, ""Sca2Enable"": true, ""Sca2ForceClose"": 23, ""Sca2Lot"": 0.01, ""Sca2MaxRange"": 0.8, ""Sca2MinRange"": 0.4, ""Sca2RR"": 1.7, ""Sca2RangeEnd"": 15, ""Sca2RangeStart"": 13, ""Sca2RevBoost"": true, ""Sca2SkipFriday"": true, ""Sca2TradeEnd"": 20}",88.5,s2_is_S2032_20260905085100_b54a
S2033,S03_range_filter,IS,OK,505895.0,2.113,5.4004,1.6863,395,196940,63,179120,242,129835,90,レンジ幅 0.4〜1.5ATR（既定0.40〜1.00）,"{""Sca2BoostMult"": 2.0, ""Sca2Buffer"": 0.05, ""Sca2Enable"": true, ""Sca2ForceClose"": 23, ""Sca2Lot"": 0.01, ""Sca2MaxRange"": 1.5, ""Sca2MinRange"": 0.4, ""Sca2RR"": 1.7, ""Sca2RangeEnd"": 15, ""Sca2RangeStart"": 13, ""Sca2RevBoost"": true, ""Sca2SkipFriday"": true, ""Sca2TradeEnd"": 20}",88.6,s2_is_S2033_20260905085229_c8b8
S2034,S03_range_filter,IS,OK,505895.0,2.113,5.4004,1.6863,395,196940,63,179120,242,129835,90,レンジ幅 0.4〜2.0ATR（既定0.40〜1.00）,"{""Sca2BoostMult"": 2.0, ""Sca2Buffer"": 0.05, ""Sca2Enable"": true, ""Sca2ForceClose"": 23, ""Sca2Lot"": 0.01, ""Sca2MaxRange"": 2.0, ""Sca2MinRange"": 0.4, ""Sca2RR"": 1.7, ""Sca2RangeEnd"": 15, ""Sca2RangeStart"": 13, ""Sca2RevBoost"": true, ""Sca2SkipFriday"": true, ""Sca2TradeEnd"": 20}",88.7,s2_is_S2034_20260905085357_39e3
S2035,S03_range_filter,IS,OK,472178.0,1.5939,14.9614,1.5739,667,196940,63,179120,242,96118,362,レンジ幅 0.25〜0.75ATR（既定0.40〜1.00）,"{""Sca2BoostMult"": 2.0, ""Sca2Buffer"": 0.05, ""Sca2Enable"": true, ""Sca2ForceClose"": 23, ""Sca2Lot"": 0.01, ""Sca2MaxRange"": 0.75, ""Sca2MinRange"": 0.25, ""Sca2RR"": 1.7, ""Sca2RangeEnd"": 15, ""Sca2RangeStart"": 13, ""Sca2RevBoost"": true, ""Sca2SkipFriday"": true, ""Sca2TradeEnd"": 20}",88.6,s2_is_S2035_20260905085526_99ce
S2036,S03_range_filter,IS,OK,444267.0,1.6995,8.1287,1.4809,541,196940,63,179120,242,68207,236,レンジ幅 0.3〜1.5ATR（既定0.40〜1.00）,"{""Sca2BoostMult"": 2.0, ""Sca2Buffer"": 0.05, ""Sca2Enable"": true, ""Sca2ForceClose"": 23, ""Sca2Lot"": 0.01, ""Sca2MaxRange"": 1.5, ""Sca2MinRange"": 0.3, ""Sca2RR"": 1.7, ""Sca2RangeEnd"": 15, ""Sca2RangeStart"": 13, ""Sca2RevBoost"": true, ""Sca2SkipFriday"": true, ""Sca2TradeEnd"": 20}",88.7,s2_is_S2036_20260905085655_9588
S2037,S03_range_filter,IS,OK,477633.0,2.1725,5.3245,1.5921,341,196940,63,179120,242,101573,36,レンジ幅 0.5〜2.0ATR（既定0.40〜1.00）,"{""Sca2BoostMult"": 2.0, ""Sca2Buffer"": 0.05, ""Sca2Enable"": true, ""Sca2ForceClose"": 23, ""Sca2Lot"": 0.01, ""Sca2MaxRange"": 2.0, ""Sca2MinRange"": 0.5, ""Sca2RR"": 1.7, ""Sca2RangeEnd"": 15, ""Sca2RangeStart"": 13, ""Sca2RevBoost"": true, ""Sca2SkipFriday"": true, ""Sca2TradeEnd"": 20}",88.6,s2_is_S2037_20260905085824_708e
S2038,S04_rr,IS,OK,457456.0,2.0694,4.5123,1.5249,389,196940,63,179120,242,81396,84,第2セッションのRRを1.0に（既定1.7）,"{""Sca2BoostMult"": 2.0, ""Sca2Buffer"": 0.05, ""Sca2Enable"": true, ""Sca2ForceClose"": 23, ""Sca2Lot"": 0.01, ""Sca2MaxRange"": 1.0, ""Sca2MinRange"": 0.4, ""Sca2RR"": 1.0, ""Sca2RangeEnd"": 15, ""Sca2RangeStart"": 13, ""Sca2RevBoost"": true, ""Sca2SkipFriday"": true, ""Sca2TradeEnd"": 20}",88.6,s2_is_S2038_20260905085952_383b
S2039,S04_rr,IS,OK,484366.0,2.1323,4.5092,1.6146,389,196940,63,179120,242,108306,84,第2セッションのRRを1.3に（既定1.7）,"{""Sca2BoostMult"": 2.0, ""Sca2Buffer"": 0.05, ""Sca2Enable"": true, ""Sca2ForceClose"": 23, ""Sca2Lot"": 0.01, ""Sca2MaxRange"": 1.0, ""Sca2MinRange"": 0.4, ""Sca2RR"": 1.3, ""Sca2RangeEnd"": 15, ""Sca2RangeStart"": 13, ""Sca2RevBoost"": true, ""Sca2SkipFriday"": true, ""Sca2TradeEnd"": 20}",88.6,s2_is_S2039_20260905090121_a0c0
S2040,S04_rr,IS,OK,503605.0,2.1773,4.4979,1.6787,389,196940,63,179120,242,127545,84,第2セッションのRRを1.5に（既定1.7）,"{""Sca2BoostMult"": 2.0, ""Sca2Buffer"": 0.05, ""Sca2Enable"": true, ""Sca2ForceClose"": 23, ""Sca2Lot"": 0.01, ""Sca2MaxRange"": 1.0, ""Sca2MinRange"": 0.4, ""Sca2RR"": 1.5, ""Sca2RangeEnd"": 15, ""Sca2RangeStart"": 13, ""Sca2RevBoost"": true, ""Sca2SkipFriday"": true, ""Sca2TradeEnd"": 20}",88.6,s2_is_S2040_20260905090249_4cb4
S2041,S04_rr,IS,OK,439761.0,2.0153,4.5462,1.4659,389,196940,63,179120,242,63701,84,第2セッションのRRを2.0に（既定1.7）,"{""Sca2BoostMult"": 2.0, ""Sca2Buffer"": 0.05, ""Sca2Enable"": true, ""Sca2ForceClose"": 23, ""Sca2Lot"": 0.01, ""Sca2MaxRange"": 1.0, ""Sca2MinRange"": 0.4, ""Sca2RR"": 2.0, ""Sca2RangeEnd"": 15, ""Sca2RangeStart"": 13, ""Sca2RevBoost"": true, ""Sca2SkipFriday"": true, ""Sca2TradeEnd"": 20}",88.6,s2_is_S2041_20260905090418_9d78
S2042,S04_rr,IS,OK,453419.0,2.0468,4.5377,1.5114,389,196940,63,179120,242,77359,84,第2セッションのRRを2.5に（既定1.7）,"{""Sca2BoostMult"": 2.0, ""Sca2Buffer"": 0.05, ""Sca2Enable"": true, ""Sca2ForceClose"": 23, ""Sca2Lot"": 0.01, ""Sca2MaxRange"": 1.0, ""Sca2MinRange"": 0.4, ""Sca2RR"": 2.5, ""Sca2RangeEnd"": 15, ""Sca2RangeStart"": 13, ""Sca2RevBoost"": true, ""Sca2SkipFriday"": true, ""Sca2TradeEnd"": 20}",88.6,s2_is_S2042_20260905090547_c8a4
S2043,S04_rr,IS,OK,469565.0,2.0841,4.5291,1.5652,389,196940,63,179120,242,93505,84,第2セッションのRRを3.0に（既定1.7）,"{""Sca2BoostMult"": 2.0, ""Sca2Buffer"": 0.05, ""Sca2Enable"": true, ""Sca2ForceClose"": 23, ""Sca2Lot"": 0.01, ""Sca2MaxRange"": 1.0, ""Sca2MinRange"": 0.4, ""Sca2RR"": 3.0, ""Sca2RangeEnd"": 15, ""Sca2RangeStart"": 13, ""Sca2RevBoost"": true, ""Sca2SkipFriday"": true, ""Sca2TradeEnd"": 20}",88.6,s2_is_S2043_20260905090715_c24a
S2044,S04_rr,IS,OK,479547.0,2.1071,4.5484,1.5985,389,196940,63,179120,242,103487,84,第2セッションのRRを4.0に（既定1.7）,"{""Sca2BoostMult"": 2.0, ""Sca2Buffer"": 0.05, ""Sca2Enable"": true, ""Sca2ForceClose"": 23, ""Sca2Lot"": 0.01, ""Sca2MaxRange"": 1.0, ""Sca2MinRange"": 0.4, ""Sca2RR"": 4.0, ""Sca2RangeEnd"": 15, ""Sca2RangeStart"": 13, ""Sca2RevBoost"": true, ""Sca2SkipFriday"": true, ""Sca2TradeEnd"": 20}",88.6,s2_is_S2044_20260905090844_970f
S2045,S04_rr,IS,OK,498087.0,2.1499,4.5484,1.6603,389,196940,63,179120,242,122027,84,第2セッションのRRを5.0に（既定1.7）,"{""Sca2BoostMult"": 2.0, ""Sca2Buffer"": 0.05, ""Sca2Enable"": true, ""Sca2ForceClose"": 23, ""Sca2Lot"": 0.01, ""Sca2MaxRange"": 1.0, ""Sca2MinRange"": 0.4, ""Sca2RR"": 5.0, ""Sca2RangeEnd"": 15, ""Sca2RangeStart"": 13, ""Sca2RevBoost"": true, ""Sca2SkipFriday"": true, ""Sca2TradeEnd"": 20}",88.6,s2_is_S2045_20260905091012_2c86
S2046,S05_buffer,IS,OK,502827.0,2.0932,4.3512,1.6761,396,196940,63,179120,242,126767,91,ブレイクバッファ 0.0ATR（既定0.05）,"{""Sca2BoostMult"": 2.0, ""Sca2Buffer"": 0.0, ""Sca2Enable"": true, ""Sca2ForceClose"": 23, ""Sca2Lot"": 0.01, ""Sca2MaxRange"": 1.0, ""Sca2MinRange"": 0.4, ""Sca2RR"": 1.7, ""Sca2RangeEnd"": 15, ""Sca2RangeStart"": 13, ""Sca2RevBoost"": true, ""Sca2SkipFriday"": true, ""Sca2TradeEnd"": 20}",88.6,s2_is_S2046_20260905091141_89a0
S2047,S05_buffer,IS,OK,514474.0,2.1565,4.3588,1.7149,393,196940,63,179120,242,138414,88,ブレイクバッファ 0.02ATR（既定0.05）,"{""Sca2BoostMult"": 2.0, ""Sca2Buffer"": 0.02, ""Sca2Enable"": true, ""Sca2ForceClose"": 23, ""Sca2Lot"": 0.01, ""Sca2MaxRange"": 1.0, ""Sca2MinRange"": 0.4, ""Sca2RR"": 1.7, ""Sca2RangeEnd"": 15, ""Sca2RangeStart"": 13, ""Sca2RevBoost"": true, ""Sca2SkipFriday"": true, ""Sca2TradeEnd"": 20}",88.6,s2_is_S2047_20260905091310_4a90
S2048,S05_buffer,IS,OK,506733.0,2.2186,4.437,1.6891,382,196940,63,179120,242,130673,77,ブレイクバッファ 0.1ATR（既定0.05）,"{""Sca2BoostMult"": 2.0, ""Sca2Buffer"": 0.1, ""Sca2Enable"": true, ""Sca2ForceClose"": 23, ""Sca2Lot"": 0.01, ""Sca2MaxRange"": 1.0, ""Sca2MinRange"": 0.4, ""Sca2RR"": 1.7, ""Sca2RangeEnd"": 15, ""Sca2RangeStart"": 13, ""Sca2RevBoost"": true, ""Sca2SkipFriday"": true, ""Sca2TradeEnd"": 20}",88.6,s2_is_S2048_20260905091438_a972
S2049,S05_buffer,IS,OK,490683.0,2.1941,4.8987,1.6356,367,196940,63,179120,242,114623,62,ブレイクバッファ 0.15ATR（既定0.05）,"{""Sca2BoostMult"": 2.0, ""Sca2Buffer"": 0.15, ""Sca2Enable"": true, ""Sca2ForceClose"": 23, ""Sca2Lot"": 0.01, ""Sca2MaxRange"": 1.0, ""Sca2MinRange"": 0.4, ""Sca2RR"": 1.7, ""Sca2RangeEnd"": 15, ""Sca2RangeStart"": 13, ""Sca2RevBoost"": true, ""Sca2SkipFriday"": true, ""Sca2TradeEnd"": 20}",88.6,s2_is_S2049_20260905091607_1439
S2050,S05_buffer,IS,OK,485150.0,2.1929,4.8167,1.6172,360,196940,63,179120,242,109090,55,ブレイクバッファ 0.2ATR（既定0.05）,"{""Sca2BoostMult"": 2.0, ""Sca2Buffer"": 0.2, ""Sca2Enable"": true, ""Sca2ForceClose"": 23, ""Sca2Lot"": 0.01, ""Sca2MaxRange"": 1.0, ""Sca2MinRange"": 0.4, ""Sca2RR"": 1.7, ""Sca2RangeEnd"": 15, ""Sca2RangeStart"": 13, ""Sca2RevBoost"": true, ""Sca2SkipFriday"": true, ""Sca2TradeEnd"": 20}",93.6,s2_is_S2050_20260905091736_2147
S2051,S05_buffer,IS,OK,478835.0,2.2458,4.0991,1.5961,343,196940,63,179120,242,102775,38,ブレイクバッファ 0.3ATR（既定0.05）,"{""Sca2BoostMult"": 2.0, ""Sca2Buffer"": 0.3, ""Sca2Enable"": true, ""Sca2ForceClose"": 23, ""Sca2Lot"": 0.01, ""Sca2MaxRange"": 1.0, ""Sca2MinRange"": 0.4, ""Sca2RR"": 1.7, ""Sca2RangeEnd"": 15, ""Sca2RangeStart"": 13, ""Sca2RevBoost"": true, ""Sca2SkipFriday"": true, ""Sca2TradeEnd"": 20}",88.6,s2_is_S2051_20260905091909_c8df
S2052,S06_boost,IS,OK,461587.0,2.1135,4.1674,1.5386,389,196940,63,179120,242,85527,84,Boostなし（等ロット）,"{""Sca2BoostMult"": 2.0, ""Sca2Buffer"": 0.05, ""Sca2Enable"": true, ""Sca2ForceClose"": 23, ""Sca2Lot"": 0.01, ""Sca2MaxRange"": 1.0, ""Sca2MinRange"": 0.4, ""Sca2RR"": 1.7, ""Sca2RangeEnd"": 15, ""Sca2RangeStart"": 13, ""Sca2RevBoost"": false, ""Sca2SkipFriday"": true, ""Sca2TradeEnd"": 20}",88.6,s2_is_S2052_20260905092038_4c8c
S2053,S06_boost,IS,OK,461587.0,2.1135,4.1674,1.5386,389,196940,63,179120,242,85527,84,Boost倍率 1.5（既定2.0）,"{""Sca2BoostMult"": 1.5, ""Sca2Buffer"": 0.05, ""Sca2Enable"": true, ""Sca2ForceClose"": 23, ""Sca2Lot"": 0.01, ""Sca2MaxRange"": 1.0, ""Sca2MinRange"": 0.4, ""Sca2RR"": 1.7, ""Sca2RangeEnd"": 15, ""Sca2RangeStart"": 13, ""Sca2RevBoost"": true, ""Sca2SkipFriday"": true, ""Sca2TradeEnd"": 20}",88.6,s2_is_S2053_20260905092206_4905
S2054,S06_boost,IS,OK,522798.0,2.2221,4.4935,1.7427,389,196940,63,179120,242,146738,84,Boost倍率 2.5（既定2.0）,"{""Sca2BoostMult"": 2.5, ""Sca2Buffer"": 0.05, ""Sca2Enable"": true, ""Sca2ForceClose"": 23, ""Sca2Lot"": 0.01, ""Sca2MaxRange"": 1.0, ""Sca2MinRange"": 0.4, ""Sca2RR"": 1.7, ""Sca2RangeEnd"": 15, ""Sca2RangeStart"": 13, ""Sca2RevBoost"": true, ""Sca2SkipFriday"": true, ""Sca2TradeEnd"": 20}",88.6,s2_is_S2054_20260905092335_3308
S2055,S06_boost,IS,OK,584012.0,2.3242,5.2974,1.9467,389,196940,63,179120,242,207952,84,Boost倍率 3.0（既定2.0）,"{""Sca2BoostMult"": 3.0, ""Sca2Buffer"": 0.05, ""Sca2Enable"": true, ""Sca2ForceClose"": 23, ""Sca2Lot"": 0.01, ""Sca2MaxRange"": 1.0, ""Sca2MinRange"": 0.4, ""Sca2RR"": 1.7, ""Sca2RangeEnd"": 15, ""Sca2RangeStart"": 13, ""Sca2RevBoost"": true, ""Sca2SkipFriday"": true, ""Sca2TradeEnd"": 20}",88.7,s2_is_S2055_20260905092504_85b8
S2056,S06_boost,IS,OK,645227.0,2.4204,6.0847,2.1508,389,196940,63,179120,242,269167,84,Boost倍率 4.0（既定2.0）,"{""Sca2BoostMult"": 4.0, ""Sca2Buffer"": 0.05, ""Sca2Enable"": true, ""Sca2ForceClose"": 23, ""Sca2Lot"": 0.01, ""Sca2MaxRange"": 1.0, ""Sca2MinRange"": 0.4, ""Sca2RR"": 1.7, ""Sca2RangeEnd"": 15, ""Sca2RangeStart"": 13, ""Sca2RevBoost"": true, ""Sca2SkipFriday"": true, ""Sca2TradeEnd"": 20}",88.6,s2_is_S2056_20260905092632_194a
S2057,S06_boost,IS,OK,509779.0,2.1907,4.0473,1.6993,416,196940,63,179120,242,133719,111,Boostなし＋金曜も取引,"{""Sca2BoostMult"": 2.0, ""Sca2Buffer"": 0.05, ""Sca2Enable"": true, ""Sca2ForceClose"": 23, ""Sca2Lot"": 0.01, ""Sca2MaxRange"": 1.0, ""Sca2MinRange"": 0.4, ""Sca2RR"": 1.7, ""Sca2RangeEnd"": 15, ""Sca2RangeStart"": 13, ""Sca2RevBoost"": false, ""Sca2SkipFriday"": false, ""Sca2TradeEnd"": 20}",88.6,s2_is_S2057_20260905092801_4e83
S2058,S07_friday,IS,OK,576474.0,2.2977,4.3091,1.9216,416,196940,63,179120,242,200414,111,金曜も取引する（既定はスキップ）,"{""Sca2BoostMult"": 2.0, ""Sca2Buffer"": 0.05, ""Sca2Enable"": true, ""Sca2ForceClose"": 23, ""Sca2Lot"": 0.01, ""Sca2MaxRange"": 1.0, ""Sca2MinRange"": 0.4, ""Sca2RR"": 1.7, ""Sca2RangeEnd"": 15, ""Sca2RangeStart"": 13, ""Sca2RevBoost"": true, ""Sca2SkipFriday"": false, ""Sca2TradeEnd"": 20}",93.6,s2_is_S2058_20260905092930_f83d
S2059,S08_window_x_rr,IS,OK,425957.0,1.9268,4.2993,1.4199,374,196940,63,179120,242,49897,69,第2レンジ11-13時 × RR1.3,"{""Sca2BoostMult"": 2.0, ""Sca2Buffer"": 0.05, ""Sca2Enable"": true, ""Sca2ForceClose"": 23, ""Sca2Lot"": 0.01, ""Sca2MaxRange"": 1.0, ""Sca2MinRange"": 0.4, ""Sca2RR"": 1.3, ""Sca2RangeEnd"": 13, ""Sca2RangeStart"": 11, ""Sca2RevBoost"": true, ""Sca2SkipFriday"": true, ""Sca2TradeEnd"": 20}",88.6,s2_is_S2059_20260905093103_2e7f
S2060,S08_window_x_rr,IS,OK,393525.0,1.8565,5.4011,1.3117,372,196940,63,179120,242,17465,67,第2レンジ11-13時 × RR2.0,"{""Sca2BoostMult"": 2.0, ""Sca2Buffer"": 0.05, ""Sca2Enable"": true, ""Sca2ForceClose"": 23, ""Sca2Lot"": 0.01, ""Sca2MaxRange"": 1.0, ""Sca2MinRange"": 0.4, ""Sca2RR"": 2.0, ""Sca2RangeEnd"": 13, ""Sca2RangeStart"": 11, ""Sca2RevBoost"": true, ""Sca2SkipFriday"": true, ""Sca2TradeEnd"": 20}",88.6,s2_is_S2060_20260905093232_4117
S2061,S08_window_x_rr,IS,OK,362538.0,1.7695,5.371,1.2085,371,196940,63,179120,242,-13522,66,第2レンジ11-13時 × RR2.5,"{""Sca2BoostMult"": 2.0, ""Sca2Buffer"": 0.05, ""Sca2Enable"": true, ""Sca2ForceClose"": 23, ""Sca2Lot"": 0.01, ""Sca2MaxRange"": 1.0, ""Sca2MinRange"": 0.4, ""Sca2RR"": 2.5, ""Sca2RangeEnd"": 13, ""Sca2RangeStart"": 11, ""Sca2RevBoost"": true, ""Sca2SkipFriday"": true, ""Sca2TradeEnd"": 20}",88.6,s2_is_S2061_20260905093400_6fba
S2062,S08_window_x_rr,IS,OK,367305.0,1.7796,5.3375,1.2244,371,196940,63,179120,242,-8755,66,第2レンジ11-13時 × RR3.0,"{""Sca2BoostMult"": 2.0, ""Sca2Buffer"": 0.05, ""Sca2Enable"": true, ""Sca2ForceClose"": 23, ""Sca2Lot"": 0.01, ""Sca2MaxRange"": 1.0, ""Sca2MinRange"": 0.4, ""Sca2RR"": 3.0, ""Sca2RangeEnd"": 13, ""Sca2RangeStart"": 11, ""Sca2RevBoost"": true, ""Sca2SkipFriday"": true, ""Sca2TradeEnd"": 20}",88.6,s2_is_S2062_20260905093529_3de6
S2063,S08_window_x_rr,IS,OK,487529.0,1.8297,5.022,1.6251,584,196940,63,179120,242,111469,279,第2レンジ13-16時 × RR1.3,"{""Sca2BoostMult"": 2.0, ""Sca2Buffer"": 0.05, ""Sca2Enable"": true, ""Sca2ForceClose"": 23, ""Sca2Lot"": 0.01, ""Sca2MaxRange"": 1.0, ""Sca2MinRange"": 0.4, ""Sca2RR"": 1.3, ""Sca2RangeEnd"": 16, ""Sca2RangeStart"": 13, ""Sca2RevBoost"": true, ""Sca2SkipFriday"": true, ""Sca2TradeEnd"": 20}",88.6,s2_is_S2063_20260905093658_47dd
S2064,S08_window_x_rr,IS,OK,422729.0,1.7164,5.0281,1.4091,583,196940,63,179120,242,46669,278,第2レンジ13-16時 × RR2.0,"{""Sca2BoostMult"": 2.0, ""Sca2Buffer"": 0.05, ""Sca2Enable"": true, ""Sca2ForceClose"": 23, ""Sca2Lot"": 0.01, ""Sca2MaxRange"": 1.0, ""Sca2MinRange"": 0.4, ""Sca2RR"": 2.0, ""Sca2RangeEnd"": 16, ""Sca2RangeStart"": 13, ""Sca2RevBoost"": true, ""Sca2SkipFriday"": true, ""Sca2TradeEnd"": 20}",88.6,s2_is_S2064_20260905093826_336f
S2065,S08_window_x_rr,IS,OK,430708.0,1.7299,5.0044,1.4357,583,196940,63,179120,242,54648,278,第2レンジ13-16時 × RR2.5,"{""Sca2BoostMult"": 2.0, ""Sca2Buffer"": 0.05, ""Sca2Enable"": true, ""Sca2ForceClose"": 23, ""Sca2Lot"": 0.01, ""Sca2MaxRange"": 1.0, ""Sca2MinRange"": 0.4, ""Sca2RR"": 2.5, ""Sca2RangeEnd"": 16, ""Sca2RangeStart"": 13, ""Sca2RevBoost"": true, ""Sca2SkipFriday"": true, ""Sca2TradeEnd"": 20}",88.7,s2_is_S2065_20260905093955_f595
S2066,S08_window_x_rr,IS,OK,428166.0,1.7256,5.0523,1.4272,583,196940,63,179120,242,52106,278,第2レンジ13-16時 × RR3.0,"{""Sca2BoostMult"": 2.0, ""Sca2Buffer"": 0.05, ""Sca2Enable"": true, ""Sca2ForceClose"": 23, ""Sca2Lot"": 0.01, ""Sca2MaxRange"": 1.0, ""Sca2MinRange"": 0.4, ""Sca2RR"": 3.0, ""Sca2RangeEnd"": 16, ""Sca2RangeStart"": 13, ""Sca2RevBoost"": true, ""Sca2SkipFriday"": true, ""Sca2TradeEnd"": 20}",88.6,s2_is_S2066_20260905094123_7dc8
S2067,S08_window_x_rr,IS,OK,473094.0,1.974,5.5415,1.577,441,196940,63,179120,242,97034,136,第2レンジ12-15時 × RR1.3,"{""Sca2BoostMult"": 2.0, ""Sca2Buffer"": 0.05, ""Sca2Enable"": true, ""Sca2ForceClose"": 23, ""Sca2Lot"": 0.01, ""Sca2MaxRange"": 1.0, ""Sca2MinRange"": 0.4, ""Sca2RR"": 1.3, ""Sca2RangeEnd"": 15, ""Sca2RangeStart"": 12, ""Sca2RevBoost"": true, ""Sca2SkipFriday"": true, ""Sca2TradeEnd"": 20}",88.6,s2_is_S2067_20260905094252_a424
S2068,S08_window_x_rr,IS,OK,421027.0,1.8569,5.5992,1.4034,441,196940,63,179120,242,44967,136,第2レンジ12-15時 × RR2.0,"{""Sca2BoostMult"": 2.0, ""Sca2Buffer"": 0.05, ""Sca2Enable"": true, ""Sca2ForceClose"": 23, ""Sca2Lot"": 0.01, ""Sca2MaxRange"": 1.0, ""Sca2MinRange"": 0.4, ""Sca2RR"": 2.0, ""Sca2RangeEnd"": 15, ""Sca2RangeStart"": 12, ""Sca2RevBoost"": true, ""Sca2SkipFriday"": true, ""Sca2TradeEnd"": 20}",88.6,s2_is_S2068_20260905094421_9b31
S2069,S08_window_x_rr,IS,OK,433642.0,1.8825,5.6301,1.4455,441,196940,63,179120,242,57582,136,第2レンジ12-15時 × RR2.5,"{""Sca2BoostMult"": 2.0, ""Sca2Buffer"": 0.05, ""Sca2Enable"": true, ""Sca2ForceClose"": 23, ""Sca2Lot"": 0.01, ""Sca2MaxRange"": 1.0, ""Sca2MinRange"": 0.4, ""Sca2RR"": 2.5, ""Sca2RangeEnd"": 15, ""Sca2RangeStart"": 12, ""Sca2RevBoost"": true, ""Sca2SkipFriday"": true, ""Sca2TradeEnd"": 20}",88.6,s2_is_S2069_20260905094549_e39c
S2070,S08_window_x_rr,IS,OK,443053.0,1.9017,5.6301,1.4768,441,196940,63,179120,242,66993,136,第2レンジ12-15時 × RR3.0,"{""Sca2BoostMult"": 2.0, ""Sca2Buffer"": 0.05, ""Sca2Enable"": true, ""Sca2ForceClose"": 23, ""Sca2Lot"": 0.01, ""Sca2MaxRange"": 1.0, ""Sca2MinRange"": 0.4, ""Sca2RR"": 3.0, ""Sca2RangeEnd"": 15, ""Sca2RangeStart"": 12, ""Sca2RevBoost"": true, ""Sca2SkipFriday"": true, ""Sca2TradeEnd"": 20}",88.6,s2_is_S2070_20260905094718_9a7a
S2001,S01_window,OOS,OK,86635.0,1.4443,3.24,0.315,433,20752,50,52540,245,13343,138,第2レンジ 9-11時（締切20h・決済23h）,"{""Sca2BoostMult"": 2.0, ""Sca2Buffer"": 0.05, ""Sca2Enable"": true, ""Sca2ForceClose"": 23, ""Sca2Lot"": 0.01, ""Sca2MaxRange"": 1.0, ""Sca2MinRange"": 0.4, ""Sca2RR"": 1.7, ""Sca2RangeEnd"": 11, ""Sca2RangeStart"": 9, ""Sca2RevBoost"": true, ""Sca2SkipFriday"": true, ""Sca2TradeEnd"": 20}",63.6,s2_oos_S2001_20260905094846_4801
S2002,S01_window,OOS,OK,54547.0,1.2189,6.4908,0.1984,512,20752,50,52540,245,-18745,217,第2レンジ 9-12時（締切20h・決済23h）,"{""Sca2BoostMult"": 2.0, ""Sca2Buffer"": 0.05, ""Sca2Enable"": true, ""Sca2ForceClose"": 23, ""Sca2Lot"": 0.01, ""Sca2MaxRange"": 1.0, ""Sca2MinRange"": 0.4, ""Sca2RR"": 1.7, ""Sca2RangeEnd"": 12, ""Sca2RangeStart"": 9, ""Sca2RevBoost"": true, ""Sca2SkipFriday"": true, ""Sca2TradeEnd"": 20}",68.6,s2_oos_S2002_20260905094950_08a3
S2003,S01_window,OOS,OK,67771.0,1.2674,4.0968,0.2464,558,20752,50,52540,245,-5521,263,第2レンジ 9-13時（締切20h・決済23h）,"{""Sca2BoostMult"": 2.0, ""Sca2Buffer"": 0.05, ""Sca2Enable"": true, ""Sca2ForceClose"": 23, ""Sca2Lot"": 0.01, ""Sca2MaxRange"": 1.0, ""Sca2MinRange"": 0.4, ""Sca2RR"": 1.7, ""Sca2RangeEnd"": 13, ""Sca2RangeStart"": 9, ""Sca2RevBoost"": true, ""Sca2SkipFriday"": true, ""Sca2TradeEnd"": 20}",68.5,s2_oos_S2003_20260905095059_a08d
S2004,S01_window,OOS,OK,62337.0,1.3369,3.8516,0.2267,379,20752,50,52540,245,-10955,84,第2レンジ 11-13時（締切20h・決済23h）,"{""Sca2BoostMult"": 2.0, ""Sca2Buffer"": 0.05, ""Sca2Enable"": true, ""Sca2ForceClose"": 23, ""Sca2Lot"": 0.01, ""Sca2MaxRange"": 1.0, ""Sca2MinRange"": 0.4, ""Sca2RR"": 1.7, ""Sca2RangeEnd"": 13, ""Sca2RangeStart"": 11, ""Sca2RevBoost"": true, ""Sca2SkipFriday"": true, ""Sca2TradeEnd"": 20}",63.6,s2_oos_S2004_20260905095207_2731
S2005,S01_window,OOS,OK,72283.0,1.3494,3.8435,0.2628,437,20752,50,52540,245,-1009,142,第2レンジ 11-14時（締切20h・決済23h）,"{""Sca2BoostMult"": 2.0, ""Sca2Buffer"": 0.05, ""Sca2Enable"": true, ""Sca2ForceClose"": 23, ""Sca2Lot"": 0.01, ""Sca2MaxRange"": 1.0, ""Sca2MinRange"": 0.4, ""Sca2RR"": 1.7, ""Sca2RangeEnd"": 14, ""Sca2RangeStart"": 11, ""Sca2RevBoost"": true, ""Sca2SkipFriday"": true, ""Sca2TradeEnd"": 20}",63.6,s2_oos_S2005_20260905095311_69d6
S2006,S01_window,OOS,OK,75986.0,1.3193,3.4398,0.2763,510,20752,50,52540,245,2694,215,第2レンジ 11-15時（締切20h・決済23h）,"{""Sca2BoostMult"": 2.0, ""Sca2Buffer"": 0.05, ""Sca2Enable"": true, ""Sca2ForceClose"": 23, ""Sca2Lot"": 0.01, ""Sca2MaxRange"": 1.0, ""Sca2MinRange"": 0.4, ""Sca2RR"": 1.7, ""Sca2RangeEnd"": 15, ""Sca2RangeStart"": 11, ""Sca2RevBoost"": true, ""Sca2SkipFriday"": true, ""Sca2TradeEnd"": 20}",63.6,s2_oos_S2006_20260905095414_8fe9
S2007,S01_window,OOS,OK,82600.0,1.4877,4.8318,0.3004,359,20752,50,52540,245,9308,64,第2レンジ 12-14時（締切20h・決済23h）,"{""Sca2BoostMult"": 2.0, ""Sca2Buffer"": 0.05, ""Sca2Enable"": true, ""Sca2ForceClose"": 23, ""Sca2Lot"": 0.01, ""Sca2MaxRange"": 1.0, ""Sca2MinRange"": 0.4, ""Sca2RR"": 1.7, ""Sca2RangeEnd"": 14, ""Sca2RangeStart"": 12, ""Sca2RevBoost"": true, ""Sca2SkipFriday"": true, ""Sca2TradeEnd"": 20}",63.6,s2_oos_S2007_20260905095518_191a
S2008,S01_window,OOS,OK,71776.0,1.3382,3.2141,0.261,430,20752,50,52540,245,-1516,135,第2レンジ 12-15時（締切20h・決済23h）,"{""Sca2BoostMult"": 2.0, ""Sca2Buffer"": 0.05, ""Sca2Enable"": true, ""Sca2ForceClose"": 23, ""Sca2Lot"": 0.01, ""Sca2MaxRange"": 1.0, ""Sca2MinRange"": 0.4, ""Sca2RR"": 1.7, ""Sca2RangeEnd"": 15, ""Sca2RangeStart"": 12, ""Sca2RevBoost"": true, ""Sca2SkipFriday"": true, ""Sca2TradeEnd"": 20}",63.6,s2_oos_S2008_20260905095622_2c5c
S2009,S01_window,OOS,OK,36089.0,1.1407,4.9059,0.1312,580,20752,50,52540,245,-37203,285,第2レンジ 12-16時（締切20h・決済23h）,"{""Sca2BoostMult"": 2.0, ""Sca2Buffer"": 0.05, ""Sca2Enable"": true, ""Sca2ForceClose"": 23, ""Sca2Lot"": 0.01, ""Sca2MaxRange"": 1.0, ""Sca2MinRange"": 0.4, ""Sca2RR"": 1.7, ""Sca2RangeEnd"": 16, ""Sca2RangeStart"": 12, ""Sca2RevBoost"": true, ""Sca2SkipFriday"": true, ""Sca2TradeEnd"": 20}",68.6,s2_oos_S2009_20260905095725_7f83
S2010,S01_window,OOS,OK,97839.0,1.5401,2.2406,0.3558,380,20752,50,52540,245,24547,85,第2レンジ 13-15時（締切20h・決済23h）,"{""Sca2BoostMult"": 2.0, ""Sca2Buffer"": 0.05, ""Sca2Enable"": true, ""Sca2ForceClose"": 23, ""Sca2Lot"": 0.01, ""Sca2MaxRange"": 1.0, ""Sca2MinRange"": 0.4, ""Sca2RR"": 1.7, ""Sca2RangeEnd"": 15, ""Sca2RangeStart"": 13, ""Sca2RevBoost"": true, ""Sca2SkipFriday"": true, ""Sca2TradeEnd"": 20}",63.6,s2_oos_S2010_20260905095834_36b4
S2011,S01_window,OOS,OK,47351.0,1.1879,3.8863,0.1722,553,20752,50,52540,245,-25941,258,第2レンジ 13-16時（締切20h・決済23h）,"{""Sca2BoostMult"": 2.0, ""Sca2Buffer"": 0.05, ""Sca2Enable"": true, ""Sca2ForceClose"": 23, ""Sca2Lot"": 0.01, ""Sca2MaxRange"": 1.0, ""Sca2MinRange"": 0.4, ""Sca2RR"": 1.7, ""Sca2RangeEnd"": 16, ""Sca2RangeStart"": 13, ""Sca2RevBoost"": true, ""Sca2SkipFriday"": true, ""Sca2TradeEnd"": 20}",68.6,s2_oos_S2011_20260905095937_773e
S2012,S01_window,OOS,OK,50885.0,1.229,3.0818,0.185,561,20752,50,52540,245,-22407,266,第2レンジ 13-17時（締切20h・決済23h）,"{""Sca2BoostMult"": 2.0, ""Sca2Buffer"": 0.05, ""Sca2Enable"": true, ""Sca2ForceClose"": 23, ""Sca2Lot"": 0.01, ""Sca2MaxRange"": 1.0, ""Sca2MinRange"": 0.4, ""Sca2RR"": 1.7, ""Sca2RangeEnd"": 17, ""Sca2RangeStart"": 13, ""Sca2RevBoost"": true, ""Sca2SkipFriday"": true, ""Sca2TradeEnd"": 20}",63.6,s2_oos_S2012_20260905100046_956a
S2013,S01_window,OOS,OK,44518.0,1.1817,3.3188,0.1619,523,20752,50,52540,245,-28774,228,第2レンジ 14-16時（締切20h・決済23h）,"{""Sca2BoostMult"": 2.0, ""Sca2Buffer"": 0.05, ""Sca2Enable"": true, ""Sca2ForceClose"": 23, ""Sca2Lot"": 0.01, ""Sca2MaxRange"": 1.0, ""Sca2MinRange"": 0.4, ""Sca2RR"": 1.7, ""Sca2RangeEnd"": 16, ""Sca2RangeStart"": 14, ""Sca2RevBoost"": true, ""Sca2SkipFriday"": true, ""Sca2TradeEnd"": 20}",68.6,s2_oos_S2013_20260905100150_02f1
S2014,S01_window,OOS,OK,57541.0,1.2654,2.4602,0.2092,548,20752,50,52540,245,-15751,253,第2レンジ 14-17時（締切20h・決済23h）,"{""Sca2BoostMult"": 2.0, ""Sca2Buffer"": 0.05, ""Sca2Enable"": true, ""Sca2ForceClose"": 23, ""Sca2Lot"": 0.01, ""Sca2MaxRange"": 1.0, ""Sca2MinRange"": 0.4, ""Sca2RR"": 1.7, ""Sca2RangeEnd"": 17, ""Sca2RangeStart"": 14, ""Sca2RevBoost"": true, ""Sca2SkipFriday"": true, ""Sca2TradeEnd"": 20}",68.6,s2_oos_S2014_20260905100258_1252
S2015,S01_window,OOS,OK,70983.0,1.3375,2.4828,0.2581,523,20752,50,52540,245,-2309,228,第2レンジ 15-17時（締切20h・決済23h）,"{""Sca2BoostMult"": 2.0, ""Sca2Buffer"": 0.05, ""Sca2Enable"": true, ""Sca2ForceClose"": 23, ""Sca2Lot"": 0.01, ""Sca2MaxRange"": 1.0, ""Sca2MinRange"": 0.4, ""Sca2RR"": 1.7, ""Sca2RangeEnd"": 17, ""Sca2RangeStart"": 15, ""Sca2RevBoost"": true, ""Sca2SkipFriday"": true, ""Sca2TradeEnd"": 20}",63.6,s2_oos_S2015_20260905100407_becf
S2016,S01_window,OOS,OK,78986.0,1.4557,2.9796,0.2872,448,20752,50,52540,245,5694,153,第2レンジ 15-18時（締切20h・決済23h）,"{""Sca2BoostMult"": 2.0, ""Sca2Buffer"": 0.05, ""Sca2Enable"": true, ""Sca2ForceClose"": 23, ""Sca2Lot"": 0.01, ""Sca2MaxRange"": 1.0, ""Sca2MinRange"": 0.4, ""Sca2RR"": 1.7, ""Sca2RangeEnd"": 18, ""Sca2RangeStart"": 15, ""Sca2RevBoost"": true, ""Sca2SkipFriday"": true, ""Sca2TradeEnd"": 20}",63.6,s2_oos_S2016_20260905100510_291b
S2017,S02_timing,OOS,OK,87021.0,1.577,2.267,0.3164,357,20752,50,52540,245,13729,62,第2レンジ13-15時・締切17h・強制決済20h,"{""Sca2BoostMult"": 2.0, ""Sca2Buffer"": 0.05, ""Sca2Enable"": true, ""Sca2ForceClose"": 20, ""Sca2Lot"": 0.01, ""Sca2MaxRange"": 1.0, ""Sca2MinRange"": 0.4, ""Sca2RR"": 1.7, ""Sca2RangeEnd"": 15, ""Sca2RangeStart"": 13, ""Sca2RevBoost"": true, ""Sca2SkipFriday"": true, ""Sca2TradeEnd"": 17}",63.6,s2_oos_S2017_20260905100614_e65a
S2018,S02_timing,OOS,OK,101588.0,1.6704,2.2095,0.3694,357,20752,50,52540,245,28296,62,第2レンジ13-15時・締切17h・強制決済22h,"{""Sca2BoostMult"": 2.0, ""Sca2Buffer"": 0.05, ""Sca2Enable"": true, ""Sca2ForceClose"": 22, ""Sca2Lot"": 0.01, ""Sca2MaxRange"": 1.0, ""Sca2MinRange"": 0.4, ""Sca2RR"": 1.7, ""Sca2RangeEnd"": 15, ""Sca2RangeStart"": 13, ""Sca2RevBoost"": true, ""Sca2SkipFriday"": true, ""Sca2TradeEnd"": 17}",63.6,s2_oos_S2018_20260905100718_e2c5
S2019,S02_timing,OOS,OK,90245.0,1.5736,2.2443,0.3282,366,20752,50,52540,245,16953,71,第2レンジ13-15時・締切18h・強制決済21h,"{""Sca2BoostMult"": 2.0, ""Sca2Buffer"": 0.05, ""Sca2Enable"": true, ""Sca2ForceClose"": 21, ""Sca2Lot"": 0.01, ""Sca2MaxRange"": 1.0, ""Sca2MinRange"": 0.4, ""Sca2RR"": 1.7, ""Sca2RangeEnd"": 15, ""Sca2RangeStart"": 13, ""Sca2RevBoost"": true, ""Sca2SkipFriday"": true, ""Sca2TradeEnd"": 18}",63.6,s2_oos_S2019_20260905100821_1d09
S2020,S02_timing,OOS,OK,105273.0,1.6159,2.1546,0.3828,366,20752,50,52540,245,31981,71,第2レンジ13-15時・締切18h・強制決済23h,"{""Sca2BoostMult"": 2.0, ""Sca2Buffer"": 0.05, ""Sca2Enable"": true, ""Sca2ForceClose"": 23, ""Sca2Lot"": 0.01, ""Sca2MaxRange"": 1.0, ""Sca2MinRange"": 0.4, ""Sca2RR"": 1.7, ""Sca2RangeEnd"": 15, ""Sca2RangeStart"": 13, ""Sca2RevBoost"": true, ""Sca2SkipFriday"": true, ""Sca2TradeEnd"": 18}",63.7,s2_oos_S2020_20260905100925_a952
S2021,S02_timing,OOS,OK,89519.0,1.5363,2.3251,0.3255,376,20752,50,52540,245,16227,81,第2レンジ13-15時・締切19h・強制決済22h,"{""Sca2BoostMult"": 2.0, ""Sca2Buffer"": 0.05, ""Sca2Enable"": true, ""Sca2ForceClose"": 22, ""Sca2Lot"": 0.01, ""Sca2MaxRange"": 1.0, ""Sca2MinRange"": 0.4, ""Sca2RR"": 1.7, ""Sca2RangeEnd"": 15, ""Sca2RangeStart"": 13, ""Sca2RevBoost"": true, ""Sca2SkipFriday"": true, ""Sca2TradeEnd"": 19}",63.5,s2_oos_S2021_20260905101028_87e3
S2022,S02_timing,OOS,OK,96413.0,1.5337,2.2407,0.3506,376,20752,50,52540,245,23121,81,第2レンジ13-15時・締切19h・強制決済23h,"{""Sca2BoostMult"": 2.0, ""Sca2Buffer"": 0.05, ""Sca2Enable"": true, ""Sca2ForceClose"": 23, ""Sca2Lot"": 0.01, ""Sca2MaxRange"": 1.0, ""Sca2MinRange"": 0.4, ""Sca2RR"": 1.7, ""Sca2RangeEnd"": 15, ""Sca2RangeStart"": 13, ""Sca2RevBoost"": true, ""Sca2SkipFriday"": true, ""Sca2TradeEnd"": 19}",63.6,s2_oos_S2022_20260905101132_fa52
S2023,S02_timing,OOS,OK,89719.0,1.5354,2.3264,0.3263,380,20752,50,52540,245,16427,85,第2レンジ13-15時・締切20h・強制決済22h,"{""Sca2BoostMult"": 2.0, ""Sca2Buffer"": 0.05, ""Sca2Enable"": true, ""Sca2ForceClose"": 22, ""Sca2Lot"": 0.01, ""Sca2MaxRange"": 1.0, ""Sca2MinRange"": 0.4, ""Sca2RR"": 1.7, ""Sca2RangeEnd"": 15, ""Sca2RangeStart"": 13, ""Sca2RevBoost"": true, ""Sca2SkipFriday"": true, ""Sca2TradeEnd"": 20}",63.6,s2_oos_S2023_20260905101235_7005
S2024,S02_timing,OOS,OK,98488.0,1.5436,2.2382,0.3581,383,20752,50,52540,245,25196,88,第2レンジ13-15時・締切21h・強制決済23h,"{""Sca2BoostMult"": 2.0, ""Sca2Buffer"": 0.05, ""Sca2Enable"": true, ""Sca2ForceClose"": 23, ""Sca2Lot"": 0.01, ""Sca2MaxRange"": 1.0, ""Sca2MinRange"": 0.4, ""Sca2RR"": 1.7, ""Sca2RangeEnd"": 15, ""Sca2RangeStart"": 13, ""Sca2RevBoost"": true, ""Sca2SkipFriday"": true, ""Sca2TradeEnd"": 21}",63.6,s2_oos_S2024_20260905101339_556a
S2025,S02_timing,OOS,OK,85589.0,1.6031,2.2613,0.3112,329,20752,50,52540,245,12297,34,第2レンジ13-15時・締切16h・強制決済19h,"{""Sca2BoostMult"": 2.0, ""Sca2Buffer"": 0.05, ""Sca2Enable"": true, ""Sca2ForceClose"": 19, ""Sca2Lot"": 0.01, ""Sca2MaxRange"": 1.0, ""Sca2MinRange"": 0.4, ""Sca2RR"": 1.7, ""Sca2RangeEnd"": 15, ""Sca2RangeStart"": 13, ""Sca2RevBoost"": true, ""Sca2SkipFriday"": true, ""Sca2TradeEnd"": 16}",63.6,s2_oos_S2025_20260905101443_a412
S2026,S02_timing,OOS,OK,95574.0,1.6712,2.1933,0.3475,329,20752,50,52540,245,22282,34,第2レンジ13-15時・締切16h・強制決済22h,"{""Sca2BoostMult"": 2.0, ""Sca2Buffer"": 0.05, ""Sca2Enable"": true, ""Sca2ForceClose"": 22, ""Sca2Lot"": 0.01, ""Sca2MaxRange"": 1.0, ""Sca2MinRange"": 0.4, ""Sca2RR"": 1.7, ""Sca2RangeEnd"": 15, ""Sca2RangeStart"": 13, ""Sca2RevBoost"": true, ""Sca2SkipFriday"": true, ""Sca2TradeEnd"": 16}",63.6,s2_oos_S2026_20260905101546_00b0
S2027,S02_timing,OOS,OK,96180.0,1.5242,2.2983,0.3497,386,20752,50,52540,245,22888,91,第2レンジ13-15時・締切22h・強制決済23h,"{""Sca2BoostMult"": 2.0, ""Sca2Buffer"": 0.05, ""Sca2Enable"": true, ""Sca2ForceClose"": 23, ""Sca2Lot"": 0.01, ""Sca2MaxRange"": 1.0, ""Sca2MinRange"": 0.4, ""Sca2RR"": 1.7, ""Sca2RangeEnd"": 15, ""Sca2RangeStart"": 13, ""Sca2RevBoost"": true, ""Sca2SkipFriday"": true, ""Sca2TradeEnd"": 22}",63.7,s2_oos_S2027_20260905101650_dee6
S2028,S03_range_filter,OOS,OK,49532.0,1.1179,11.6731,0.1801,894,20752,50,52540,245,-23760,599,レンジ幅 0.2〜1.0ATR（既定0.40〜1.00）,"{""Sca2BoostMult"": 2.0, ""Sca2Buffer"": 0.05, ""Sca2Enable"": true, ""Sca2ForceClose"": 23, ""Sca2Lot"": 0.01, ""Sca2MaxRange"": 1.0, ""Sca2MinRange"": 0.2, ""Sca2RR"": 1.7, ""Sca2RangeEnd"": 15, ""Sca2RangeStart"": 13, ""Sca2RevBoost"": true, ""Sca2SkipFriday"": true, ""Sca2TradeEnd"": 20}",68.6,s2_oos_S2028_20260905101754_34ab
S2029,S03_range_filter,OOS,OK,75848.0,1.301,3.1723,0.2758,523,20752,50,52540,245,2556,228,レンジ幅 0.3〜1.0ATR（既定0.40〜1.00）,"{""Sca2BoostMult"": 2.0, ""Sca2Buffer"": 0.05, ""Sca2Enable"": true, ""Sca2ForceClose"": 23, ""Sca2Lot"": 0.01, ""Sca2MaxRange"": 1.0, ""Sca2MinRange"": 0.3, ""Sca2RR"": 1.7, ""Sca2RangeEnd"": 15, ""Sca2RangeStart"": 13, ""Sca2RevBoost"": true, ""Sca2SkipFriday"": true, ""Sca2TradeEnd"": 20}",63.6,s2_oos_S2029_20260905101902_fd49
S2030,S03_range_filter,OOS,OK,107798.0,1.7402,2.1309,0.392,330,20752,50,52540,245,34506,35,レンジ幅 0.5〜1.0ATR（既定0.40〜1.00）,"{""Sca2BoostMult"": 2.0, ""Sca2Buffer"": 0.05, ""Sca2Enable"": true, ""Sca2ForceClose"": 23, ""Sca2Lot"": 0.01, ""Sca2MaxRange"": 1.0, ""Sca2MinRange"": 0.5, ""Sca2RR"": 1.7, ""Sca2RangeEnd"": 15, ""Sca2RangeStart"": 13, ""Sca2RevBoost"": true, ""Sca2SkipFriday"": true, ""Sca2TradeEnd"": 20}",63.7,s2_oos_S2030_20260905102006_0695
S2031,S03_range_filter,OOS,OK,81336.0,1.5711,2.4186,0.2958,312,20752,50,52540,245,8044,17,レンジ幅 0.6〜1.2ATR（既定0.40〜1.00）,"{""Sca2BoostMult"": 2.0, ""Sca2Buffer"": 0.05, ""Sca2Enable"": true, ""Sca2ForceClose"": 23, ""Sca2Lot"": 0.01, ""Sca2MaxRange"": 1.2, ""Sca2MinRange"": 0.6, ""Sca2RR"": 1.7, ""Sca2RangeEnd"": 15, ""Sca2RangeStart"": 13, ""Sca2RevBoost"": true, ""Sca2SkipFriday"": true, ""Sca2TradeEnd"": 20}",63.5,s2_oos_S2031_20260905102109_8835
S2032,S03_range_filter,OOS,OK,92230.0,1.5197,2.2406,0.3354,377,20752,50,52540,245,18938,82,レンジ幅 0.4〜0.8ATR（既定0.40〜1.00）,"{""Sca2BoostMult"": 2.0, ""Sca2Buffer"": 0.05, ""Sca2Enable"": true, ""Sca2ForceClose"": 23, ""Sca2Lot"": 0.01, ""Sca2MaxRange"": 0.8, ""Sca2MinRange"": 0.4, ""Sca2RR"": 1.7, ""Sca2RangeEnd"": 15, ""Sca2RangeStart"": 13, ""Sca2RevBoost"": true, ""Sca2SkipFriday"": true, ""Sca2TradeEnd"": 20}",63.6,s2_oos_S2032_20260905102213_ec12
S2033,S03_range_filter,OOS,OK,98372.0,1.543,2.2406,0.3577,381,20752,50,52540,245,25080,86,レンジ幅 0.4〜1.5ATR（既定0.40〜1.00）,"{""Sca2BoostMult"": 2.0, ""Sca2Buffer"": 0.05, ""Sca2Enable"": true, ""Sca2ForceClose"": 23, ""Sca2Lot"": 0.01, ""Sca2MaxRange"": 1.5, ""Sca2MinRange"": 0.4, ""Sca2RR"": 1.7, ""Sca2RangeEnd"": 15, ""Sca2RangeStart"": 13, ""Sca2RevBoost"": true, ""Sca2SkipFriday"": true, ""Sca2TradeEnd"": 20}",63.6,s2_oos_S2033_20260905102317_a0b1
S2034,S03_range_filter,OOS,OK,98372.0,1.543,2.2406,0.3577,381,20752,50,52540,245,25080,86,レンジ幅 0.4〜2.0ATR（既定0.40〜1.00）,"{""Sca2BoostMult"": 2.0, ""Sca2Buffer"": 0.05, ""Sca2Enable"": true, ""Sca2ForceClose"": 23, ""Sca2Lot"": 0.01, ""Sca2MaxRange"": 2.0, ""Sca2MinRange"": 0.4, ""Sca2RR"": 1.7, ""Sca2RangeEnd"": 15, ""Sca2RangeStart"": 13, ""Sca2RevBoost"": true, ""Sca2SkipFriday"": true, ""Sca2TradeEnd"": 20}",63.6,s2_oos_S2034_20260905102420_a2cd
S2035,S03_range_filter,OOS,OK,57676.0,1.1802,7.1139,0.2097,673,20752,50,52540,245,-15616,378,レンジ幅 0.25〜0.75ATR（既定0.40〜1.00）,"{""Sca2BoostMult"": 2.0, ""Sca2Buffer"": 0.05, ""Sca2Enable"": true, ""Sca2ForceClose"": 23, ""Sca2Lot"": 0.01, ""Sca2MaxRange"": 0.75, ""Sca2MinRange"": 0.25, ""Sca2RR"": 1.7, ""Sca2RangeEnd"": 15, ""Sca2RangeStart"": 13, ""Sca2RevBoost"": true, ""Sca2SkipFriday"": true, ""Sca2TradeEnd"": 20}",68.6,s2_oos_S2035_20260905102524_b30d
S2036,S03_range_filter,OOS,OK,76381.0,1.3031,3.1723,0.2777,524,20752,50,52540,245,3089,229,レンジ幅 0.3〜1.5ATR（既定0.40〜1.00）,"{""Sca2BoostMult"": 2.0, ""Sca2Buffer"": 0.05, ""Sca2Enable"": true, ""Sca2ForceClose"": 23, ""Sca2Lot"": 0.01, ""Sca2MaxRange"": 1.5, ""Sca2MinRange"": 0.3, ""Sca2RR"": 1.7, ""Sca2RangeEnd"": 15, ""Sca2RangeStart"": 13, ""Sca2RevBoost"": true, ""Sca2SkipFriday"": true, ""Sca2TradeEnd"": 20}",63.6,s2_oos_S2036_20260905102632_d118
S2037,S03_range_filter,OOS,OK,108331.0,1.7438,2.1309,0.3939,331,20752,50,52540,245,35039,36,レンジ幅 0.5〜2.0ATR（既定0.40〜1.00）,"{""Sca2BoostMult"": 2.0, ""Sca2Buffer"": 0.05, ""Sca2Enable"": true, ""Sca2ForceClose"": 23, ""Sca2Lot"": 0.01, ""Sca2MaxRange"": 2.0, ""Sca2MinRange"": 0.5, ""Sca2RR"": 1.7, ""Sca2RangeEnd"": 15, ""Sca2RangeStart"": 13, ""Sca2RevBoost"": true, ""Sca2SkipFriday"": true, ""Sca2TradeEnd"": 20}",63.7,s2_oos_S2037_20260905102736_ad58
S2038,S04_rr,OOS,OK,84912.0,1.4771,2.3174,0.3088,380,20752,50,52540,245,11620,85,第2セッションのRRを1.0に（既定1.7）,"{""Sca2BoostMult"": 2.0, ""Sca2Buffer"": 0.05, ""Sca2Enable"": true, ""Sca2ForceClose"": 23, ""Sca2Lot"": 0.01, ""Sca2MaxRange"": 1.0, ""Sca2MinRange"": 0.4, ""Sca2RR"": 1.0, ""Sca2RangeEnd"": 15, ""Sca2RangeStart"": 13, ""Sca2RevBoost"": true, ""Sca2SkipFriday"": true, ""Sca2TradeEnd"": 20}",63.6,s2_oos_S2038_20260905102840_e3d7
S2039,S04_rr,OOS,OK,87238.0,1.4816,2.2695,0.3172,380,20752,50,52540,245,13946,85,第2セッションのRRを1.3に（既定1.7）,"{""Sca2BoostMult"": 2.0, ""Sca2Buffer"": 0.05, ""Sca2Enable"": true, ""Sca2ForceClose"": 23, ""Sca2Lot"": 0.01, ""Sca2MaxRange"": 1.0, ""Sca2MinRange"": 0.4, ""Sca2RR"": 1.3, ""Sca2RangeEnd"": 15, ""Sca2RangeStart"": 13, ""Sca2RevBoost"": true, ""Sca2SkipFriday"": true, ""Sca2TradeEnd"": 20}",63.6,s2_oos_S2039_20260905102943_8b85
S2040,S04_rr,OOS,OK,93258.0,1.5148,2.2272,0.3391,380,20752,50,52540,245,19966,85,第2セッションのRRを1.5に（既定1.7）,"{""Sca2BoostMult"": 2.0, ""Sca2Buffer"": 0.05, ""Sca2Enable"": true, ""Sca2ForceClose"": 23, ""Sca2Lot"": 0.01, ""Sca2MaxRange"": 1.0, ""Sca2MinRange"": 0.4, ""Sca2RR"": 1.5, ""Sca2RangeEnd"": 15, ""Sca2RangeStart"": 13, ""Sca2RevBoost"": true, ""Sca2SkipFriday"": true, ""Sca2TradeEnd"": 20}",63.6,s2_oos_S2040_20260905103047_f0a7
S2041,S04_rr,OOS,OK,100784.0,1.5595,2.2416,0.3665,379,20752,50,52540,245,27492,84,第2セッションのRRを2.0に（既定1.7）,"{""Sca2BoostMult"": 2.0, ""Sca2Buffer"": 0.05, ""Sca2Enable"": true, ""Sca2ForceClose"": 23, ""Sca2Lot"": 0.01, ""Sca2MaxRange"": 1.0, ""Sca2MinRange"": 0.4, ""Sca2RR"": 2.0, ""Sca2RangeEnd"": 15, ""Sca2RangeStart"": 13, ""Sca2RevBoost"": true, ""Sca2SkipFriday"": true, ""Sca2TradeEnd"": 20}",63.6,s2_oos_S2041_20260905103150_9a89
S2042,S04_rr,OOS,OK,99066.0,1.5469,2.2416,0.3602,379,20752,50,52540,245,25774,84,第2セッションのRRを2.5に（既定1.7）,"{""Sca2BoostMult"": 2.0, ""Sca2Buffer"": 0.05, ""Sca2Enable"": true, ""Sca2ForceClose"": 23, ""Sca2Lot"": 0.01, ""Sca2MaxRange"": 1.0, ""Sca2MinRange"": 0.4, ""Sca2RR"": 2.5, ""Sca2RangeEnd"": 15, ""Sca2RangeStart"": 13, ""Sca2RevBoost"": true, ""Sca2SkipFriday"": true, ""Sca2TradeEnd"": 20}",63.5,s2_oos_S2042_20260905103254_cded
S2043,S04_rr,OOS,OK,91417.0,1.5089,2.2416,0.3324,378,20752,50,52540,245,18125,83,第2セッションのRRを3.0に（既定1.7）,"{""Sca2BoostMult"": 2.0, ""Sca2Buffer"": 0.05, ""Sca2Enable"": true, ""Sca2ForceClose"": 23, ""Sca2Lot"": 0.01, ""Sca2MaxRange"": 1.0, ""Sca2MinRange"": 0.4, ""Sca2RR"": 3.0, ""Sca2RangeEnd"": 15, ""Sca2RangeStart"": 13, ""Sca2RevBoost"": true, ""Sca2SkipFriday"": true, ""Sca2TradeEnd"": 20}",63.7,s2_oos_S2043_20260905103357_af8d
S2044,S04_rr,OOS,OK,96377.0,1.5329,2.2416,0.3505,378,20752,50,52540,245,23085,83,第2セッションのRRを4.0に（既定1.7）,"{""Sca2BoostMult"": 2.0, ""Sca2Buffer"": 0.05, ""Sca2Enable"": true, ""Sca2ForceClose"": 23, ""Sca2Lot"": 0.01, ""Sca2MaxRange"": 1.0, ""Sca2MinRange"": 0.4, ""Sca2RR"": 4.0, ""Sca2RangeEnd"": 15, ""Sca2RangeStart"": 13, ""Sca2RevBoost"": true, ""Sca2SkipFriday"": true, ""Sca2TradeEnd"": 20}",63.6,s2_oos_S2044_20260905103501_ede9
S2045,S04_rr,OOS,OK,95376.0,1.534,2.2416,0.3468,377,20752,50,52540,245,22084,82,第2セッションのRRを5.0に（既定1.7）,"{""Sca2BoostMult"": 2.0, ""Sca2Buffer"": 0.05, ""Sca2Enable"": true, ""Sca2ForceClose"": 23, ""Sca2Lot"": 0.01, ""Sca2MaxRange"": 1.0, ""Sca2MinRange"": 0.4, ""Sca2RR"": 5.0, ""Sca2RangeEnd"": 15, ""Sca2RangeStart"": 13, ""Sca2RevBoost"": true, ""Sca2SkipFriday"": true, ""Sca2TradeEnd"": 20}",63.6,s2_oos_S2045_20260905103605_722b
S2046,S05_buffer,OOS,OK,97336.0,1.5254,2.2237,0.3539,389,20752,50,52540,245,24044,94,ブレイクバッファ 0.0ATR（既定0.05）,"{""Sca2BoostMult"": 2.0, ""Sca2Buffer"": 0.0, ""Sca2Enable"": true, ""Sca2ForceClose"": 23, ""Sca2Lot"": 0.01, ""Sca2MaxRange"": 1.0, ""Sca2MinRange"": 0.4, ""Sca2RR"": 1.7, ""Sca2RangeEnd"": 15, ""Sca2RangeStart"": 13, ""Sca2RevBoost"": true, ""Sca2SkipFriday"": true, ""Sca2TradeEnd"": 20}",63.7,s2_oos_S2046_20260905103708_dc3f
S2047,S05_buffer,OOS,OK,101478.0,1.5666,2.2238,0.369,384,20752,50,52540,245,28186,89,ブレイクバッファ 0.02ATR（既定0.05）,"{""Sca2BoostMult"": 2.0, ""Sca2Buffer"": 0.02, ""Sca2Enable"": true, ""Sca2ForceClose"": 23, ""Sca2Lot"": 0.01, ""Sca2MaxRange"": 1.0, ""Sca2MinRange"": 0.4, ""Sca2RR"": 1.7, ""Sca2RangeEnd"": 15, ""Sca2RangeStart"": 13, ""Sca2RevBoost"": true, ""Sca2SkipFriday"": true, ""Sca2TradeEnd"": 20}",63.6,s2_oos_S2047_20260905103812_8610
S2048,S05_buffer,OOS,OK,96023.0,1.5366,2.2792,0.3492,371,20752,50,52540,245,22731,76,ブレイクバッファ 0.1ATR（既定0.05）,"{""Sca2BoostMult"": 2.0, ""Sca2Buffer"": 0.1, ""Sca2Enable"": true, ""Sca2ForceClose"": 23, ""Sca2Lot"": 0.01, ""Sca2MaxRange"": 1.0, ""Sca2MinRange"": 0.4, ""Sca2RR"": 1.7, ""Sca2RangeEnd"": 15, ""Sca2RangeStart"": 13, ""Sca2RevBoost"": true, ""Sca2SkipFriday"": true, ""Sca2TradeEnd"": 20}",63.7,s2_oos_S2048_20260905103916_8497
S2049,S05_buffer,OOS,OK,96094.0,1.5693,2.3219,0.3494,359,20752,50,52540,245,22802,64,ブレイクバッファ 0.15ATR（既定0.05）,"{""Sca2BoostMult"": 2.0, ""Sca2Buffer"": 0.15, ""Sca2Enable"": true, ""Sca2ForceClose"": 23, ""Sca2Lot"": 0.01, ""Sca2MaxRange"": 1.0, ""Sca2MinRange"": 0.4, ""Sca2RR"": 1.7, ""Sca2RangeEnd"": 15, ""Sca2RangeStart"": 13, ""Sca2RevBoost"": true, ""Sca2SkipFriday"": true, ""Sca2TradeEnd"": 20}",63.6,s2_oos_S2049_20260905104019_9c39
S2050,S05_buffer,OOS,OK,93770.0,1.5591,2.6745,0.341,353,20752,50,52540,245,20478,58,ブレイクバッファ 0.2ATR（既定0.05）,"{""Sca2BoostMult"": 2.0, ""Sca2Buffer"": 0.2, ""Sca2Enable"": true, ""Sca2ForceClose"": 23, ""Sca2Lot"": 0.01, ""Sca2MaxRange"": 1.0, ""Sca2MinRange"": 0.4, ""Sca2RR"": 1.7, ""Sca2RangeEnd"": 15, ""Sca2RangeStart"": 13, ""Sca2RevBoost"": true, ""Sca2SkipFriday"": true, ""Sca2TradeEnd"": 20}",63.5,s2_oos_S2050_20260905104123_a97d
S2051,S05_buffer,OOS,OK,95656.0,1.6107,2.6667,0.3478,335,20752,50,52540,245,22364,40,ブレイクバッファ 0.3ATR（既定0.05）,"{""Sca2BoostMult"": 2.0, ""Sca2Buffer"": 0.3, ""Sca2Enable"": true, ""Sca2ForceClose"": 23, ""Sca2Lot"": 0.01, ""Sca2MaxRange"": 1.0, ""Sca2MinRange"": 0.4, ""Sca2RR"": 1.7, ""Sca2RangeEnd"": 15, ""Sca2RangeStart"": 13, ""Sca2RevBoost"": true, ""Sca2SkipFriday"": true, ""Sca2TradeEnd"": 20}",63.6,s2_oos_S2051_20260905104226_3e62
S2052,S06_boost,OOS,OK,99567.0,1.5934,2.2341,0.3621,380,20752,50,52540,245,26275,85,Boostなし（等ロット）,"{""Sca2BoostMult"": 2.0, ""Sca2Buffer"": 0.05, ""Sca2Enable"": true, ""Sca2ForceClose"": 23, ""Sca2Lot"": 0.01, ""Sca2MaxRange"": 1.0, ""Sca2MinRange"": 0.4, ""Sca2RR"": 1.7, ""Sca2RangeEnd"": 15, ""Sca2RangeStart"": 13, ""Sca2RevBoost"": false, ""Sca2SkipFriday"": true, ""Sca2TradeEnd"": 20}",63.6,s2_oos_S2052_20260905104330_0e7b
S2053,S06_boost,OOS,OK,99567.0,1.5934,2.2341,0.3621,380,20752,50,52540,245,26275,85,Boost倍率 1.5（既定2.0）,"{""Sca2BoostMult"": 1.5, ""Sca2Buffer"": 0.05, ""Sca2Enable"": true, ""Sca2ForceClose"": 23, ""Sca2Lot"": 0.01, ""Sca2MaxRange"": 1.0, ""Sca2MinRange"": 0.4, ""Sca2RR"": 1.7, ""Sca2RangeEnd"": 15, ""Sca2RangeStart"": 13, ""Sca2RevBoost"": true, ""Sca2SkipFriday"": true, ""Sca2TradeEnd"": 20}",63.7,s2_oos_S2053_20260905104434_737f
S2054,S06_boost,OOS,OK,97839.0,1.5401,2.2406,0.3558,380,20752,50,52540,245,24547,85,Boost倍率 2.5（既定2.0）,"{""Sca2BoostMult"": 2.5, ""Sca2Buffer"": 0.05, ""Sca2Enable"": true, ""Sca2ForceClose"": 23, ""Sca2Lot"": 0.01, ""Sca2MaxRange"": 1.0, ""Sca2MinRange"": 0.4, ""Sca2RR"": 1.7, ""Sca2RangeEnd"": 15, ""Sca2RangeStart"": 13, ""Sca2RevBoost"": true, ""Sca2SkipFriday"": true, ""Sca2TradeEnd"": 20}",63.7,s2_oos_S2054_20260905104537_4026
S2055,S06_boost,OOS,OK,96111.0,1.4941,2.3499,0.3495,380,20752,50,52540,245,22819,85,Boost倍率 3.0（既定2.0）,"{""Sca2BoostMult"": 3.0, ""Sca2Buffer"": 0.05, ""Sca2Enable"": true, ""Sca2ForceClose"": 23, ""Sca2Lot"": 0.01, ""Sca2MaxRange"": 1.0, ""Sca2MinRange"": 0.4, ""Sca2RR"": 1.7, ""Sca2RangeEnd"": 15, ""Sca2RangeStart"": 13, ""Sca2RevBoost"": true, ""Sca2SkipFriday"": true, ""Sca2TradeEnd"": 20}",63.6,s2_oos_S2055_20260905104641_7be8
S2056,S06_boost,OOS,OK,94386.0,1.454,2.7106,0.3432,380,20752,50,52540,245,21094,85,Boost倍率 4.0（既定2.0）,"{""Sca2BoostMult"": 4.0, ""Sca2Buffer"": 0.05, ""Sca2Enable"": true, ""Sca2ForceClose"": 23, ""Sca2Lot"": 0.01, ""Sca2MaxRange"": 1.0, ""Sca2MinRange"": 0.4, ""Sca2RR"": 1.7, ""Sca2RangeEnd"": 15, ""Sca2RangeStart"": 13, ""Sca2RevBoost"": true, ""Sca2SkipFriday"": true, ""Sca2TradeEnd"": 20}",63.7,s2_oos_S2056_20260905104745_05e6
S2057,S06_boost,OOS,OK,95933.0,1.5449,2.1641,0.3488,398,20752,50,52540,245,22641,103,Boostなし＋金曜も取引,"{""Sca2BoostMult"": 2.0, ""Sca2Buffer"": 0.05, ""Sca2Enable"": true, ""Sca2ForceClose"": 23, ""Sca2Lot"": 0.01, ""Sca2MaxRange"": 1.0, ""Sca2MinRange"": 0.4, ""Sca2RR"": 1.7, ""Sca2RangeEnd"": 15, ""Sca2RangeStart"": 13, ""Sca2RevBoost"": false, ""Sca2SkipFriday"": false, ""Sca2TradeEnd"": 20}",63.6,s2_oos_S2057_20260905104848_f34a
S2058,S07_friday,OOS,OK,92534.0,1.4814,2.6856,0.3365,398,20752,50,52540,245,19242,103,金曜も取引する（既定はスキップ）,"{""Sca2BoostMult"": 2.0, ""Sca2Buffer"": 0.05, ""Sca2Enable"": true, ""Sca2ForceClose"": 23, ""Sca2Lot"": 0.01, ""Sca2MaxRange"": 1.0, ""Sca2MinRange"": 0.4, ""Sca2RR"": 1.7, ""Sca2RangeEnd"": 15, ""Sca2RangeStart"": 13, ""Sca2RevBoost"": true, ""Sca2SkipFriday"": false, ""Sca2TradeEnd"": 20}",63.6,s2_oos_S2058_20260905104952_e948
S2059,S08_window_x_rr,OOS,OK,58901.0,1.3183,4.376,0.2142,379,20752,50,52540,245,-14391,84,第2レンジ11-13時 × RR1.3,"{""Sca2BoostMult"": 2.0, ""Sca2Buffer"": 0.05, ""Sca2Enable"": true, ""Sca2ForceClose"": 23, ""Sca2Lot"": 0.01, ""Sca2MaxRange"": 1.0, ""Sca2MinRange"": 0.4, ""Sca2RR"": 1.3, ""Sca2RangeEnd"": 13, ""Sca2RangeStart"": 11, ""Sca2RevBoost"": true, ""Sca2SkipFriday"": true, ""Sca2TradeEnd"": 20}",63.7,s2_oos_S2059_20260905105055_1389
S2060,S08_window_x_rr,OOS,OK,59714.0,1.3227,3.8881,0.2171,379,20752,50,52540,245,-13578,84,第2レンジ11-13時 × RR2.0,"{""Sca2BoostMult"": 2.0, ""Sca2Buffer"": 0.05, ""Sca2Enable"": true, ""Sca2ForceClose"": 23, ""Sca2Lot"": 0.01, ""Sca2MaxRange"": 1.0, ""Sca2MinRange"": 0.4, ""Sca2RR"": 2.0, ""Sca2RangeEnd"": 13, ""Sca2RangeStart"": 11, ""Sca2RevBoost"": true, ""Sca2SkipFriday"": true, ""Sca2TradeEnd"": 20}",63.6,s2_oos_S2060_20260905105159_e9e5
S2061,S08_window_x_rr,OOS,OK,62488.0,1.3377,3.8587,0.2272,379,20752,50,52540,245,-10804,84,第2レンジ11-13時 × RR2.5,"{""Sca2BoostMult"": 2.0, ""Sca2Buffer"": 0.05, ""Sca2Enable"": true, ""Sca2ForceClose"": 23, ""Sca2Lot"": 0.01, ""Sca2MaxRange"": 1.0, ""Sca2MinRange"": 0.4, ""Sca2RR"": 2.5, ""Sca2RangeEnd"": 13, ""Sca2RangeStart"": 11, ""Sca2RevBoost"": true, ""Sca2SkipFriday"": true, ""Sca2TradeEnd"": 20}",63.7,s2_oos_S2061_20260905105303_f03c
S2062,S08_window_x_rr,OOS,OK,61073.0,1.33,3.8587,0.2221,379,20752,50,52540,245,-12219,84,第2レンジ11-13時 × RR3.0,"{""Sca2BoostMult"": 2.0, ""Sca2Buffer"": 0.05, ""Sca2Enable"": true, ""Sca2ForceClose"": 23, ""Sca2Lot"": 0.01, ""Sca2MaxRange"": 1.0, ""Sca2MinRange"": 0.4, ""Sca2RR"": 3.0, ""Sca2RangeEnd"": 13, ""Sca2RangeStart"": 11, ""Sca2RevBoost"": true, ""Sca2SkipFriday"": true, ""Sca2TradeEnd"": 20}",63.6,s2_oos_S2062_20260905105406_4262
S2063,S08_window_x_rr,OOS,OK,47615.0,1.1902,3.3156,0.1731,553,20752,50,52540,245,-25677,258,第2レンジ13-16時 × RR1.3,"{""Sca2BoostMult"": 2.0, ""Sca2Buffer"": 0.05, ""Sca2Enable"": true, ""Sca2ForceClose"": 23, ""Sca2Lot"": 0.01, ""Sca2MaxRange"": 1.0, ""Sca2MinRange"": 0.4, ""Sca2RR"": 1.3, ""Sca2RangeEnd"": 16, ""Sca2RangeStart"": 13, ""Sca2RevBoost"": true, ""Sca2SkipFriday"": true, ""Sca2TradeEnd"": 20}",68.5,s2_oos_S2063_20260905105510_1367
S2064,S08_window_x_rr,OOS,OK,47617.0,1.1964,4.1033,0.1732,551,20752,50,52540,245,-25675,256,第2レンジ13-16時 × RR2.0,"{""Sca2BoostMult"": 2.0, ""Sca2Buffer"": 0.05, ""Sca2Enable"": true, ""Sca2ForceClose"": 23, ""Sca2Lot"": 0.01, ""Sca2MaxRange"": 1.0, ""Sca2MinRange"": 0.4, ""Sca2RR"": 2.0, ""Sca2RangeEnd"": 16, ""Sca2RangeStart"": 13, ""Sca2RevBoost"": true, ""Sca2SkipFriday"": true, ""Sca2TradeEnd"": 20}",68.5,s2_oos_S2064_20260905105619_6bc3
S2065,S08_window_x_rr,OOS,OK,51760.0,1.2135,4.1026,0.1882,551,20752,50,52540,245,-21532,256,第2レンジ13-16時 × RR2.5,"{""Sca2BoostMult"": 2.0, ""Sca2Buffer"": 0.05, ""Sca2Enable"": true, ""Sca2ForceClose"": 23, ""Sca2Lot"": 0.01, ""Sca2MaxRange"": 1.0, ""Sca2MinRange"": 0.4, ""Sca2RR"": 2.5, ""Sca2RangeEnd"": 16, ""Sca2RangeStart"": 13, ""Sca2RevBoost"": true, ""Sca2SkipFriday"": true, ""Sca2TradeEnd"": 20}",68.5,s2_oos_S2065_20260905105727_b92b
S2066,S08_window_x_rr,OOS,OK,56063.0,1.2312,4.1047,0.2039,551,20752,50,52540,245,-17229,256,第2レンジ13-16時 × RR3.0,"{""Sca2BoostMult"": 2.0, ""Sca2Buffer"": 0.05, ""Sca2Enable"": true, ""Sca2ForceClose"": 23, ""Sca2Lot"": 0.01, ""Sca2MaxRange"": 1.0, ""Sca2MinRange"": 0.4, ""Sca2RR"": 3.0, ""Sca2RangeEnd"": 16, ""Sca2RangeStart"": 13, ""Sca2RevBoost"": true, ""Sca2SkipFriday"": true, ""Sca2TradeEnd"": 20}",68.5,s2_oos_S2066_20260905105836_c259
S2067,S08_window_x_rr,OOS,OK,65671.0,1.3094,3.5599,0.2388,430,20752,50,52540,245,-7621,135,第2レンジ12-15時 × RR1.3,"{""Sca2BoostMult"": 2.0, ""Sca2Buffer"": 0.05, ""Sca2Enable"": true, ""Sca2ForceClose"": 23, ""Sca2Lot"": 0.01, ""Sca2MaxRange"": 1.0, ""Sca2MinRange"": 0.4, ""Sca2RR"": 1.3, ""Sca2RangeEnd"": 15, ""Sca2RangeStart"": 12, ""Sca2RevBoost"": true, ""Sca2SkipFriday"": true, ""Sca2TradeEnd"": 20}",63.5,s2_oos_S2067_20260905105944_6f4c
S2068,S08_window_x_rr,OOS,OK,76857.0,1.3621,2.9267,0.2795,430,20752,50,52540,245,3565,135,第2レンジ12-15時 × RR2.0,"{""Sca2BoostMult"": 2.0, ""Sca2Buffer"": 0.05, ""Sca2Enable"": true, ""Sca2ForceClose"": 23, ""Sca2Lot"": 0.01, ""Sca2MaxRange"": 1.0, ""Sca2MinRange"": 0.4, ""Sca2RR"": 2.0, ""Sca2RangeEnd"": 15, ""Sca2RangeStart"": 12, ""Sca2RevBoost"": true, ""Sca2SkipFriday"": true, ""Sca2TradeEnd"": 20}",63.6,s2_oos_S2068_20260905110048_dd87
S2069,S08_window_x_rr,OOS,OK,81339.0,1.3833,2.5387,0.2958,430,20752,50,52540,245,8047,135,第2レンジ12-15時 × RR2.5,"{""Sca2BoostMult"": 2.0, ""Sca2Buffer"": 0.05, ""Sca2Enable"": true, ""Sca2ForceClose"": 23, ""Sca2Lot"": 0.01, ""Sca2MaxRange"": 1.0, ""Sca2MinRange"": 0.4, ""Sca2RR"": 2.5, ""Sca2RangeEnd"": 15, ""Sca2RangeStart"": 12, ""Sca2RevBoost"": true, ""Sca2SkipFriday"": true, ""Sca2TradeEnd"": 20}",63.6,s2_oos_S2069_20260905110151_f7a4
S2070,S08_window_x_rr,OOS,OK,72968.0,1.3478,3.0125,0.2653,427,20752,50,52540,245,-324,132,第2レンジ12-15時 × RR3.0,"{""Sca2BoostMult"": 2.0, ""Sca2Buffer"": 0.05, ""Sca2Enable"": true, ""Sca2ForceClose"": 23, ""Sca2Lot"": 0.01, ""Sca2MaxRange"": 1.0, ""Sca2MinRange"": 0.4, ""Sca2RR"": 3.0, ""Sca2RangeEnd"": 15, ""Sca2RangeStart"": 12, ""Sca2RevBoost"": true, ""Sca2SkipFriday"": true, ""Sca2TradeEnd"": 20}",63.6,s2_oos_S2070_20260905110255_06ef
