id,family,template,symbol,period,params,priority,lot,note,is_net,is_pf,is_n,oos_net,oos_pf,oos_n,verdict
M001,PB応答曲面_ADXxRR,PullbackTrend,USDJPY,H4,"{'ADX_Threshold': 15, 'RR_Ratio': 1.5}",S,0.01,ADX閾値×RR比の格子,-4269.0,0.9273,108,2694.0,1.1681,44,reject
M002,PB応答曲面_ADXxRR,PullbackTrend,USDJPY,H4,"{'ADX_Threshold': 15, 'RR_Ratio': 2.5}",S,0.01,ADX閾値×RR比の格子,588.0,1.0107,85,-5084.0,0.7204,38,reject
M003,PB応答曲面_ADXxRR,PullbackTrend,USDJPY,H4,"{'ADX_Threshold': 15, 'RR_Ratio': 3.0}",S,0.01,ADX閾値×RR比の格子,-838.0,0.9843,79,-3386.0,0.7937,35,reject
M004,PB応答曲面_ADXxRR,PullbackTrend,USDJPY,H4,"{'ADX_Threshold': 18, 'RR_Ratio': 1.5}",S,0.01,ADX閾値×RR比の格子,-2992.0,0.948,106,2884.0,1.192,41,reject
M005,PB応答曲面_ADXxRR,PullbackTrend,USDJPY,H4,"{'ADX_Threshold': 18, 'RR_Ratio': 2.5}",S,0.01,ADX閾値×RR比の格子,484.0,1.009,82,-3769.0,0.7743,35,reject
M006,PB応答曲面_ADXxRR,PullbackTrend,USDJPY,H4,"{'ADX_Threshold': 18, 'RR_Ratio': 3.0}",S,0.01,ADX閾値×RR比の格子,-169.0,0.9968,78,-2094.0,0.8596,32,reject
M007,PB応答曲面_ADXxRR,PullbackTrend,USDJPY,H4,"{'ADX_Threshold': 25, 'RR_Ratio': 1.5}",S,0.01,ADX閾値×RR比の格子,7459.0,1.185,78,-1754.0,0.8682,29,reject
M008,PB応答曲面_ADXxRR,PullbackTrend,USDJPY,H4,"{'ADX_Threshold': 25, 'RR_Ratio': 2.5}",S,0.01,ADX閾値×RR比の格子,8753.0,1.1989,70,-3355.0,0.7613,26,reject
M009,PB応答曲面_ADXxRR,PullbackTrend,USDJPY,H4,"{'ADX_Threshold': 25, 'RR_Ratio': 3.0}",S,0.01,ADX閾値×RR比の格子,5207.0,1.1186,65,-3095.0,0.7632,24,reject
M010,PB応答曲面_ADXxRR,PullbackTrend,USDJPY,H4,"{'ADX_Threshold': 30, 'RR_Ratio': 1.5}",S,0.01,ADX閾値×RR比の格子,12739.0,1.5253,56,-3153.0,0.6642,19,reject
M011,PB応答曲面_ADXxRR,PullbackTrend,USDJPY,H4,"{'ADX_Threshold': 30, 'RR_Ratio': 2.5}",S,0.01,ADX閾値×RR比の格子,14155.0,1.4982,52,-3483.0,0.6519,18,reject
M012,PB応答曲面_ADXxRR,PullbackTrend,USDJPY,H4,"{'ADX_Threshold': 30, 'RR_Ratio': 3.0}",S,0.01,ADX閾値×RR比の格子,16207.0,1.6259,46,-1312.0,0.8546,17,reject
M013,PB応答曲面_傾きxSL,PullbackTrend,USDJPY,H4,"{'MA_Slope_Min_ATR': 0.8, 'ATR_SL_Mult': 1.5}",S,0.01,環境フィルター強度×SL幅の格子,11825.0,1.2274,119,-2726.0,0.884,69,reject
M014,PB応答曲面_傾きxSL,PullbackTrend,USDJPY,H4,"{'MA_Slope_Min_ATR': 0.8, 'ATR_SL_Mult': 2.5}",S,0.01,環境フィルター強度×SL幅の格子,5722.0,1.0861,83,-1215.0,0.9518,48,reject
M015,PB応答曲面_傾きxSL,PullbackTrend,USDJPY,H4,"{'MA_Slope_Min_ATR': 1.5, 'ATR_SL_Mult': 1.5}",S,0.01,環境フィルター強度×SL幅の格子,14623.0,1.6412,64,2220.0,1.3872,19,PASS
M016,PB応答曲面_傾きxSL,PullbackTrend,USDJPY,H4,"{'MA_Slope_Min_ATR': 1.5, 'ATR_SL_Mult': 2.5}",S,0.01,環境フィルター強度×SL幅の格子,18624.0,1.6453,49,2166.0,1.3784,13,PASS
M017,PB応答曲面_傾きxSL,PullbackTrend,USDJPY,H4,"{'MA_Slope_Min_ATR': 2.0, 'ATR_SL_Mult': 1.5}",S,0.01,環境フィルター強度×SL幅の格子,8456.0,1.7543,33,2959.0,2.3623,8,PASS
M018,PB応答曲面_傾きxSL,PullbackTrend,USDJPY,H4,"{'MA_Slope_Min_ATR': 2.0, 'ATR_SL_Mult': 2.5}",S,0.01,環境フィルター強度×SL幅の格子,9318.0,1.5907,27,1125.0,1.4635,5,PASS
M025,PB応答曲面_ADXxRR,PullbackTrend,GBPJPY,H4,"{'ADX_Threshold': 15, 'RR_Ratio': 1.5}",S,0.01,ADX閾値×RR比の格子,2080.0,1.0789,44,10105.0,1.3168,57,PASS
M026,PB応答曲面_ADXxRR,PullbackTrend,GBPJPY,H4,"{'ADX_Threshold': 15, 'RR_Ratio': 2.5}",S,0.01,ADX閾値×RR比の格子,5491.0,1.2063,39,8708.0,1.2259,55,PASS
M027,PB応答曲面_ADXxRR,PullbackTrend,GBPJPY,H4,"{'ADX_Threshold': 15, 'RR_Ratio': 3.0}",S,0.01,ADX閾値×RR比の格子,-209.0,0.9921,35,19174.0,1.5623,48,reject
M028,PB応答曲面_ADXxRR,PullbackTrend,GBPJPY,H4,"{'ADX_Threshold': 18, 'RR_Ratio': 1.5}",S,0.01,ADX閾値×RR比の格子,4099.0,1.1684,42,8830.0,1.2861,55,PASS
M029,PB応答曲面_ADXxRR,PullbackTrend,GBPJPY,H4,"{'ADX_Threshold': 18, 'RR_Ratio': 2.5}",S,0.01,ADX閾値×RR比の格子,7510.0,1.3053,37,6952.0,1.1806,54,PASS
M030,PB応答曲面_ADXxRR,PullbackTrend,GBPJPY,H4,"{'ADX_Threshold': 18, 'RR_Ratio': 3.0}",S,0.01,ADX閾値×RR比の格子,1810.0,1.0738,33,17158.0,1.5039,47,PASS
M031,PB応答曲面_ADXxRR,PullbackTrend,GBPJPY,H4,"{'ADX_Threshold': 25, 'RR_Ratio': 1.5}",S,0.01,ADX閾値×RR比の格子,4166.0,1.1924,38,12679.0,1.6118,43,PASS
M032,PB応答曲面_ADXxRR,PullbackTrend,GBPJPY,H4,"{'ADX_Threshold': 25, 'RR_Ratio': 2.5}",S,0.01,ADX閾値×RR比の格子,6378.0,1.2782,34,8974.0,1.3057,43,PASS
M033,PB応答曲面_ADXxRR,PullbackTrend,GBPJPY,H4,"{'ADX_Threshold': 25, 'RR_Ratio': 3.0}",S,0.01,ADX閾値×RR比の格子,3243.0,1.1479,30,11590.0,1.4247,38,PASS
M034,PB応答曲面_ADXxRR,PullbackTrend,GBPJPY,H4,"{'ADX_Threshold': 30, 'RR_Ratio': 1.5}",S,0.01,ADX閾値×RR比の格子,6546.0,1.433,28,4490.0,1.2497,33,PASS
M035,PB応答曲面_ADXxRR,PullbackTrend,GBPJPY,H4,"{'ADX_Threshold': 30, 'RR_Ratio': 2.5}",S,0.01,ADX閾値×RR比の格子,11447.0,1.7437,25,7763.0,1.4103,28,PASS
M036,PB応答曲面_ADXxRR,PullbackTrend,GBPJPY,H4,"{'ADX_Threshold': 30, 'RR_Ratio': 3.0}",S,0.01,ADX閾値×RR比の格子,6711.0,1.4327,22,2714.0,1.1331,26,PASS
M037,PB応答曲面_傾きxSL,PullbackTrend,GBPJPY,H4,"{'MA_Slope_Min_ATR': 0.8, 'ATR_SL_Mult': 1.5}",S,0.01,環境フィルター強度×SL幅の格子,8900.0,1.2988,63,9377.0,1.2116,90,PASS
M038,PB応答曲面_傾きxSL,PullbackTrend,GBPJPY,H4,"{'MA_Slope_Min_ATR': 0.8, 'ATR_SL_Mult': 2.5}",S,0.01,環境フィルター強度×SL幅の格子,14781.0,1.4104,47,12424.0,1.2407,62,PASS
M039,PB応答曲面_傾きxSL,PullbackTrend,GBPJPY,H4,"{'MA_Slope_Min_ATR': 1.5, 'ATR_SL_Mult': 1.5}",S,0.01,環境フィルター強度×SL幅の格子,6514.0,1.6522,25,2031.0,1.0907,47,PASS
M040,PB応答曲面_傾きxSL,PullbackTrend,GBPJPY,H4,"{'MA_Slope_Min_ATR': 1.5, 'ATR_SL_Mult': 2.5}",S,0.01,環境フィルター強度×SL幅の格子,10094.0,1.9356,17,7645.0,1.3567,29,PASS
M041,PB応答曲面_傾きxSL,PullbackTrend,GBPJPY,H4,"{'MA_Slope_Min_ATR': 2.0, 'ATR_SL_Mult': 1.5}",S,0.01,環境フィルター強度×SL幅の格子,-23.0,0.9937,9,740.0,1.0972,17,reject
M042,PB応答曲面_傾きxSL,PullbackTrend,GBPJPY,H4,"{'MA_Slope_Min_ATR': 2.0, 'ATR_SL_Mult': 2.5}",S,0.01,環境フィルター強度×SL幅の格子,1178.0,1.2509,8,-1899.0,0.8198,13,reject
M049,PB応答曲面_ADXxRR,PullbackTrend,GOLD,H4,"{'ADX_Threshold': 15, 'RR_Ratio': 1.5}",S,0.01,ADX閾値×RR比の格子,,,,,,,FAIL
M050,PB応答曲面_ADXxRR,PullbackTrend,GOLD,H4,"{'ADX_Threshold': 15, 'RR_Ratio': 2.5}",S,0.01,ADX閾値×RR比の格子,,,,,,,FAIL
M051,PB応答曲面_ADXxRR,PullbackTrend,GOLD,H4,"{'ADX_Threshold': 15, 'RR_Ratio': 3.0}",S,0.01,ADX閾値×RR比の格子,,,,,,,FAIL
M052,PB応答曲面_ADXxRR,PullbackTrend,GOLD,H4,"{'ADX_Threshold': 18, 'RR_Ratio': 1.5}",S,0.01,ADX閾値×RR比の格子,,,,,,,FAIL
M053,PB応答曲面_ADXxRR,PullbackTrend,GOLD,H4,"{'ADX_Threshold': 18, 'RR_Ratio': 2.5}",S,0.01,ADX閾値×RR比の格子,,,,,,,FAIL
M054,PB応答曲面_ADXxRR,PullbackTrend,GOLD,H4,"{'ADX_Threshold': 18, 'RR_Ratio': 3.0}",S,0.01,ADX閾値×RR比の格子,,,,,,,FAIL
M055,PB応答曲面_ADXxRR,PullbackTrend,GOLD,H4,"{'ADX_Threshold': 25, 'RR_Ratio': 1.5}",S,0.01,ADX閾値×RR比の格子,,,,,,,FAIL
M056,PB応答曲面_ADXxRR,PullbackTrend,GOLD,H4,"{'ADX_Threshold': 25, 'RR_Ratio': 2.5}",S,0.01,ADX閾値×RR比の格子,,,,,,,FAIL
M057,PB応答曲面_ADXxRR,PullbackTrend,GOLD,H4,"{'ADX_Threshold': 25, 'RR_Ratio': 3.0}",S,0.01,ADX閾値×RR比の格子,,,,,,,FAIL
M058,PB応答曲面_ADXxRR,PullbackTrend,GOLD,H4,"{'ADX_Threshold': 30, 'RR_Ratio': 1.5}",S,0.01,ADX閾値×RR比の格子,,,,,,,FAIL
M059,PB応答曲面_ADXxRR,PullbackTrend,GOLD,H4,"{'ADX_Threshold': 30, 'RR_Ratio': 2.5}",S,0.01,ADX閾値×RR比の格子,,,,,,,FAIL
M060,PB応答曲面_ADXxRR,PullbackTrend,GOLD,H4,"{'ADX_Threshold': 30, 'RR_Ratio': 3.0}",S,0.01,ADX閾値×RR比の格子,,,,,,,FAIL
M061,PB応答曲面_傾きxSL,PullbackTrend,GOLD,H4,"{'MA_Slope_Min_ATR': 0.8, 'ATR_SL_Mult': 1.5}",S,0.01,環境フィルター強度×SL幅の格子,,,,,,,FAIL
M062,PB応答曲面_傾きxSL,PullbackTrend,GOLD,H4,"{'MA_Slope_Min_ATR': 0.8, 'ATR_SL_Mult': 2.5}",S,0.01,環境フィルター強度×SL幅の格子,,,,,,,FAIL
M063,PB応答曲面_傾きxSL,PullbackTrend,GOLD,H4,"{'MA_Slope_Min_ATR': 1.5, 'ATR_SL_Mult': 1.5}",S,0.01,環境フィルター強度×SL幅の格子,,,,,,,FAIL
M064,PB応答曲面_傾きxSL,PullbackTrend,GOLD,H4,"{'MA_Slope_Min_ATR': 1.5, 'ATR_SL_Mult': 2.5}",S,0.01,環境フィルター強度×SL幅の格子,,,,,,,FAIL
M065,PB応答曲面_傾きxSL,PullbackTrend,GOLD,H4,"{'MA_Slope_Min_ATR': 2.0, 'ATR_SL_Mult': 1.5}",S,0.01,環境フィルター強度×SL幅の格子,,,,,,,FAIL
M066,PB応答曲面_傾きxSL,PullbackTrend,GOLD,H4,"{'MA_Slope_Min_ATR': 2.0, 'ATR_SL_Mult': 2.5}",S,0.01,環境フィルター強度×SL幅の格子,,,,,,,FAIL
M073,RSI応答曲面_OBxOS,RSI_Reversal,EURUSD,H1,"{'RSI_Overbought': 70, 'RSI_Oversold': 20}",S,0.01,RSI閾値の格子,8027.0,1.0844,268,-2216.0,0.972,275,reject
M074,RSI応答曲面_OBxOS,RSI_Reversal,EURUSD,H1,"{'RSI_Overbought': 70, 'RSI_Oversold': 25}",S,0.01,RSI閾値の格子,8027.0,1.0844,268,-2216.0,0.972,275,reject
M075,RSI応答曲面_OBxOS,RSI_Reversal,EURUSD,H1,"{'RSI_Overbought': 70, 'RSI_Oversold': 30}",S,0.01,RSI閾値の格子,8027.0,1.0844,268,-2216.0,0.972,275,reject
M076,RSI応答曲面_OBxOS,RSI_Reversal,EURUSD,H1,"{'RSI_Overbought': 75, 'RSI_Oversold': 20}",S,0.01,RSI閾値の格子,8027.0,1.0844,268,-2216.0,0.972,275,reject
M077,RSI応答曲面_OBxOS,RSI_Reversal,EURUSD,H1,"{'RSI_Overbought': 75, 'RSI_Oversold': 25}",S,0.01,RSI閾値の格子,8027.0,1.0844,268,-2216.0,0.972,275,reject
M078,RSI応答曲面_OBxOS,RSI_Reversal,EURUSD,H1,"{'RSI_Overbought': 75, 'RSI_Oversold': 30}",S,0.01,RSI閾値の格子,8027.0,1.0844,268,-2216.0,0.972,275,reject
M079,RSI応答曲面_OBxOS,RSI_Reversal,EURUSD,H1,"{'RSI_Overbought': 80, 'RSI_Oversold': 20}",S,0.01,RSI閾値の格子,8027.0,1.0844,268,-2214.0,0.972,275,reject
M080,RSI応答曲面_OBxOS,RSI_Reversal,EURUSD,H1,"{'RSI_Overbought': 80, 'RSI_Oversold': 25}",S,0.01,RSI閾値の格子,8027.0,1.0844,268,-2214.0,0.972,275,reject
M081,RSI応答曲面_OBxOS,RSI_Reversal,EURUSD,H1,"{'RSI_Overbought': 80, 'RSI_Oversold': 30}",S,0.01,RSI閾値の格子,8027.0,1.0844,268,-2214.0,0.972,275,reject
M082,RSI応答曲面_レンジ閾値,RSI_Reversal,EURUSD,H1,{'Range_Slope_Max_ATR': 0.1},S,0.01,レンジフィルター閾値の細密格子,-13985.0,0.835,209,4649.0,1.069,228,reject
M083,RSI応答曲面_レンジ閾値,RSI_Reversal,EURUSD,H1,{'Range_Slope_Max_ATR': 0.15},S,0.01,レンジフィルター閾値の細密格子,2980.0,1.0349,232,1424.0,1.0188,260,PASS
M084,RSI応答曲面_レンジ閾値,RSI_Reversal,EURUSD,H1,{'Range_Slope_Max_ATR': 0.25},S,0.01,レンジフィルター閾値の細密格子,10152.0,1.1015,291,-8977.0,0.8915,296,reject
M085,RSI応答曲面_レンジ閾値,RSI_Reversal,EURUSD,H1,{'Range_Slope_Max_ATR': 0.3},S,0.01,レンジフィルター閾値の細密格子,11066.0,1.1032,322,-8240.0,0.9072,319,reject
M086,RSI応答曲面_レンジ閾値,RSI_Reversal,EURUSD,H1,{'Range_Slope_Max_ATR': 0.4},S,0.01,レンジフィルター閾値の細密格子,6474.0,1.0551,364,-11314.0,0.8865,354,reject
M094,RSI応答曲面_OBxOS,RSI_Reversal,USDJPY,H4,"{'RSI_Overbought': 70, 'RSI_Oversold': 20}",S,0.01,RSI閾値の格子,-1587.0,0.9129,56,3986.0,1.174,77,reject
M095,RSI応答曲面_OBxOS,RSI_Reversal,USDJPY,H4,"{'RSI_Overbought': 70, 'RSI_Oversold': 25}",S,0.01,RSI閾値の格子,-1587.0,0.9129,56,3986.0,1.174,77,reject
M096,RSI応答曲面_OBxOS,RSI_Reversal,USDJPY,H4,"{'RSI_Overbought': 70, 'RSI_Oversold': 30}",S,0.01,RSI閾値の格子,-1587.0,0.9129,56,3986.0,1.174,77,reject
M097,RSI応答曲面_OBxOS,RSI_Reversal,USDJPY,H4,"{'RSI_Overbought': 75, 'RSI_Oversold': 20}",S,0.01,RSI閾値の格子,-1587.0,0.9129,56,3986.0,1.174,77,reject
M098,RSI応答曲面_OBxOS,RSI_Reversal,USDJPY,H4,"{'RSI_Overbought': 75, 'RSI_Oversold': 25}",S,0.01,RSI閾値の格子,-1587.0,0.9129,56,3986.0,1.174,77,reject
M099,RSI応答曲面_OBxOS,RSI_Reversal,USDJPY,H4,"{'RSI_Overbought': 75, 'RSI_Oversold': 30}",S,0.01,RSI閾値の格子,-1587.0,0.9129,56,3986.0,1.174,77,reject
M100,RSI応答曲面_OBxOS,RSI_Reversal,USDJPY,H4,"{'RSI_Overbought': 80, 'RSI_Oversold': 20}",S,0.01,RSI閾値の格子,-1587.0,0.9129,56,3986.0,1.174,77,reject
M101,RSI応答曲面_OBxOS,RSI_Reversal,USDJPY,H4,"{'RSI_Overbought': 80, 'RSI_Oversold': 25}",S,0.01,RSI閾値の格子,-1587.0,0.9129,56,3986.0,1.174,77,reject
M102,RSI応答曲面_OBxOS,RSI_Reversal,USDJPY,H4,"{'RSI_Overbought': 80, 'RSI_Oversold': 30}",S,0.01,RSI閾値の格子,-1587.0,0.9129,56,3986.0,1.174,77,reject
M103,RSI応答曲面_レンジ閾値,RSI_Reversal,USDJPY,H4,{'Range_Slope_Max_ATR': 0.1},S,0.01,レンジフィルター閾値の細密格子,-3882.0,0.7489,45,3682.0,1.1901,66,reject
M104,RSI応答曲面_レンジ閾値,RSI_Reversal,USDJPY,H4,{'Range_Slope_Max_ATR': 0.15},S,0.01,レンジフィルター閾値の細密格子,-3733.0,0.7848,52,2877.0,1.1385,70,reject
M105,RSI応答曲面_レンジ閾値,RSI_Reversal,USDJPY,H4,{'Range_Slope_Max_ATR': 0.25},S,0.01,レンジフィルター閾値の細密格子,-2831.0,0.8548,60,-4818.0,0.8259,86,reject
M106,RSI応答曲面_レンジ閾値,RSI_Reversal,USDJPY,H4,{'Range_Slope_Max_ATR': 0.3},S,0.01,レンジフィルター閾値の細密格子,-2614.0,0.8721,63,-6185.0,0.7935,94,reject
M107,RSI応答曲面_レンジ閾値,RSI_Reversal,USDJPY,H4,{'Range_Slope_Max_ATR': 0.4},S,0.01,レンジフィルター閾値の細密格子,-646.0,0.9715,72,-15955.0,0.5442,103,reject
M115,RSI応答曲面_OBxOS,RSI_Reversal,GBPUSD,H4,"{'RSI_Overbought': 70, 'RSI_Oversold': 20}",S,0.01,RSI閾値の格子,3852.0,1.1632,57,8229.0,1.5162,55,PASS
M116,RSI応答曲面_OBxOS,RSI_Reversal,GBPUSD,H4,"{'RSI_Overbought': 70, 'RSI_Oversold': 25}",S,0.01,RSI閾値の格子,3852.0,1.1632,57,8229.0,1.5162,55,PASS
M117,RSI応答曲面_OBxOS,RSI_Reversal,GBPUSD,H4,"{'RSI_Overbought': 70, 'RSI_Oversold': 30}",S,0.01,RSI閾値の格子,4520.0,1.197,56,8229.0,1.5162,55,PASS
M118,RSI応答曲面_OBxOS,RSI_Reversal,GBPUSD,H4,"{'RSI_Overbought': 75, 'RSI_Oversold': 20}",S,0.01,RSI閾値の格子,3852.0,1.1632,57,8229.0,1.5162,55,PASS
M119,RSI応答曲面_OBxOS,RSI_Reversal,GBPUSD,H4,"{'RSI_Overbought': 75, 'RSI_Oversold': 25}",S,0.01,RSI閾値の格子,3852.0,1.1632,57,8229.0,1.5162,55,PASS
M120,RSI応答曲面_OBxOS,RSI_Reversal,GBPUSD,H4,"{'RSI_Overbought': 75, 'RSI_Oversold': 30}",S,0.01,RSI閾値の格子,4520.0,1.197,56,8229.0,1.5162,55,PASS
M121,RSI応答曲面_OBxOS,RSI_Reversal,GBPUSD,H4,"{'RSI_Overbought': 80, 'RSI_Oversold': 20}",S,0.01,RSI閾値の格子,3852.0,1.1632,57,8229.0,1.5162,55,PASS
M122,RSI応答曲面_OBxOS,RSI_Reversal,GBPUSD,H4,"{'RSI_Overbought': 80, 'RSI_Oversold': 25}",S,0.01,RSI閾値の格子,3852.0,1.1632,57,8229.0,1.5162,55,PASS
M123,RSI応答曲面_OBxOS,RSI_Reversal,GBPUSD,H4,"{'RSI_Overbought': 80, 'RSI_Oversold': 30}",S,0.01,RSI閾値の格子,4520.0,1.197,56,8229.0,1.5162,55,PASS
M124,RSI応答曲面_レンジ閾値,RSI_Reversal,GBPUSD,H4,{'Range_Slope_Max_ATR': 0.1},S,0.01,レンジフィルター閾値の細密格子,330.0,1.0179,43,490.0,1.0343,43,PASS
M125,RSI応答曲面_レンジ閾値,RSI_Reversal,GBPUSD,H4,{'Range_Slope_Max_ATR': 0.15},S,0.01,レンジフィルター閾値の細密格子,5955.0,1.2945,51,3119.0,1.2078,47,PASS
M126,RSI応答曲面_レンジ閾値,RSI_Reversal,GBPUSD,H4,{'Range_Slope_Max_ATR': 0.25},S,0.01,レンジフィルター閾値の細密格子,1607.0,1.0619,62,11493.0,1.7053,59,PASS
M127,RSI応答曲面_レンジ閾値,RSI_Reversal,GBPUSD,H4,{'Range_Slope_Max_ATR': 0.3},S,0.01,レンジフィルター閾値の細密格子,1031.0,1.0365,67,10813.0,1.6175,62,PASS
M128,RSI応答曲面_レンジ閾値,RSI_Reversal,GBPUSD,H4,{'Range_Slope_Max_ATR': 0.4},S,0.01,レンジフィルター閾値の細密格子,-776.0,0.9765,77,11783.0,1.5283,76,reject
M136,VBO応答曲面_チャネルxスクイーズ,VolBreakout,USDJPY,H4,"{'Channel_Period': 10, 'Squeeze_Factor': 0.7}",S,0.01,チャネル期間×スクイーズ閾値の格子,8040.0,1.6771,36,-7672.0,0.3964,43,reject
M137,VBO応答曲面_チャネルxスクイーズ,VolBreakout,USDJPY,H4,"{'Channel_Period': 10, 'Squeeze_Factor': 0.8}",S,0.01,チャネル期間×スクイーズ閾値の格子,3990.0,1.1147,84,-1155.0,0.954,90,reject
M138,VBO応答曲面_チャネルxスクイーズ,VolBreakout,USDJPY,H4,"{'Channel_Period': 10, 'Squeeze_Factor': 1.2}",S,0.01,チャネル期間×スクイーズ閾値の格子,-2758.0,0.9798,277,-10733.0,0.8612,249,reject
M139,VBO応答曲面_チャネルxスクイーズ,VolBreakout,USDJPY,H4,"{'Channel_Period': 10, 'Squeeze_Factor': 1.5}",S,0.01,チャネル期間×スクイーズ閾値の格子,-14370.0,0.9102,310,8822.0,1.1179,257,reject
M140,VBO応答曲面_チャネルxスクイーズ,VolBreakout,USDJPY,H4,"{'Channel_Period': 15, 'Squeeze_Factor': 0.7}",S,0.01,チャネル期間×スクイーズ閾値の格子,3770.0,1.3071,32,-3631.0,0.5906,34,reject
M141,VBO応答曲面_チャネルxスクイーズ,VolBreakout,USDJPY,H4,"{'Channel_Period': 15, 'Squeeze_Factor': 0.8}",S,0.01,チャネル期間×スクイーズ閾値の格子,1028.0,1.0326,76,-180.0,0.9908,72,reject
M142,VBO応答曲面_チャネルxスクイーズ,VolBreakout,USDJPY,H4,"{'Channel_Period': 15, 'Squeeze_Factor': 1.2}",S,0.01,チャネル期間×スクイーズ閾値の格子,-3085.0,0.9754,250,-6713.0,0.9012,222,reject
M143,VBO応答曲面_チャネルxスクイーズ,VolBreakout,USDJPY,H4,"{'Channel_Period': 15, 'Squeeze_Factor': 1.5}",S,0.01,チャネル期間×スクイーズ閾値の格子,-13732.0,0.9059,282,9652.0,1.1468,233,reject
M144,VBO応答曲面_チャネルxスクイーズ,VolBreakout,USDJPY,H4,"{'Channel_Period': 25, 'Squeeze_Factor': 0.7}",S,0.01,チャネル期間×スクイーズ閾値の格子,4697.0,1.466,27,-4198.0,0.2931,20,reject
M145,VBO応答曲面_チャネルxスクイーズ,VolBreakout,USDJPY,H4,"{'Channel_Period': 25, 'Squeeze_Factor': 0.8}",S,0.01,チャネル期間×スクイーズ閾値の格子,2936.0,1.1211,58,-9252.0,0.3212,45,reject
M146,VBO応答曲面_チャネルxスクイーズ,VolBreakout,USDJPY,H4,"{'Channel_Period': 25, 'Squeeze_Factor': 1.2}",S,0.01,チャネル期間×スクイーズ閾値の格子,-4181.0,0.9569,196,-9273.0,0.8411,190,reject
M147,VBO応答曲面_チャネルxスクイーズ,VolBreakout,USDJPY,H4,"{'Channel_Period': 25, 'Squeeze_Factor': 1.5}",S,0.01,チャネル期間×スクイーズ閾値の格子,-9071.0,0.9228,227,2667.0,1.0452,204,reject
M148,VBO応答曲面_チャネルxスクイーズ,VolBreakout,USDJPY,H4,"{'Channel_Period': 30, 'Squeeze_Factor': 0.7}",S,0.01,チャネル期間×スクイーズ閾値の格子,-1906.0,0.8224,25,-3156.0,0.2718,16,reject
M149,VBO応答曲面_チャネルxスクイーズ,VolBreakout,USDJPY,H4,"{'Channel_Period': 30, 'Squeeze_Factor': 0.8}",S,0.01,チャネル期間×スクイーズ閾値の格子,1666.0,1.0707,54,-6725.0,0.3766,38,reject
M150,VBO応答曲面_チャネルxスクイーズ,VolBreakout,USDJPY,H4,"{'Channel_Period': 30, 'Squeeze_Factor': 1.2}",S,0.01,チャネル期間×スクイーズ閾値の格子,-7029.0,0.9233,174,-11767.0,0.7931,178,reject
M151,VBO応答曲面_チャネルxスクイーズ,VolBreakout,USDJPY,H4,"{'Channel_Period': 30, 'Squeeze_Factor': 1.5}",S,0.01,チャネル期間×スクイーズ閾値の格子,-12460.0,0.8894,205,-2352.0,0.9598,192,reject
M156,Carry応答曲面_帯xMA,Carry,AUDJPY,D1,"{'Hyst_ATR_Mult': 0.25, 'TrendMA_Period': 100}",S,0.01,ヒステリシス帯×トレンドMA期間の格子,22347.0,2.3414,17,11355.0,2.2227,16,PASS
M157,Carry応答曲面_帯xMA,Carry,AUDJPY,D1,"{'Hyst_ATR_Mult': 0.25, 'TrendMA_Period': 150}",S,0.01,ヒステリシス帯×トレンドMA期間の格子,26997.0,2.9797,12,4052.0,1.4265,15,PASS
M158,Carry応答曲面_帯xMA,Carry,AUDJPY,D1,"{'Hyst_ATR_Mult': 0.25, 'TrendMA_Period': 250}",S,0.01,ヒステリシス帯×トレンドMA期間の格子,14304.0,1.9181,16,10470.0,2.9134,8,PASS
M159,Carry応答曲面_帯xMA,Carry,AUDJPY,D1,"{'Hyst_ATR_Mult': 0.25, 'TrendMA_Period': 300}",S,0.01,ヒステリシス帯×トレンドMA期間の格子,16272.0,2.23,12,7514.0,2.5332,8,PASS
M160,Carry応答曲面_帯xMA,Carry,AUDJPY,D1,"{'Hyst_ATR_Mult': 0.5, 'TrendMA_Period': 100}",S,0.01,ヒステリシス帯×トレンドMA期間の格子,27887.0,2.8645,10,9247.0,1.8365,13,PASS
M161,Carry応答曲面_帯xMA,Carry,AUDJPY,D1,"{'Hyst_ATR_Mult': 0.5, 'TrendMA_Period': 150}",S,0.01,ヒステリシス帯×トレンドMA期間の格子,30075.0,4.3849,8,7862.0,2.1426,9,PASS
M162,Carry応答曲面_帯xMA,Carry,AUDJPY,D1,"{'Hyst_ATR_Mult': 0.5, 'TrendMA_Period': 250}",S,0.01,ヒステリシス帯×トレンドMA期間の格子,18170.0,2.5666,10,11445.0,3.7665,6,PASS
M163,Carry応答曲面_帯xMA,Carry,AUDJPY,D1,"{'Hyst_ATR_Mult': 0.5, 'TrendMA_Period': 300}",S,0.01,ヒステリシス帯×トレンドMA期間の格子,13854.0,1.9436,12,11019.0,12.685,4,PASS
M164,Carry応答曲面_帯xMA,Carry,AUDJPY,D1,"{'Hyst_ATR_Mult': 1.0, 'TrendMA_Period': 100}",S,0.01,ヒステリシス帯×トレンドMA期間の格子,32230.0,5.1912,6,5419.0,1.4328,10,PASS
M165,Carry応答曲面_帯xMA,Carry,AUDJPY,D1,"{'Hyst_ATR_Mult': 1.0, 'TrendMA_Period': 150}",S,0.01,ヒステリシス帯×トレンドMA期間の格子,28915.0,5.2138,6,4610.0,1.5621,8,PASS
M166,Carry応答曲面_帯xMA,Carry,AUDJPY,D1,"{'Hyst_ATR_Mult': 1.0, 'TrendMA_Period': 250}",S,0.01,ヒステリシス帯×トレンドMA期間の格子,12543.0,1.8509,9,7511.0,2.4076,5,PASS
M167,Carry応答曲面_帯xMA,Carry,AUDJPY,D1,"{'Hyst_ATR_Mult': 1.0, 'TrendMA_Period': 300}",S,0.01,ヒステリシス帯×トレンドMA期間の格子,5495.0,1.3063,11,9433.0,7.7572,3,PASS
M168,Carry応答曲面_帯xMA,Carry,AUDJPY,D1,"{'Hyst_ATR_Mult': 1.25, 'TrendMA_Period': 100}",S,0.01,ヒステリシス帯×トレンドMA期間の格子,30377.0,4.3308,6,6117.0,1.5683,9,PASS
M169,Carry応答曲面_帯xMA,Carry,AUDJPY,D1,"{'Hyst_ATR_Mult': 1.25, 'TrendMA_Period': 150}",S,0.01,ヒステリシス帯×トレンドMA期間の格子,30057.0,7.2411,5,6171.0,1.9292,6,PASS
M170,Carry応答曲面_帯xMA,Carry,AUDJPY,D1,"{'Hyst_ATR_Mult': 1.25, 'TrendMA_Period': 250}",S,0.01,ヒステリシス帯×トレンドMA期間の格子,13974.0,2.0622,8,8395.0,3.1777,4,PASS
M171,Carry応答曲面_帯xMA,Carry,AUDJPY,D1,"{'Hyst_ATR_Mult': 1.25, 'TrendMA_Period': 300}",S,0.01,ヒステリシス帯×トレンドMA期間の格子,7016.0,1.4561,9,11276.0,0.0,2,PASS
M172,Carry応答曲面_帯xMA,Carry,AUDJPY,D1,"{'Hyst_ATR_Mult': 1.5, 'TrendMA_Period': 100}",S,0.01,ヒステリシス帯×トレンドMA期間の格子,27026.0,3.5272,6,6059.0,1.6308,8,PASS
M173,Carry応答曲面_帯xMA,Carry,AUDJPY,D1,"{'Hyst_ATR_Mult': 1.5, 'TrendMA_Period': 150}",S,0.01,ヒステリシス帯×トレンドMA期間の格子,30622.0,7.3584,5,4684.0,1.5898,6,PASS
M174,Carry応答曲面_帯xMA,Carry,AUDJPY,D1,"{'Hyst_ATR_Mult': 1.5, 'TrendMA_Period': 250}",S,0.01,ヒステリシス帯×トレンドMA期間の格子,10666.0,1.9091,7,9772.0,5.4621,3,PASS
M175,Carry応答曲面_帯xMA,Carry,AUDJPY,D1,"{'Hyst_ATR_Mult': 1.5, 'TrendMA_Period': 300}",S,0.01,ヒステリシス帯×トレンドMA期間の格子,15260.0,2.4065,6,11158.0,0.0,2,PASS
M176,SCA応答曲面_セッション窓,SCA_EA,GOLD,M15,"{'RangeEndHour': 6, 'TradeEndHour': 12}",S,0.01,レンジ確定/取引終了時刻の格子,,,,,,,FAIL
M177,SCA応答曲面_セッション窓,SCA_EA,GOLD,M15,"{'RangeEndHour': 6, 'TradeEndHour': 15}",S,0.01,レンジ確定/取引終了時刻の格子,,,,,,,FAIL
M178,SCA応答曲面_セッション窓,SCA_EA,GOLD,M15,"{'RangeEndHour': 6, 'TradeEndHour': 18}",S,0.01,レンジ確定/取引終了時刻の格子,,,,,,,FAIL
M179,SCA応答曲面_セッション窓,SCA_EA,GOLD,M15,"{'RangeEndHour': 9, 'TradeEndHour': 12}",S,0.01,レンジ確定/取引終了時刻の格子,,,,,,,FAIL
M180,SCA応答曲面_セッション窓,SCA_EA,GOLD,M15,"{'RangeEndHour': 9, 'TradeEndHour': 15}",S,0.01,レンジ確定/取引終了時刻の格子,,,,,,,FAIL
M181,SCA応答曲面_セッション窓,SCA_EA,GOLD,M15,"{'RangeEndHour': 9, 'TradeEndHour': 18}",S,0.01,レンジ確定/取引終了時刻の格子,,,,,,,FAIL
M182,SCA応答曲面_セッション窓,SCA_EA,GOLD,M15,"{'RangeEndHour': 12, 'TradeEndHour': 15}",S,0.01,レンジ確定/取引終了時刻の格子,,,,,,,FAIL
M183,SCA応答曲面_セッション窓,SCA_EA,GOLD,M15,"{'RangeEndHour': 12, 'TradeEndHour': 18}",S,0.01,レンジ確定/取引終了時刻の格子,,,,,,,FAIL
M184,SCA応答曲面_レンジ幅,SCA_EA,GOLD,M15,"{'MinRange_ATRd': 0.15, 'MaxRange_ATRd': 0.8}",S,0.01,レンジ幅フィルターの格子,,,,,,,FAIL
M185,SCA応答曲面_レンジ幅,SCA_EA,GOLD,M15,"{'MinRange_ATRd': 0.15, 'MaxRange_ATRd': 1.2}",S,0.01,レンジ幅フィルターの格子,,,,,,,FAIL
M186,SCA応答曲面_レンジ幅,SCA_EA,GOLD,M15,"{'MinRange_ATRd': 0.15, 'MaxRange_ATRd': 1.5}",S,0.01,レンジ幅フィルターの格子,,,,,,,FAIL
M187,SCA応答曲面_レンジ幅,SCA_EA,GOLD,M15,"{'MinRange_ATRd': 0.3, 'MaxRange_ATRd': 0.8}",S,0.01,レンジ幅フィルターの格子,,,,,,,FAIL
M188,SCA応答曲面_レンジ幅,SCA_EA,GOLD,M15,"{'MinRange_ATRd': 0.3, 'MaxRange_ATRd': 1.2}",S,0.01,レンジ幅フィルターの格子,,,,,,,FAIL
M189,SCA応答曲面_レンジ幅,SCA_EA,GOLD,M15,"{'MinRange_ATRd': 0.3, 'MaxRange_ATRd': 1.5}",S,0.01,レンジ幅フィルターの格子,,,,,,,FAIL
M190,SCA応答曲面_レンジ幅,SCA_EA,GOLD,M15,"{'MinRange_ATRd': 0.45, 'MaxRange_ATRd': 0.8}",S,0.01,レンジ幅フィルターの格子,,,,,,,FAIL
M191,SCA応答曲面_レンジ幅,SCA_EA,GOLD,M15,"{'MinRange_ATRd': 0.45, 'MaxRange_ATRd': 1.2}",S,0.01,レンジ幅フィルターの格子,,,,,,,FAIL
M192,SCA応答曲面_レンジ幅,SCA_EA,GOLD,M15,"{'MinRange_ATRd': 0.45, 'MaxRange_ATRd': 1.5}",S,0.01,レンジ幅フィルターの格子,,,,,,,FAIL
M198,SCA応答曲面_セッション窓,SCA_EA,USDJPY,M15,"{'RangeEndHour': 6, 'TradeEndHour': 12}",S,0.01,レンジ確定/取引終了時刻の格子,9940.0,1.0453,736,-3609.0,0.9724,705,reject
M199,SCA応答曲面_セッション窓,SCA_EA,USDJPY,M15,"{'RangeEndHour': 6, 'TradeEndHour': 15}",S,0.01,レンジ確定/取引終了時刻の格子,2722.0,1.0107,846,-5013.0,0.9689,853,reject
M200,SCA応答曲面_セッション窓,SCA_EA,USDJPY,M15,"{'RangeEndHour': 6, 'TradeEndHour': 18}",S,0.01,レンジ確定/取引終了時刻の格子,-234.0,0.9992,1041,-12282.0,0.9378,1048,reject
M201,SCA応答曲面_セッション窓,SCA_EA,USDJPY,M15,"{'RangeEndHour': 9, 'TradeEndHour': 12}",S,0.01,レンジ確定/取引終了時刻の格子,14862.0,1.0952,584,-937.0,0.9903,560,reject
M202,SCA応答曲面_セッション窓,SCA_EA,USDJPY,M15,"{'RangeEndHour': 9, 'TradeEndHour': 15}",S,0.01,レンジ確定/取引終了時刻の格子,-4481.0,0.9789,753,-8022.0,0.9396,744,reject
M203,SCA応答曲面_セッション窓,SCA_EA,USDJPY,M15,"{'RangeEndHour': 9, 'TradeEndHour': 18}",S,0.01,レンジ確定/取引終了時刻の格子,-13798.0,0.9511,1008,-14215.0,0.9197,991,reject
M204,SCA応答曲面_セッション窓,SCA_EA,USDJPY,M15,"{'RangeEndHour': 12, 'TradeEndHour': 15}",S,0.01,レンジ確定/取引終了時刻の格子,-20271.0,0.7873,394,-2331.0,0.9608,392,reject
M205,SCA応答曲面_セッション窓,SCA_EA,USDJPY,M15,"{'RangeEndHour': 12, 'TradeEndHour': 18}",S,0.01,レンジ確定/取引終了時刻の格子,-24481.0,0.8759,816,-18095.0,0.8591,797,reject
M206,SCA応答曲面_レンジ幅,SCA_EA,USDJPY,M15,"{'MinRange_ATRd': 0.15, 'MaxRange_ATRd': 0.8}",S,0.01,レンジ幅フィルターの格子,1540.0,1.0085,678,-6921.0,0.9347,631,reject
M207,SCA応答曲面_レンジ幅,SCA_EA,USDJPY,M15,"{'MinRange_ATRd': 0.15, 'MaxRange_ATRd': 1.2}",S,0.01,レンジ幅フィルターの格子,13613.0,1.0698,738,-4183.0,0.9636,684,reject
M208,SCA応答曲面_レンジ幅,SCA_EA,USDJPY,M15,"{'MinRange_ATRd': 0.15, 'MaxRange_ATRd': 1.5}",S,0.01,レンジ幅フィルターの格子,12029.0,1.0604,751,-2082.0,0.982,691,reject
M209,SCA応答曲面_レンジ幅,SCA_EA,USDJPY,M15,"{'MinRange_ATRd': 0.3, 'MaxRange_ATRd': 0.8}",S,0.01,レンジ幅フィルターの格子,2122.0,1.0141,545,-1624.0,0.9818,523,reject
M210,SCA応答曲面_レンジ幅,SCA_EA,USDJPY,M15,"{'MinRange_ATRd': 0.3, 'MaxRange_ATRd': 1.2}",S,0.01,レンジ幅フィルターの格子,14195.0,1.0861,605,1114.0,1.0113,576,PASS
M211,SCA応答曲面_レンジ幅,SCA_EA,USDJPY,M15,"{'MinRange_ATRd': 0.3, 'MaxRange_ATRd': 1.5}",S,0.01,レンジ幅フィルターの格子,12611.0,1.0746,618,3215.0,1.0325,583,PASS
M212,SCA応答曲面_レンジ幅,SCA_EA,USDJPY,M15,"{'MinRange_ATRd': 0.45, 'MaxRange_ATRd': 0.8}",S,0.01,レンジ幅フィルターの格子,-11609.0,0.8675,291,4620.0,1.1037,279,reject
M213,SCA応答曲面_レンジ幅,SCA_EA,USDJPY,M15,"{'MinRange_ATRd': 0.45, 'MaxRange_ATRd': 1.2}",S,0.01,レンジ幅フィルターの格子,464.0,1.0045,351,7358.0,1.1375,332,PASS
M214,SCA応答曲面_レンジ幅,SCA_EA,USDJPY,M15,"{'MinRange_ATRd': 0.45, 'MaxRange_ATRd': 1.5}",S,0.01,レンジ幅フィルターの格子,-1120.0,0.9895,364,9459.0,1.1747,339,reject
M220,SCA応答曲面_セッション窓,SCA_EA,GBPJPY,M15,"{'RangeEndHour': 6, 'TradeEndHour': 12}",S,0.01,レンジ確定/取引終了時刻の格子,7253.0,1.0235,755,4038.0,1.0167,679,PASS
M221,SCA応答曲面_セッション窓,SCA_EA,GBPJPY,M15,"{'RangeEndHour': 6, 'TradeEndHour': 15}",S,0.01,レンジ確定/取引終了時刻の格子,5773.0,1.0156,902,-335.0,0.9989,852,reject
M222,SCA応答曲面_セッション窓,SCA_EA,GBPJPY,M15,"{'RangeEndHour': 6, 'TradeEndHour': 18}",S,0.01,レンジ確定/取引終了時刻の格子,-17964.0,0.9568,995,-8090.0,0.9763,964,reject
M223,SCA応答曲面_セッション窓,SCA_EA,GBPJPY,M15,"{'RangeEndHour': 9, 'TradeEndHour': 12}",S,0.01,レンジ確定/取引終了時刻の格子,27583.0,1.1128,684,11557.0,1.0544,658,PASS
M224,SCA応答曲面_セッション窓,SCA_EA,GBPJPY,M15,"{'RangeEndHour': 9, 'TradeEndHour': 15}",S,0.01,レンジ確定/取引終了時刻の格子,32935.0,1.1045,876,226.0,1.0008,880,PASS
M225,SCA応答曲面_セッション窓,SCA_EA,GBPJPY,M15,"{'RangeEndHour': 9, 'TradeEndHour': 18}",S,0.01,レンジ確定/取引終了時刻の格子,4819.0,1.0127,1020,-14810.0,0.9575,1027,reject
M226,SCA応答曲面_セッション窓,SCA_EA,GBPJPY,M15,"{'RangeEndHour': 12, 'TradeEndHour': 15}",S,0.01,レンジ確定/取引終了時刻の格子,-7969.0,0.9491,521,3849.0,1.0251,567,reject
M227,SCA応答曲面_セッション窓,SCA_EA,GBPJPY,M15,"{'RangeEndHour': 12, 'TradeEndHour': 18}",S,0.01,レンジ確定/取引終了時刻の格子,-45657.0,0.8268,820,-15425.0,0.9371,874,reject
M228,SCA応答曲面_レンジ幅,SCA_EA,GBPJPY,M15,"{'MinRange_ATRd': 0.15, 'MaxRange_ATRd': 0.8}",S,0.01,レンジ幅フィルターの格子,3624.0,1.0117,844,-18034.0,0.9419,932,reject
M229,SCA応答曲面_レンジ幅,SCA_EA,GBPJPY,M15,"{'MinRange_ATRd': 0.15, 'MaxRange_ATRd': 1.2}",S,0.01,レンジ幅フィルターの格子,791.0,1.0023,905,-9561.0,0.9703,966,reject
M230,SCA応答曲面_レンジ幅,SCA_EA,GBPJPY,M15,"{'MinRange_ATRd': 0.15, 'MaxRange_ATRd': 1.5}",S,0.01,レンジ幅フィルターの格子,1223.0,1.0035,915,-10127.0,0.9686,970,reject
M231,SCA応答曲面_レンジ幅,SCA_EA,GBPJPY,M15,"{'MinRange_ATRd': 0.3, 'MaxRange_ATRd': 0.8}",S,0.01,レンジ幅フィルターの格子,22402.0,1.0984,642,7737.0,1.0379,635,PASS
M232,SCA応答曲面_レンジ幅,SCA_EA,GBPJPY,M15,"{'MinRange_ATRd': 0.3, 'MaxRange_ATRd': 1.2}",S,0.01,レンジ幅フィルターの格子,19569.0,1.0752,703,16210.0,1.0755,669,PASS
M233,SCA応答曲面_レンジ幅,SCA_EA,GBPJPY,M15,"{'MinRange_ATRd': 0.3, 'MaxRange_ATRd': 1.5}",S,0.01,レンジ幅フィルターの格子,20001.0,1.0758,713,15644.0,1.0723,673,PASS
M234,SCA応答曲面_レンジ幅,SCA_EA,GBPJPY,M15,"{'MinRange_ATRd': 0.45, 'MaxRange_ATRd': 0.8}",S,0.01,レンジ幅フィルターの格子,-3848.0,0.9672,303,-9509.0,0.8856,233,reject
M235,SCA応答曲面_レンジ幅,SCA_EA,GBPJPY,M15,"{'MinRange_ATRd': 0.45, 'MaxRange_ATRd': 1.2}",S,0.01,レンジ幅フィルターの格子,-6681.0,0.9555,364,-1036.0,0.989,267,reject
M236,SCA応答曲面_レンジ幅,SCA_EA,GBPJPY,M15,"{'MinRange_ATRd': 0.45, 'MaxRange_ATRd': 1.5}",S,0.01,レンジ幅フィルターの格子,-6249.0,0.9593,374,-1602.0,0.9832,271,reject
M019,PB_MTF合流変種,PullbackTrend,USDJPY,H4,"{'UseHigherTFFilter': True, 'HigherTF': '16408', 'HigherTF_MA': 100}",A,0.01,MTF合流フィルターのMA期間変種（既存採用の周辺探索）,10357.0,1.2383,76,-203.0,0.9822,27,reject
M020,PB_MTF合流変種,PullbackTrend,USDJPY,H4,"{'UseHigherTFFilter': True, 'HigherTF': '16408', 'HigherTF_MA': 200}",A,0.01,MTF合流フィルターのMA期間変種（既存採用の周辺探索）,17051.0,1.4702,71,838.0,1.086,23,PASS
M021,PB_MTF合流変種,PullbackTrend,USDJPY,H4,"{'UseHigherTFFilter': True, 'HigherTF': '16408', 'HigherTF_MA': 300}",A,0.01,MTF合流フィルターのMA期間変種（既存採用の周辺探索）,13174.0,1.3703,69,163.0,1.0172,22,PASS
M022,PB_MTF合流変種,PullbackTrend,USDJPY,H4,"{'UseHigherTFFilter': True, 'HigherTF': '20', 'HigherTF_MA': 100}",A,0.01,MTF合流フィルターのMA期間変種（既存採用の周辺探索）,,,,,,,FAIL
M023,PB_MTF合流変種,PullbackTrend,USDJPY,H4,"{'UseHigherTFFilter': True, 'HigherTF': '20', 'HigherTF_MA': 200}",A,0.01,MTF合流フィルターのMA期間変種（既存採用の周辺探索）,,,,,,,FAIL
M024,PB_MTF合流変種,PullbackTrend,USDJPY,H4,"{'UseHigherTFFilter': True, 'HigherTF': '20', 'HigherTF_MA': 300}",A,0.01,MTF合流フィルターのMA期間変種（既存採用の周辺探索）,,,,,,,FAIL
M043,PB_MTF合流変種,PullbackTrend,GBPJPY,H4,"{'UseHigherTFFilter': True, 'HigherTF': '16408', 'HigherTF_MA': 100}",A,0.01,MTF合流フィルターのMA期間変種（既存採用の周辺探索）,489.0,1.0194,37,8384.0,1.2837,46,PASS
M044,PB_MTF合流変種,PullbackTrend,GBPJPY,H4,"{'UseHigherTFFilter': True, 'HigherTF': '16408', 'HigherTF_MA': 200}",A,0.01,MTF合流フィルターのMA期間変種（既存採用の周辺探索）,489.0,1.0194,37,9394.0,1.3761,42,PASS
M045,PB_MTF合流変種,PullbackTrend,GBPJPY,H4,"{'UseHigherTFFilter': True, 'HigherTF': '16408', 'HigherTF_MA': 300}",A,0.01,MTF合流フィルターのMA期間変種（既存採用の周辺探索）,-485.0,0.9798,35,7288.0,1.3134,40,reject
M046,PB_MTF合流変種,PullbackTrend,GBPJPY,H4,"{'UseHigherTFFilter': True, 'HigherTF': '20', 'HigherTF_MA': 100}",A,0.01,MTF合流フィルターのMA期間変種（既存採用の周辺探索）,,,,,,,FAIL
M047,PB_MTF合流変種,PullbackTrend,GBPJPY,H4,"{'UseHigherTFFilter': True, 'HigherTF': '20', 'HigherTF_MA': 200}",A,0.01,MTF合流フィルターのMA期間変種（既存採用の周辺探索）,,,,,,,FAIL
M048,PB_MTF合流変種,PullbackTrend,GBPJPY,H4,"{'UseHigherTFFilter': True, 'HigherTF': '20', 'HigherTF_MA': 300}",A,0.01,MTF合流フィルターのMA期間変種（既存採用の周辺探索）,,,,,,,FAIL
M067,PB_MTF合流変種,PullbackTrend,GOLD,H4,"{'UseHigherTFFilter': True, 'HigherTF': '16408', 'HigherTF_MA': 100}",A,0.01,MTF合流フィルターのMA期間変種（既存採用の周辺探索）,,,,,,,FAIL
M068,PB_MTF合流変種,PullbackTrend,GOLD,H4,"{'UseHigherTFFilter': True, 'HigherTF': '16408', 'HigherTF_MA': 200}",A,0.01,MTF合流フィルターのMA期間変種（既存採用の周辺探索）,,,,,,,FAIL
M069,PB_MTF合流変種,PullbackTrend,GOLD,H4,"{'UseHigherTFFilter': True, 'HigherTF': '16408', 'HigherTF_MA': 300}",A,0.01,MTF合流フィルターのMA期間変種（既存採用の周辺探索）,,,,,,,FAIL
M070,PB_MTF合流変種,PullbackTrend,GOLD,H4,"{'UseHigherTFFilter': True, 'HigherTF': '20', 'HigherTF_MA': 100}",A,0.01,MTF合流フィルターのMA期間変種（既存採用の周辺探索）,,,,,,,FAIL
M071,PB_MTF合流変種,PullbackTrend,GOLD,H4,"{'UseHigherTFFilter': True, 'HigherTF': '20', 'HigherTF_MA': 200}",A,0.01,MTF合流フィルターのMA期間変種（既存採用の周辺探索）,,,,,,,FAIL
M072,PB_MTF合流変種,PullbackTrend,GOLD,H4,"{'UseHigherTFFilter': True, 'HigherTF': '20', 'HigherTF_MA': 300}",A,0.01,MTF合流フィルターのMA期間変種（既存採用の周辺探索）,,,,,,,FAIL
M087,RSI応答曲面_BB,RSI_Reversal,EURUSD,H1,{'BB_Deviation': 2.0},A,0.01,BB偏差の格子,4034.0,1.0392,304,-5496.0,0.9377,303,reject
M088,RSI応答曲面_BB,RSI_Reversal,EURUSD,H1,{'BB_Deviation': 3.0},A,0.01,BB偏差の格子,726.0,1.0091,210,-4049.0,0.9399,222,reject
M089,RSI応答曲面_BB,RSI_Reversal,EURUSD,H1,{'BB_Deviation': 3.5},A,0.01,BB偏差の格子,-5856.0,0.9174,170,-7336.0,0.8807,191,reject
M090,RSI応答曲面_SLxTP,RSI_Reversal,EURUSD,H1,"{'StopLoss_Pips': 40, 'TakeProfit_Pips': 90}",A,0.01,固定pips SL/TPの格子,2842.0,1.0317,272,9022.0,1.1254,283,PASS
M091,RSI応答曲面_SLxTP,RSI_Reversal,EURUSD,H1,"{'StopLoss_Pips': 40, 'TakeProfit_Pips': 120}",A,0.01,固定pips SL/TPの格子,-818.0,0.9912,267,-2872.0,0.9628,277,reject
M092,RSI応答曲面_SLxTP,RSI_Reversal,EURUSD,H1,"{'StopLoss_Pips': 55, 'TakeProfit_Pips': 90}",A,0.01,固定pips SL/TPの格子,7798.0,1.0812,263,3020.0,1.0365,276,PASS
M093,RSI応答曲面_SLxTP,RSI_Reversal,EURUSD,H1,"{'StopLoss_Pips': 55, 'TakeProfit_Pips': 120}",A,0.01,固定pips SL/TPの格子,4842.0,1.0478,258,-8328.0,0.9052,270,reject
M108,RSI応答曲面_BB,RSI_Reversal,USDJPY,H4,{'BB_Deviation': 2.0},A,0.01,BB偏差の格子,-3924.0,0.8473,79,2355.0,1.0861,94,reject
M109,RSI応答曲面_BB,RSI_Reversal,USDJPY,H4,{'BB_Deviation': 3.0},A,0.01,BB偏差の格子,-916.0,0.9363,44,3187.0,1.1909,56,reject
M110,RSI応答曲面_BB,RSI_Reversal,USDJPY,H4,{'BB_Deviation': 3.5},A,0.01,BB偏差の格子,-1310.0,0.8966,38,2910.0,1.2106,45,reject
M111,RSI応答曲面_SLxTP,RSI_Reversal,USDJPY,H4,"{'StopLoss_Pips': 40, 'TakeProfit_Pips': 90}",A,0.01,固定pips SL/TPの格子,-1947.0,0.8805,56,1487.0,1.0723,77,reject
M112,RSI応答曲面_SLxTP,RSI_Reversal,USDJPY,H4,"{'StopLoss_Pips': 40, 'TakeProfit_Pips': 120}",A,0.01,固定pips SL/TPの格子,-2056.0,0.8829,56,3403.0,1.1571,76,reject
M113,RSI応答曲面_SLxTP,RSI_Reversal,USDJPY,H4,"{'StopLoss_Pips': 55, 'TakeProfit_Pips': 90}",A,0.01,固定pips SL/TPの格子,1098.0,1.0593,56,-2246.0,0.914,77,reject
M114,RSI応答曲面_SLxTP,RSI_Reversal,USDJPY,H4,"{'StopLoss_Pips': 55, 'TakeProfit_Pips': 120}",A,0.01,固定pips SL/TPの格子,2353.0,1.1164,56,126.0,1.0046,76,PASS
M129,RSI応答曲面_BB,RSI_Reversal,GBPUSD,H4,{'BB_Deviation': 2.0},A,0.01,BB偏差の格子,10911.0,1.376,75,14846.0,1.7601,73,PASS
M130,RSI応答曲面_BB,RSI_Reversal,GBPUSD,H4,{'BB_Deviation': 3.0},A,0.01,BB偏差の格子,2658.0,1.1486,42,3930.0,1.25,50,PASS
M131,RSI応答曲面_BB,RSI_Reversal,GBPUSD,H4,{'BB_Deviation': 3.5},A,0.01,BB偏差の格子,420.0,1.0293,32,806.0,1.0565,43,PASS
M132,RSI応答曲面_SLxTP,RSI_Reversal,GBPUSD,H4,"{'StopLoss_Pips': 40, 'TakeProfit_Pips': 90}",A,0.01,固定pips SL/TPの格子,4946.0,1.2487,56,7923.0,1.5749,55,PASS
M133,RSI応答曲面_SLxTP,RSI_Reversal,GBPUSD,H4,"{'StopLoss_Pips': 40, 'TakeProfit_Pips': 120}",A,0.01,固定pips SL/TPの格子,-95.0,0.9959,56,11617.0,1.7914,55,reject
M134,RSI応答曲面_SLxTP,RSI_Reversal,GBPUSD,H4,"{'StopLoss_Pips': 55, 'TakeProfit_Pips': 90}",A,0.01,固定pips SL/TPの格子,7559.0,1.3274,56,6426.0,1.3725,55,PASS
M135,RSI応答曲面_SLxTP,RSI_Reversal,GBPUSD,H4,"{'StopLoss_Pips': 55, 'TakeProfit_Pips': 120}",A,0.01,固定pips SL/TPの格子,3065.0,1.11,56,10387.0,1.5617,55,PASS
M152,VBO応答曲面_トレール,VolBreakout,USDJPY,H4,{'Trail_Mult': 1.5},A,0.01,トレール幅の格子,21204.0,1.3869,207,-4789.0,0.8695,194,reject
M153,VBO応答曲面_トレール,VolBreakout,USDJPY,H4,{'Trail_Mult': 2.0},A,0.01,トレール幅の格子,15593.0,1.2649,185,-4956.0,0.8814,178,reject
M154,VBO応答曲面_トレール,VolBreakout,USDJPY,H4,{'Trail_Mult': 2.5},A,0.01,トレール幅の格子,28455.0,1.4805,166,-8190.0,0.8231,167,reject
M155,VBO応答曲面_トレール,VolBreakout,USDJPY,H4,{'Trail_Mult': 4.0},A,0.01,トレール幅の格子,28075.0,1.4162,138,-19597.0,0.6411,140,reject
M193,SCA応答曲面_Boost倍率,SCA_EA,GOLD,M15,{'Boost_Mult': 1.5},A,0.01,リバーサルBoost倍率の格子,,,,,,,FAIL
M194,SCA応答曲面_Boost倍率,SCA_EA,GOLD,M15,{'Boost_Mult': 2.5},A,0.01,リバーサルBoost倍率の格子,,,,,,,FAIL
M195,SCA応答曲面_Boost倍率,SCA_EA,GOLD,M15,{'Boost_Mult': 3.0},A,0.01,リバーサルBoost倍率の格子,,,,,,,FAIL
M215,SCA応答曲面_Boost倍率,SCA_EA,USDJPY,M15,{'Boost_Mult': 1.5},A,0.01,リバーサルBoost倍率の格子,9812.0,1.0751,584,2478.0,1.032,560,PASS
M216,SCA応答曲面_Boost倍率,SCA_EA,USDJPY,M15,{'Boost_Mult': 2.5},A,0.01,リバーサルBoost倍率の格子,14862.0,1.0952,584,-937.0,0.9903,560,reject
M217,SCA応答曲面_Boost倍率,SCA_EA,USDJPY,M15,{'Boost_Mult': 3.0},A,0.01,リバーサルBoost倍率の格子,19912.0,1.1096,584,-4354.0,0.9622,560,reject
M237,SCA応答曲面_Boost倍率,SCA_EA,GBPJPY,M15,{'Boost_Mult': 1.5},A,0.01,リバーサルBoost倍率の格子,15989.0,1.0798,684,-856.0,0.9951,658,reject
M238,SCA応答曲面_Boost倍率,SCA_EA,GBPJPY,M15,{'Boost_Mult': 2.5},A,0.01,リバーサルBoost倍率の格子,27583.0,1.1128,684,11557.0,1.0544,658,PASS
M239,SCA応答曲面_Boost倍率,SCA_EA,GBPJPY,M15,{'Boost_Mult': 3.0},A,0.01,リバーサルBoost倍率の格子,39177.0,1.1357,684,23970.0,1.0959,658,PASS
M242,PB応答曲面_トレンドMA,PullbackTrend,USDJPY,H4,{'TrendMA_Period': 100},A,0.01,大局トレンドMA期間の格子,9043.0,1.1231,117,-8482.0,0.7572,76,reject
M243,PB応答曲面_トレンドMA,PullbackTrend,USDJPY,H4,{'TrendMA_Period': 150},A,0.01,大局トレンドMA期間の格子,11645.0,1.2096,98,279.0,1.016,43,PASS
M244,PB応答曲面_トレンドMA,PullbackTrend,USDJPY,H4,{'TrendMA_Period': 250},A,0.01,大局トレンドMA期間の格子,2699.0,1.079,60,3794.0,1.5582,19,PASS
M245,PB応答曲面_トレンドMA,PullbackTrend,USDJPY,H4,{'TrendMA_Period': 300},A,0.01,大局トレンドMA期間の格子,-2998.0,0.9001,50,2766.0,1.5881,14,reject
M250,PB応答曲面_トレンドMA,PullbackTrend,GBPJPY,H4,{'TrendMA_Period': 100},A,0.01,大局トレンドMA期間の格子,-17136.0,0.7485,79,248.0,1.0034,98,reject
M251,PB応答曲面_トレンドMA,PullbackTrend,GBPJPY,H4,{'TrendMA_Period': 150},A,0.01,大局トレンドMA期間の格子,-5494.0,0.8729,56,2141.0,1.0447,69,reject
M252,PB応答曲面_トレンドMA,PullbackTrend,GBPJPY,H4,{'TrendMA_Period': 250},A,0.01,大局トレンドMA期間の格子,4633.0,1.2037,36,10231.0,1.4728,38,PASS
M253,PB応答曲面_トレンドMA,PullbackTrend,GBPJPY,H4,{'TrendMA_Period': 300},A,0.01,大局トレンドMA期間の格子,4968.0,1.3165,27,5115.0,1.2956,31,PASS
M258,PB応答曲面_トレンドMA,PullbackTrend,GOLD,H4,{'TrendMA_Period': 100},A,0.01,大局トレンドMA期間の格子,,,,,,,FAIL
M259,PB応答曲面_トレンドMA,PullbackTrend,GOLD,H4,{'TrendMA_Period': 150},A,0.01,大局トレンドMA期間の格子,,,,,,,FAIL
M260,PB応答曲面_トレンドMA,PullbackTrend,GOLD,H4,{'TrendMA_Period': 250},A,0.01,大局トレンドMA期間の格子,,,,,,,FAIL
M261,PB応答曲面_トレンドMA,PullbackTrend,GOLD,H4,{'TrendMA_Period': 300},A,0.01,大局トレンドMA期間の格子,,,,,,,FAIL
M302,VBO応答曲面_スクイーズ参照,VolBreakout,USDJPY,H4,"{'Squeeze_Lookback': 30, 'Squeeze_Factor': 0.9}",A,0.01,スクイーズ参照期間×閾値の格子,9405.0,1.2134,108,-3080.0,0.8981,101,reject
M303,VBO応答曲面_スクイーズ参照,VolBreakout,USDJPY,H4,"{'Squeeze_Lookback': 30, 'Squeeze_Factor': 1.0}",A,0.01,スクイーズ参照期間×閾値の格子,15194.0,1.2353,151,-7429.0,0.8521,157,reject
M304,VBO応答曲面_スクイーズ参照,VolBreakout,USDJPY,H4,"{'Squeeze_Lookback': 30, 'Squeeze_Factor': 1.1}",A,0.01,スクイーズ参照期間×閾値の格子,-2540.0,0.974,197,-5762.0,0.9063,193,reject
M305,VBO応答曲面_スクイーズ参照,VolBreakout,USDJPY,H4,"{'Squeeze_Lookback': 40, 'Squeeze_Factor': 0.9}",A,0.01,スクイーズ参照期間×閾値の格子,22897.0,1.552,110,-5535.0,0.8352,113,reject
M306,VBO応答曲面_スクイーズ参照,VolBreakout,USDJPY,H4,"{'Squeeze_Lookback': 40, 'Squeeze_Factor': 1.0}",A,0.01,スクイーズ参照期間×閾値の格子,7962.0,1.1188,154,-7230.0,0.8511,154,reject
M307,VBO応答曲面_スクイーズ参照,VolBreakout,USDJPY,H4,"{'Squeeze_Lookback': 40, 'Squeeze_Factor': 1.1}",A,0.01,スクイーズ参照期間×閾値の格子,6813.0,1.0742,197,-11651.0,0.8071,193,reject
M308,VBO応答曲面_スクイーズ参照,VolBreakout,USDJPY,H4,"{'Squeeze_Lookback': 70, 'Squeeze_Factor': 0.9}",A,0.01,スクイーズ参照期間×閾値の格子,20791.0,1.4367,127,-6420.0,0.8114,116,reject
M309,VBO応答曲面_スクイーズ参照,VolBreakout,USDJPY,H4,"{'Squeeze_Lookback': 70, 'Squeeze_Factor': 1.0}",A,0.01,スクイーズ参照期間×閾値の格子,26657.0,1.4463,153,-2627.0,0.9455,162,reject
M310,VBO応答曲面_スクイーズ参照,VolBreakout,USDJPY,H4,"{'Squeeze_Lookback': 70, 'Squeeze_Factor': 1.1}",A,0.01,スクイーズ参照期間×閾値の格子,10287.0,1.1209,188,-15579.0,0.7558,198,reject
M314,Carry応答曲面_退出クールダウン,Carry,AUDJPY,D1,"{'ReentryCooldown': 0, 'ExitMA_Period': 0}",A,0.01,退出後クールダウン×デュアルMA退出の格子（BTC/ETHで採用済み機構のAUDJPY移植）,24188.0,3.6254,7,8923.0,2.5715,7,PASS
M315,Carry応答曲面_退出クールダウン,Carry,AUDJPY,D1,"{'ReentryCooldown': 0, 'ExitMA_Period': 20}",A,0.01,退出後クールダウン×デュアルMA退出の格子（BTC/ETHで採用済み機構のAUDJPY移植）,16262.0,1.7036,44,6468.0,1.4288,36,PASS
M316,Carry応答曲面_退出クールダウン,Carry,AUDJPY,D1,"{'ReentryCooldown': 0, 'ExitMA_Period': 40}",A,0.01,退出後クールダウン×デュアルMA退出の格子（BTC/ETHで採用済み機構のAUDJPY移植）,16181.0,1.9411,37,6936.0,1.5521,21,PASS
M317,Carry応答曲面_退出クールダウン,Carry,AUDJPY,D1,"{'ReentryCooldown': 3, 'ExitMA_Period': 0}",A,0.01,退出後クールダウン×デュアルMA退出の格子（BTC/ETHで採用済み機構のAUDJPY移植）,24188.0,3.6254,7,8923.0,2.5715,7,PASS
M318,Carry応答曲面_退出クールダウン,Carry,AUDJPY,D1,"{'ReentryCooldown': 3, 'ExitMA_Period': 20}",A,0.01,退出後クールダウン×デュアルMA退出の格子（BTC/ETHで採用済み機構のAUDJPY移植）,18802.0,1.9182,40,6471.0,1.4285,32,PASS
M319,Carry応答曲面_退出クールダウン,Carry,AUDJPY,D1,"{'ReentryCooldown': 3, 'ExitMA_Period': 40}",A,0.01,退出後クールダウン×デュアルMA退出の格子（BTC/ETHで採用済み機構のAUDJPY移植）,16903.0,2.0192,34,6344.0,1.4831,20,PASS
M320,Carry応答曲面_退出クールダウン,Carry,AUDJPY,D1,"{'ReentryCooldown': 5, 'ExitMA_Period': 0}",A,0.01,退出後クールダウン×デュアルMA退出の格子（BTC/ETHで採用済み機構のAUDJPY移植）,24188.0,3.6254,7,8894.0,2.5584,7,PASS
M321,Carry応答曲面_退出クールダウン,Carry,AUDJPY,D1,"{'ReentryCooldown': 5, 'ExitMA_Period': 20}",A,0.01,退出後クールダウン×デュアルMA退出の格子（BTC/ETHで採用済み機構のAUDJPY移植）,14093.0,1.6571,36,6524.0,1.444,29,PASS
M322,Carry応答曲面_退出クールダウン,Carry,AUDJPY,D1,"{'ReentryCooldown': 5, 'ExitMA_Period': 40}",A,0.01,退出後クールダウン×デュアルMA退出の格子（BTC/ETHで採用済み機構のAUDJPY移植）,18301.0,2.3564,29,5604.0,1.4077,20,PASS
M323,Carry応答曲面_退出クールダウン,Carry,AUDJPY,D1,"{'ReentryCooldown': 10, 'ExitMA_Period': 0}",A,0.01,退出後クールダウン×デュアルMA退出の格子（BTC/ETHで採用済み機構のAUDJPY移植）,24188.0,3.6254,7,9606.0,2.9231,7,PASS
M324,Carry応答曲面_退出クールダウン,Carry,AUDJPY,D1,"{'ReentryCooldown': 10, 'ExitMA_Period': 20}",A,0.01,退出後クールダウン×デュアルMA退出の格子（BTC/ETHで採用済み機構のAUDJPY移植）,12641.0,1.7338,33,6355.0,1.4453,25,PASS
M325,Carry応答曲面_退出クールダウン,Carry,AUDJPY,D1,"{'ReentryCooldown': 10, 'ExitMA_Period': 40}",A,0.01,退出後クールダウン×デュアルMA退出の格子（BTC/ETHで採用済み機構のAUDJPY移植）,9435.0,1.5439,27,10850.0,2.2577,16,PASS
M344,PB応答曲面_傾きxRR,PullbackTrend,USDJPY,H4,"{'MA_Slope_Min_ATR': 0.8, 'RR_Ratio': 1.5}",A,0.01,環境フィルター強度×RR比の格子,7748.0,1.1288,110,-2704.0,0.8936,62,reject
M345,PB応答曲面_傾きxRR,PullbackTrend,USDJPY,H4,"{'MA_Slope_Min_ATR': 0.8, 'RR_Ratio': 2.5}",A,0.01,環境フィルター強度×RR比の格子,2324.0,1.0353,94,-963.0,0.9596,52,reject
M346,PB応答曲面_傾きxRR,PullbackTrend,USDJPY,H4,"{'MA_Slope_Min_ATR': 0.8, 'RR_Ratio': 3.0}",A,0.01,環境フィルター強度×RR比の格子,9103.0,1.1444,89,-2015.0,0.9079,46,reject
M347,PB応答曲面_傾きxRR,PullbackTrend,USDJPY,H4,"{'MA_Slope_Min_ATR': 0.8, 'RR_Ratio': 3.5}",A,0.01,環境フィルター強度×RR比の格子,14248.0,1.2412,83,350.0,1.0169,43,PASS
M348,PB応答曲面_傾きxRR,PullbackTrend,USDJPY,H4,"{'MA_Slope_Min_ATR': 1.5, 'RR_Ratio': 1.5}",A,0.01,環境フィルター強度×RR比の格子,10960.0,1.4074,60,1801.0,1.2736,18,PASS
M349,PB応答曲面_傾きxRR,PullbackTrend,USDJPY,H4,"{'MA_Slope_Min_ATR': 1.5, 'RR_Ratio': 2.5}",A,0.01,環境フィルター強度×RR比の格子,21364.0,1.7482,56,3299.0,1.7186,13,PASS
M350,PB応答曲面_傾きxRR,PullbackTrend,USDJPY,H4,"{'MA_Slope_Min_ATR': 1.5, 'RR_Ratio': 3.0}",A,0.01,環境フィルター強度×RR比の格子,15953.0,1.5505,52,3915.0,1.7045,14,PASS
M351,PB応答曲面_傾きxRR,PullbackTrend,USDJPY,H4,"{'MA_Slope_Min_ATR': 1.5, 'RR_Ratio': 3.5}",A,0.01,環境フィルター強度×RR比の格子,19618.0,1.6788,51,5346.0,1.9577,14,PASS
M352,PB応答曲面_傾きxRR,PullbackTrend,USDJPY,H4,"{'MA_Slope_Min_ATR': 2.0, 'RR_Ratio': 1.5}",A,0.01,環境フィルター強度×RR比の格子,7700.0,1.7277,27,3104.0,2.5645,7,PASS
M353,PB応答曲面_傾きxRR,PullbackTrend,USDJPY,H4,"{'MA_Slope_Min_ATR': 2.0, 'RR_Ratio': 2.5}",A,0.01,環境フィルター強度×RR比の格子,7429.0,1.5035,28,1621.0,1.8395,5,PASS
M354,PB応答曲面_傾きxRR,PullbackTrend,USDJPY,H4,"{'MA_Slope_Min_ATR': 2.0, 'RR_Ratio': 3.0}",A,0.01,環境フィルター強度×RR比の格子,3307.0,1.2343,23,2336.0,2.2097,5,PASS
M355,PB応答曲面_傾きxRR,PullbackTrend,USDJPY,H4,"{'MA_Slope_Min_ATR': 2.0, 'RR_Ratio': 3.5}",A,0.01,環境フィルター強度×RR比の格子,1031.0,1.067,23,2932.0,2.5184,5,PASS
M359,PB応答曲面_傾きxRR,PullbackTrend,GBPJPY,H4,"{'MA_Slope_Min_ATR': 0.8, 'RR_Ratio': 1.5}",A,0.01,環境フィルター強度×RR比の格子,3682.0,1.0999,61,734.0,1.0136,84,PASS
M360,PB応答曲面_傾きxRR,PullbackTrend,GBPJPY,H4,"{'MA_Slope_Min_ATR': 0.8, 'RR_Ratio': 2.5}",A,0.01,環境フィルター強度×RR比の格子,10022.0,1.2799,52,11255.0,1.2186,70,PASS
M361,PB応答曲面_傾きxRR,PullbackTrend,GBPJPY,H4,"{'MA_Slope_Min_ATR': 0.8, 'RR_Ratio': 3.0}",A,0.01,環境フィルター強度×RR比の格子,-530.0,0.9864,50,8618.0,1.1663,62,reject
M362,PB応答曲面_傾きxRR,PullbackTrend,GBPJPY,H4,"{'MA_Slope_Min_ATR': 0.8, 'RR_Ratio': 3.5}",A,0.01,環境フィルター強度×RR比の格子,4072.0,1.1084,48,1054.0,1.019,60,PASS
M363,PB応答曲面_傾きxRR,PullbackTrend,GBPJPY,H4,"{'MA_Slope_Min_ATR': 1.5, 'RR_Ratio': 1.5}",A,0.01,環境フィルター強度×RR比の格子,3332.0,1.2496,25,-2973.0,0.8891,43,reject
M364,PB応答曲面_傾きxRR,PullbackTrend,GBPJPY,H4,"{'MA_Slope_Min_ATR': 1.5, 'RR_Ratio': 2.5}",A,0.01,環境フィルター強度×RR比の格子,7277.0,1.6342,19,5382.0,1.2319,35,PASS
M365,PB応答曲面_傾きxRR,PullbackTrend,GBPJPY,H4,"{'MA_Slope_Min_ATR': 1.5, 'RR_Ratio': 3.0}",A,0.01,環境フィルター強度×RR比の格子,8255.0,1.8163,17,7252.0,1.2907,36,PASS
M366,PB応答曲面_傾きxRR,PullbackTrend,GBPJPY,H4,"{'MA_Slope_Min_ATR': 1.5, 'RR_Ratio': 3.5}",A,0.01,環境フィルター強度×RR比の格子,9365.0,1.7597,19,9266.0,1.3728,34,PASS
M367,PB応答曲面_傾きxRR,PullbackTrend,GBPJPY,H4,"{'MA_Slope_Min_ATR': 2.0, 'RR_Ratio': 1.5}",A,0.01,環境フィルター強度×RR比の格子,-1228.0,0.747,9,-2177.0,0.7933,17,reject
M368,PB応答曲面_傾きxRR,PullbackTrend,GBPJPY,H4,"{'MA_Slope_Min_ATR': 2.0, 'RR_Ratio': 2.5}",A,0.01,環境フィルター強度×RR比の格子,-1603.0,0.7136,9,-1347.0,0.8649,15,reject
M369,PB応答曲面_傾きxRR,PullbackTrend,GBPJPY,H4,"{'MA_Slope_Min_ATR': 2.0, 'RR_Ratio': 3.0}",A,0.01,環境フィルター強度×RR比の格子,-805.0,0.8562,9,-719.0,0.923,13,reject
M370,PB応答曲面_傾きxRR,PullbackTrend,GBPJPY,H4,"{'MA_Slope_Min_ATR': 2.0, 'RR_Ratio': 3.5}",A,0.01,環境フィルター強度×RR比の格子,666.0,1.1351,8,-4555.0,0.5941,13,reject
M374,PB応答曲面_傾きxRR,PullbackTrend,GOLD,H4,"{'MA_Slope_Min_ATR': 0.8, 'RR_Ratio': 1.5}",A,0.01,環境フィルター強度×RR比の格子,,,,,,,FAIL
M375,PB応答曲面_傾きxRR,PullbackTrend,GOLD,H4,"{'MA_Slope_Min_ATR': 0.8, 'RR_Ratio': 2.5}",A,0.01,環境フィルター強度×RR比の格子,,,,,,,FAIL
M376,PB応答曲面_傾きxRR,PullbackTrend,GOLD,H4,"{'MA_Slope_Min_ATR': 0.8, 'RR_Ratio': 3.0}",A,0.01,環境フィルター強度×RR比の格子,,,,,,,FAIL
M377,PB応答曲面_傾きxRR,PullbackTrend,GOLD,H4,"{'MA_Slope_Min_ATR': 0.8, 'RR_Ratio': 3.5}",A,0.01,環境フィルター強度×RR比の格子,,,,,,,FAIL
M378,PB応答曲面_傾きxRR,PullbackTrend,GOLD,H4,"{'MA_Slope_Min_ATR': 1.5, 'RR_Ratio': 1.5}",A,0.01,環境フィルター強度×RR比の格子,,,,,,,FAIL
M379,PB応答曲面_傾きxRR,PullbackTrend,GOLD,H4,"{'MA_Slope_Min_ATR': 1.5, 'RR_Ratio': 2.5}",A,0.01,環境フィルター強度×RR比の格子,,,,,,,FAIL
M380,PB応答曲面_傾きxRR,PullbackTrend,GOLD,H4,"{'MA_Slope_Min_ATR': 1.5, 'RR_Ratio': 3.0}",A,0.01,環境フィルター強度×RR比の格子,,,,,,,FAIL
M381,PB応答曲面_傾きxRR,PullbackTrend,GOLD,H4,"{'MA_Slope_Min_ATR': 1.5, 'RR_Ratio': 3.5}",A,0.01,環境フィルター強度×RR比の格子,,,,,,,FAIL
M382,PB応答曲面_傾きxRR,PullbackTrend,GOLD,H4,"{'MA_Slope_Min_ATR': 2.0, 'RR_Ratio': 1.5}",A,0.01,環境フィルター強度×RR比の格子,,,,,,,FAIL
M383,PB応答曲面_傾きxRR,PullbackTrend,GOLD,H4,"{'MA_Slope_Min_ATR': 2.0, 'RR_Ratio': 2.5}",A,0.01,環境フィルター強度×RR比の格子,,,,,,,FAIL
M384,PB応答曲面_傾きxRR,PullbackTrend,GOLD,H4,"{'MA_Slope_Min_ATR': 2.0, 'RR_Ratio': 3.0}",A,0.01,環境フィルター強度×RR比の格子,,,,,,,FAIL
M385,PB応答曲面_傾きxRR,PullbackTrend,GOLD,H4,"{'MA_Slope_Min_ATR': 2.0, 'RR_Ratio': 3.5}",A,0.01,環境フィルター強度×RR比の格子,,,,,,,FAIL
M196,SCA応答曲面_強制決済,SCA_EA,GOLD,M15,{'ForceCloseHour': 18},B,0.01,強制決済時刻の格子,,,,,,,FAIL
M197,SCA応答曲面_強制決済,SCA_EA,GOLD,M15,{'ForceCloseHour': 20},B,0.01,強制決済時刻の格子,,,,,,,FAIL
M218,SCA応答曲面_強制決済,SCA_EA,USDJPY,M15,{'ForceCloseHour': 18},B,0.01,強制決済時刻の格子,11702.0,1.0824,584,-2649.0,0.9684,560,reject
M219,SCA応答曲面_強制決済,SCA_EA,USDJPY,M15,{'ForceCloseHour': 20},B,0.01,強制決済時刻の格子,19606.0,1.1308,584,-8165.0,0.9132,560,reject
M240,SCA応答曲面_強制決済,SCA_EA,GBPJPY,M15,{'ForceCloseHour': 18},B,0.01,強制決済時刻の格子,23461.0,1.1033,684,9751.0,1.0499,658,PASS
M241,SCA応答曲面_強制決済,SCA_EA,GBPJPY,M15,{'ForceCloseHour': 20},B,0.01,強制決済時刻の格子,29893.0,1.1253,684,-454.0,0.9978,658,reject
M246,PB応答曲面_EMA組,PullbackTrend,USDJPY,H4,"{'FastEMA_Period': 10, 'SlowEMA_Period': 40}",B,0.01,押し目EMA組の格子,3238.0,1.0676,82,3625.0,1.282,31,PASS
M247,PB応答曲面_EMA組,PullbackTrend,USDJPY,H4,"{'FastEMA_Period': 10, 'SlowEMA_Period': 60}",B,0.01,押し目EMA組の格子,10947.0,1.2167,91,4782.0,1.3551,35,PASS
M248,PB応答曲面_EMA組,PullbackTrend,USDJPY,H4,"{'FastEMA_Period': 15, 'SlowEMA_Period': 40}",B,0.01,押し目EMA組の格子,1883.0,1.0393,81,3460.0,1.3232,28,PASS
M249,PB応答曲面_EMA組,PullbackTrend,USDJPY,H4,"{'FastEMA_Period': 15, 'SlowEMA_Period': 60}",B,0.01,押し目EMA組の格子,7187.0,1.1419,87,3948.0,1.3487,31,PASS
M254,PB応答曲面_EMA組,PullbackTrend,GBPJPY,H4,"{'FastEMA_Period': 10, 'SlowEMA_Period': 40}",B,0.01,押し目EMA組の格子,1204.0,1.0417,43,-596.0,0.9843,54,reject
M255,PB応答曲面_EMA組,PullbackTrend,GBPJPY,H4,"{'FastEMA_Period': 10, 'SlowEMA_Period': 60}",B,0.01,押し目EMA組の格子,-1636.0,0.9488,46,-1721.0,0.9572,58,reject
M256,PB応答曲面_EMA組,PullbackTrend,GBPJPY,H4,"{'FastEMA_Period': 15, 'SlowEMA_Period': 40}",B,0.01,押し目EMA組の格子,-241.0,0.9907,38,920.0,1.0259,50,reject
M257,PB応答曲面_EMA組,PullbackTrend,GBPJPY,H4,"{'FastEMA_Period': 15, 'SlowEMA_Period': 60}",B,0.01,押し目EMA組の格子,-1355.0,0.9533,41,-1934.0,0.9509,55,reject
M262,PB応答曲面_EMA組,PullbackTrend,GOLD,H4,"{'FastEMA_Period': 10, 'SlowEMA_Period': 40}",B,0.01,押し目EMA組の格子,,,,,,,FAIL
M263,PB応答曲面_EMA組,PullbackTrend,GOLD,H4,"{'FastEMA_Period': 10, 'SlowEMA_Period': 60}",B,0.01,押し目EMA組の格子,,,,,,,FAIL
M264,PB応答曲面_EMA組,PullbackTrend,GOLD,H4,"{'FastEMA_Period': 15, 'SlowEMA_Period': 40}",B,0.01,押し目EMA組の格子,,,,,,,FAIL
M265,PB応答曲面_EMA組,PullbackTrend,GOLD,H4,"{'FastEMA_Period': 15, 'SlowEMA_Period': 60}",B,0.01,押し目EMA組の格子,,,,,,,FAIL
M266,RSI応答曲面_ADX追加,RSI_Reversal,EURUSD,H1,"{'UseADXFilter': True, 'ADX_Period': 14}",B,0.01,ADXフィルターを追加した変種（閾値はEA既定22.5固定・追加要否のみ検証）,-16086.0,0.7834,186,3087.0,1.0541,191,reject
M267,RSI応答曲面_ADX追加,RSI_Reversal,EURUSD,H1,"{'UseADXFilter': True, 'ADX_Period': 14}",B,0.01,ADXフィルターを追加した変種（閾値はEA既定22.5固定・追加要否のみ検証）,-16086.0,0.7834,186,3087.0,1.0541,191,reject
M268,RSI応答曲面_ADX追加,RSI_Reversal,EURUSD,H1,"{'UseADXFilter': True, 'ADX_Period': 14}",B,0.01,ADXフィルターを追加した変種（閾値はEA既定22.5固定・追加要否のみ検証）,-16086.0,0.7834,186,3087.0,1.0541,191,reject
M269,RSI応答曲面_DP,RSI_Reversal,EURUSD,H1,"{'UseDoublePattern': True, 'Swing_Lookback': 2, 'DP_Pattern_Bars': 50}",B,0.01,ダブルパターン検出のパラメータ格子,-1032.0,0.9904,303,-6240.0,0.9348,329,reject
M270,RSI応答曲面_DP,RSI_Reversal,EURUSD,H1,"{'UseDoublePattern': True, 'Swing_Lookback': 2, 'DP_Pattern_Bars': 80}",B,0.01,ダブルパターン検出のパラメータ格子,-1032.0,0.9904,303,-6240.0,0.9348,329,reject
M271,RSI応答曲面_DP,RSI_Reversal,EURUSD,H1,"{'UseDoublePattern': True, 'Swing_Lookback': 2, 'DP_Pattern_Bars': 120}",B,0.01,ダブルパターン検出のパラメータ格子,-1032.0,0.9904,303,-6240.0,0.9348,329,reject
M272,RSI応答曲面_DP,RSI_Reversal,EURUSD,H1,"{'UseDoublePattern': True, 'Swing_Lookback': 4, 'DP_Pattern_Bars': 50}",B,0.01,ダブルパターン検出のパラメータ格子,-661.0,0.9939,299,-1182.0,0.9871,319,reject
M273,RSI応答曲面_DP,RSI_Reversal,EURUSD,H1,"{'UseDoublePattern': True, 'Swing_Lookback': 4, 'DP_Pattern_Bars': 80}",B,0.01,ダブルパターン検出のパラメータ格子,-661.0,0.9939,299,-1182.0,0.9871,319,reject
M274,RSI応答曲面_DP,RSI_Reversal,EURUSD,H1,"{'UseDoublePattern': True, 'Swing_Lookback': 4, 'DP_Pattern_Bars': 120}",B,0.01,ダブルパターン検出のパラメータ格子,-661.0,0.9939,299,-1182.0,0.9871,319,reject
M275,RSI応答曲面_DP,RSI_Reversal,EURUSD,H1,"{'UseDoublePattern': True, 'Swing_Lookback': 5, 'DP_Pattern_Bars': 50}",B,0.01,ダブルパターン検出のパラメータ格子,1979.0,1.0186,295,-2171.0,0.976,314,reject
M276,RSI応答曲面_DP,RSI_Reversal,EURUSD,H1,"{'UseDoublePattern': True, 'Swing_Lookback': 5, 'DP_Pattern_Bars': 80}",B,0.01,ダブルパターン検出のパラメータ格子,1979.0,1.0186,295,-2171.0,0.976,314,reject
M277,RSI応答曲面_DP,RSI_Reversal,EURUSD,H1,"{'UseDoublePattern': True, 'Swing_Lookback': 5, 'DP_Pattern_Bars': 120}",B,0.01,ダブルパターン検出のパラメータ格子,1979.0,1.0186,295,-2171.0,0.976,314,reject
M278,RSI応答曲面_ADX追加,RSI_Reversal,USDJPY,H4,"{'UseADXFilter': True, 'ADX_Period': 14}",B,0.01,ADXフィルターを追加した変種（閾値はEA既定22.5固定・追加要否のみ検証）,-3218.0,0.78,42,4935.0,1.3347,57,reject
M279,RSI応答曲面_ADX追加,RSI_Reversal,USDJPY,H4,"{'UseADXFilter': True, 'ADX_Period': 14}",B,0.01,ADXフィルターを追加した変種（閾値はEA既定22.5固定・追加要否のみ検証）,-3218.0,0.78,42,4935.0,1.3347,57,reject
M280,RSI応答曲面_ADX追加,RSI_Reversal,USDJPY,H4,"{'UseADXFilter': True, 'ADX_Period': 14}",B,0.01,ADXフィルターを追加した変種（閾値はEA既定22.5固定・追加要否のみ検証）,-3218.0,0.78,42,4935.0,1.3347,57,reject
M281,RSI応答曲面_DP,RSI_Reversal,USDJPY,H4,"{'UseDoublePattern': True, 'Swing_Lookback': 2, 'DP_Pattern_Bars': 50}",B,0.01,ダブルパターン検出のパラメータ格子,6173.0,1.2102,99,-1047.0,0.9692,108,reject
M282,RSI応答曲面_DP,RSI_Reversal,USDJPY,H4,"{'UseDoublePattern': True, 'Swing_Lookback': 2, 'DP_Pattern_Bars': 80}",B,0.01,ダブルパターン検出のパラメータ格子,6173.0,1.2102,99,-1047.0,0.9692,108,reject
M283,RSI応答曲面_DP,RSI_Reversal,USDJPY,H4,"{'UseDoublePattern': True, 'Swing_Lookback': 2, 'DP_Pattern_Bars': 120}",B,0.01,ダブルパターン検出のパラメータ格子,6173.0,1.2102,99,-1047.0,0.9692,108,reject
M284,RSI応答曲面_DP,RSI_Reversal,USDJPY,H4,"{'UseDoublePattern': True, 'Swing_Lookback': 4, 'DP_Pattern_Bars': 50}",B,0.01,ダブルパターン検出のパラメータ格子,-3159.0,0.9074,105,5900.0,1.2155,93,reject
M285,RSI応答曲面_DP,RSI_Reversal,USDJPY,H4,"{'UseDoublePattern': True, 'Swing_Lookback': 4, 'DP_Pattern_Bars': 80}",B,0.01,ダブルパターン検出のパラメータ格子,-3597.0,0.8959,106,6890.0,1.2517,94,reject
M286,RSI応答曲面_DP,RSI_Reversal,USDJPY,H4,"{'UseDoublePattern': True, 'Swing_Lookback': 4, 'DP_Pattern_Bars': 120}",B,0.01,ダブルパターン検出のパラメータ格子,-3597.0,0.8959,106,6890.0,1.2517,94,reject
M287,RSI応答曲面_DP,RSI_Reversal,USDJPY,H4,"{'UseDoublePattern': True, 'Swing_Lookback': 5, 'DP_Pattern_Bars': 50}",B,0.01,ダブルパターン検出のパラメータ格子,-378.0,0.9879,99,5792.0,1.2116,92,reject
M288,RSI応答曲面_DP,RSI_Reversal,USDJPY,H4,"{'UseDoublePattern': True, 'Swing_Lookback': 5, 'DP_Pattern_Bars': 80}",B,0.01,ダブルパターン検出のパラメータ格子,-3215.0,0.9058,105,6693.0,1.2445,93,reject
M289,RSI応答曲面_DP,RSI_Reversal,USDJPY,H4,"{'UseDoublePattern': True, 'Swing_Lookback': 5, 'DP_Pattern_Bars': 120}",B,0.01,ダブルパターン検出のパラメータ格子,-3215.0,0.9058,105,6693.0,1.2445,93,reject
M290,RSI応答曲面_ADX追加,RSI_Reversal,GBPUSD,H4,"{'UseADXFilter': True, 'ADX_Period': 14}",B,0.01,ADXフィルターを追加した変種（閾値はEA既定22.5固定・追加要否のみ検証）,-2347.0,0.8713,40,1502.0,1.1364,34,reject
M291,RSI応答曲面_ADX追加,RSI_Reversal,GBPUSD,H4,"{'UseADXFilter': True, 'ADX_Period': 14}",B,0.01,ADXフィルターを追加した変種（閾値はEA既定22.5固定・追加要否のみ検証）,-2347.0,0.8713,40,1502.0,1.1364,34,reject
M292,RSI応答曲面_ADX追加,RSI_Reversal,GBPUSD,H4,"{'UseADXFilter': True, 'ADX_Period': 14}",B,0.01,ADXフィルターを追加した変種（閾値はEA既定22.5固定・追加要否のみ検証）,-2347.0,0.8713,40,1502.0,1.1364,34,reject
M293,RSI応答曲面_DP,RSI_Reversal,GBPUSD,H4,"{'UseDoublePattern': True, 'Swing_Lookback': 2, 'DP_Pattern_Bars': 50}",B,0.01,ダブルパターン検出のパラメータ格子,-2452.0,0.9376,89,6118.0,1.2192,89,reject
M294,RSI応答曲面_DP,RSI_Reversal,GBPUSD,H4,"{'UseDoublePattern': True, 'Swing_Lookback': 2, 'DP_Pattern_Bars': 80}",B,0.01,ダブルパターン検出のパラメータ格子,-2452.0,0.9376,89,6118.0,1.2192,89,reject
M295,RSI応答曲面_DP,RSI_Reversal,GBPUSD,H4,"{'UseDoublePattern': True, 'Swing_Lookback': 2, 'DP_Pattern_Bars': 120}",B,0.01,ダブルパターン検出のパラメータ格子,-2452.0,0.9376,89,6118.0,1.2192,89,reject
M296,RSI応答曲面_DP,RSI_Reversal,GBPUSD,H4,"{'UseDoublePattern': True, 'Swing_Lookback': 4, 'DP_Pattern_Bars': 50}",B,0.01,ダブルパターン検出のパラメータ格子,-5546.0,0.8542,84,3254.0,1.1049,96,reject
M297,RSI応答曲面_DP,RSI_Reversal,GBPUSD,H4,"{'UseDoublePattern': True, 'Swing_Lookback': 4, 'DP_Pattern_Bars': 80}",B,0.01,ダブルパターン検出のパラメータ格子,-5546.0,0.8542,84,3254.0,1.1049,96,reject
M298,RSI応答曲面_DP,RSI_Reversal,GBPUSD,H4,"{'UseDoublePattern': True, 'Swing_Lookback': 4, 'DP_Pattern_Bars': 120}",B,0.01,ダブルパターン検出のパラメータ格子,-5546.0,0.8542,84,3254.0,1.1049,96,reject
M299,RSI応答曲面_DP,RSI_Reversal,GBPUSD,H4,"{'UseDoublePattern': True, 'Swing_Lookback': 5, 'DP_Pattern_Bars': 50}",B,0.01,ダブルパターン検出のパラメータ格子,-8574.0,0.8039,95,6796.0,1.2277,95,reject
M300,RSI応答曲面_DP,RSI_Reversal,GBPUSD,H4,"{'UseDoublePattern': True, 'Swing_Lookback': 5, 'DP_Pattern_Bars': 80}",B,0.01,ダブルパターン検出のパラメータ格子,-9247.0,0.7917,96,5770.0,1.1869,97,reject
M301,RSI応答曲面_DP,RSI_Reversal,GBPUSD,H4,"{'UseDoublePattern': True, 'Swing_Lookback': 5, 'DP_Pattern_Bars': 120}",B,0.01,ダブルパターン検出のパラメータ格子,-9247.0,0.7917,96,5770.0,1.1869,97,reject
M311,VBO応答曲面_初期SL,VolBreakout,USDJPY,H4,{'ATR_SL_Mult': 1.5},B,0.01,初期ストップ幅の格子,19492.0,1.3116,170,-10052.0,0.7851,167,reject
M312,VBO応答曲面_初期SL,VolBreakout,USDJPY,H4,{'ATR_SL_Mult': 2.5},B,0.01,初期ストップ幅の格子,23310.0,1.3404,153,-6018.0,0.872,145,reject
M313,VBO応答曲面_初期SL,VolBreakout,USDJPY,H4,{'ATR_SL_Mult': 3.0},B,0.01,初期ストップ幅の格子,21413.0,1.3,152,-9081.0,0.8186,145,reject
M326,SCA応答曲面_バッファxSL方式,SCA_EA,GOLD,M15,"{'Break_Buffer_ATRd': 0.0, 'SL_Mode': 0}",B,0.01,ブレイクバッファ×SL方式(レンジ反対端/ATR)の格子,,,,,,,FAIL
M327,SCA応答曲面_バッファxSL方式,SCA_EA,GOLD,M15,"{'Break_Buffer_ATRd': 0.0, 'SL_Mode': 1}",B,0.01,ブレイクバッファ×SL方式(レンジ反対端/ATR)の格子,,,,,,,FAIL
M328,SCA応答曲面_バッファxSL方式,SCA_EA,GOLD,M15,"{'Break_Buffer_ATRd': 0.05, 'SL_Mode': 0}",B,0.01,ブレイクバッファ×SL方式(レンジ反対端/ATR)の格子,,,,,,,FAIL
M329,SCA応答曲面_バッファxSL方式,SCA_EA,GOLD,M15,"{'Break_Buffer_ATRd': 0.05, 'SL_Mode': 1}",B,0.01,ブレイクバッファ×SL方式(レンジ反対端/ATR)の格子,,,,,,,FAIL
M330,SCA応答曲面_バッファxSL方式,SCA_EA,GOLD,M15,"{'Break_Buffer_ATRd': 0.1, 'SL_Mode': 0}",B,0.01,ブレイクバッファ×SL方式(レンジ反対端/ATR)の格子,,,,,,,FAIL
M331,SCA応答曲面_バッファxSL方式,SCA_EA,GOLD,M15,"{'Break_Buffer_ATRd': 0.1, 'SL_Mode': 1}",B,0.01,ブレイクバッファ×SL方式(レンジ反対端/ATR)の格子,,,,,,,FAIL
M332,SCA応答曲面_バッファxSL方式,SCA_EA,USDJPY,M15,"{'Break_Buffer_ATRd': 0.0, 'SL_Mode': 0}",B,0.01,ブレイクバッファ×SL方式(レンジ反対端/ATR)の格子,14862.0,1.0952,584,-937.0,0.9903,560,reject
M333,SCA応答曲面_バッファxSL方式,SCA_EA,USDJPY,M15,"{'Break_Buffer_ATRd': 0.0, 'SL_Mode': 1}",B,0.01,ブレイクバッファ×SL方式(レンジ反対端/ATR)の格子,15061.0,1.0991,584,-6467.0,0.9348,560,reject
M334,SCA応答曲面_バッファxSL方式,SCA_EA,USDJPY,M15,"{'Break_Buffer_ATRd': 0.05, 'SL_Mode': 0}",B,0.01,ブレイクバッファ×SL方式(レンジ反対端/ATR)の格子,17015.0,1.1419,453,-5231.0,0.9273,407,reject
M335,SCA応答曲面_バッファxSL方式,SCA_EA,USDJPY,M15,"{'Break_Buffer_ATRd': 0.05, 'SL_Mode': 1}",B,0.01,ブレイクバッファ×SL方式(レンジ反対端/ATR)の格子,11937.0,1.1024,453,-5602.0,0.9219,407,reject
M336,SCA応答曲面_バッファxSL方式,SCA_EA,USDJPY,M15,"{'Break_Buffer_ATRd': 0.1, 'SL_Mode': 0}",B,0.01,ブレイクバッファ×SL方式(レンジ反対端/ATR)の格子,18620.0,1.217,328,194.0,1.0042,286,PASS
M337,SCA応答曲面_バッファxSL方式,SCA_EA,USDJPY,M15,"{'Break_Buffer_ATRd': 0.1, 'SL_Mode': 1}",B,0.01,ブレイクバッファ×SL方式(レンジ反対端/ATR)の格子,13621.0,1.1644,328,-4030.0,0.9175,286,reject
M338,SCA応答曲面_バッファxSL方式,SCA_EA,GBPJPY,M15,"{'Break_Buffer_ATRd': 0.0, 'SL_Mode': 0}",B,0.01,ブレイクバッファ×SL方式(レンジ反対端/ATR)の格子,27583.0,1.1128,684,11557.0,1.0544,658,PASS
M339,SCA応答曲面_バッファxSL方式,SCA_EA,GBPJPY,M15,"{'Break_Buffer_ATRd': 0.0, 'SL_Mode': 1}",B,0.01,ブレイクバッファ×SL方式(レンジ反対端/ATR)の格子,26019.0,1.1093,684,1577.0,1.0071,658,PASS
M340,SCA応答曲面_バッファxSL方式,SCA_EA,GBPJPY,M15,"{'Break_Buffer_ATRd': 0.05, 'SL_Mode': 0}",B,0.01,ブレイクバッファ×SL方式(レンジ反対端/ATR)の格子,14114.0,1.0707,557,-11762.0,0.9348,521,reject
M341,SCA応答曲面_バッファxSL方式,SCA_EA,GBPJPY,M15,"{'Break_Buffer_ATRd': 0.05, 'SL_Mode': 1}",B,0.01,ブレイクバッファ×SL方式(レンジ反対端/ATR)の格子,22234.0,1.1182,557,-14707.0,0.9184,521,reject
M342,SCA応答曲面_バッファxSL方式,SCA_EA,GBPJPY,M15,"{'Break_Buffer_ATRd': 0.1, 'SL_Mode': 0}",B,0.01,ブレイクバッファ×SL方式(レンジ反対端/ATR)の格子,6197.0,1.0382,432,-16999.0,0.8797,397,reject
M343,SCA応答曲面_バッファxSL方式,SCA_EA,GBPJPY,M15,"{'Break_Buffer_ATRd': 0.1, 'SL_Mode': 1}",B,0.01,ブレイクバッファ×SL方式(レンジ反対端/ATR)の格子,11388.0,1.0759,432,-17690.0,0.8731,397,reject
M356,PB_単一条件解除,PullbackTrend,USDJPY,H4,{'RequireBullishCandle': False},B,0.01,条件を1つだけ外した感度確認(RequireBullishCandle),11908.0,1.274,77,-203.0,0.9822,27,reject
M357,PB_単一条件解除,PullbackTrend,USDJPY,H4,{'UseMomentumConfirm': False},B,0.01,条件を1つだけ外した感度確認(UseMomentumConfirm),11179.0,1.2274,89,-289.0,0.9808,34,reject
M358,PB_単一条件解除,PullbackTrend,USDJPY,H4,{'UsePullbackQuality': False},B,0.01,条件を1つだけ外した感度確認(UsePullbackQuality),10671.0,1.2447,77,2830.0,1.2482,29,PASS
M371,PB_単一条件解除,PullbackTrend,GBPJPY,H4,{'RequireBullishCandle': False},B,0.01,条件を1つだけ外した感度確認(RequireBullishCandle),489.0,1.0194,37,8384.0,1.2837,46,PASS
M372,PB_単一条件解除,PullbackTrend,GBPJPY,H4,{'UseMomentumConfirm': False},B,0.01,条件を1つだけ外した感度確認(UseMomentumConfirm),-3010.0,0.8953,39,8571.0,1.2472,54,reject
M373,PB_単一条件解除,PullbackTrend,GBPJPY,H4,{'UsePullbackQuality': False},B,0.01,条件を1つだけ外した感度確認(UsePullbackQuality),489.0,1.018,40,7587.0,1.2512,47,PASS
M386,PB_単一条件解除,PullbackTrend,GOLD,H4,{'RequireBullishCandle': False},B,0.01,条件を1つだけ外した感度確認(RequireBullishCandle),,,,,,,FAIL
M387,PB_単一条件解除,PullbackTrend,GOLD,H4,{'UseMomentumConfirm': False},B,0.01,条件を1つだけ外した感度確認(UseMomentumConfirm),,,,,,,FAIL
M388,PB_単一条件解除,PullbackTrend,GOLD,H4,{'UsePullbackQuality': False},B,0.01,条件を1つだけ外した感度確認(UsePullbackQuality),,,,,,,FAIL
M389,RSI応答曲面_傾き参照期間,RSI_Reversal,EURUSD,H1,{'Range_Slope_Lookback': 10},B,0.01,レンジ判定の傾き参照期間の格子,10974.0,1.089,380,-7292.0,0.9282,376,reject
M390,RSI応答曲面_傾き参照期間,RSI_Reversal,EURUSD,H1,{'Range_Slope_Lookback': 30},B,0.01,レンジ判定の傾き参照期間の格子,-8622.0,0.8972,214,-18459.0,0.756,238,reject
M391,RSI応答曲面_傾き参照期間,RSI_Reversal,EURUSD,H1,{'Range_Slope_Lookback': 40},B,0.01,レンジ判定の傾き参照期間の格子,-17435.0,0.7666,178,-15089.0,0.7763,207,reject
M392,RSI_ダブルパターン単独,RSI_Reversal,EURUSD,H1,{'UseDoublePattern': True},B,0.01,ダブルパターンのみ追加（既定値のまま）,265.0,1.0025,303,-2657.0,0.9716,322,reject
M393,RSI応答曲面_傾き参照期間,RSI_Reversal,USDJPY,H4,{'Range_Slope_Lookback': 10},B,0.01,レンジ判定の傾き参照期間の格子,-3342.0,0.8677,78,-9884.0,0.7249,111,reject
M394,RSI応答曲面_傾き参照期間,RSI_Reversal,USDJPY,H4,{'Range_Slope_Lookback': 30},B,0.01,レンジ判定の傾き参照期間の格子,-3169.0,0.7981,48,67.0,1.0034,64,reject
M395,RSI応答曲面_傾き参照期間,RSI_Reversal,USDJPY,H4,{'Range_Slope_Lookback': 40},B,0.01,レンジ判定の傾き参照期間の格子,3766.0,1.3186,42,6085.0,1.4738,47,PASS
M396,RSI_ダブルパターン単独,RSI_Reversal,USDJPY,H4,{'UseDoublePattern': True},B,0.01,ダブルパターンのみ追加（既定値のまま）,3333.0,1.104,104,5208.0,1.1811,97,PASS
M397,RSI応答曲面_傾き参照期間,RSI_Reversal,GBPUSD,H4,{'Range_Slope_Lookback': 10},B,0.01,レンジ判定の傾き参照期間の格子,-2915.0,0.9172,80,8487.0,1.3314,84,reject
M398,RSI応答曲面_傾き参照期間,RSI_Reversal,GBPUSD,H4,{'Range_Slope_Lookback': 30},B,0.01,レンジ判定の傾き参照期間の格子,-8731.0,0.603,45,-5732.0,0.6139,39,reject
M399,RSI応答曲面_傾き参照期間,RSI_Reversal,GBPUSD,H4,{'Range_Slope_Lookback': 40},B,0.01,レンジ判定の傾き参照期間の格子,2867.0,1.1901,36,-3892.0,0.7249,38,reject
M400,RSI_ダブルパターン単独,RSI_Reversal,GBPUSD,H4,{'UseDoublePattern': True},B,0.01,ダブルパターンのみ追加（既定値のまま）,-5994.0,0.8361,80,3083.0,1.1033,93,reject
M401,SCA_D1トレンドフィルター,SCA_EA,GOLD,M15,"{'UseD1TrendFilter': True, 'D1Trend_MA': 100}",B,0.01,D1トレンド方向フィルターを追加した変種,,,,,,,FAIL
M402,SCA_D1トレンドフィルター,SCA_EA,GOLD,M15,"{'UseD1TrendFilter': True, 'D1Trend_MA': 200}",B,0.01,D1トレンド方向フィルターを追加した変種,,,,,,,FAIL
M403,SCA_複数回エントリー許可,SCA_EA,GOLD,M15,{'OneShotPerDir': False},B,0.01,1日1方向1回の制約を外した変種,,,,,,,FAIL
M404,SCA_逆指値事前設置,SCA_EA,GOLD,M15,{'UseStopOrders': True},B,0.01,レンジ確定時に両端へ逆指値を事前設置する変種,,,,,,,FAIL
M405,SCA_D1トレンドフィルター,SCA_EA,USDJPY,M15,"{'UseD1TrendFilter': True, 'D1Trend_MA': 100}",B,0.01,D1トレンド方向フィルターを追加した変種,7524.0,1.0991,310,-7098.0,0.8775,313,reject
M406,SCA_D1トレンドフィルター,SCA_EA,USDJPY,M15,"{'UseD1TrendFilter': True, 'D1Trend_MA': 200}",B,0.01,D1トレンド方向フィルターを追加した変種,8243.0,1.1161,314,-7808.0,0.8579,290,reject
M407,SCA_複数回エントリー許可,SCA_EA,USDJPY,M15,{'OneShotPerDir': False},B,0.01,1日1方向1回の制約を外した変種,14735.0,1.0943,586,-937.0,0.9903,560,reject
M408,SCA_逆指値事前設置,SCA_EA,USDJPY,M15,{'UseStopOrders': True},B,0.01,レンジ確定時に両端へ逆指値を事前設置する変種,19237.0,1.1225,733,5466.0,1.0537,752,PASS
M409,SCA_D1トレンドフィルター,SCA_EA,GBPJPY,M15,"{'UseD1TrendFilter': True, 'D1Trend_MA': 100}",B,0.01,D1トレンド方向フィルターを追加した変種,20336.0,1.1849,348,-14988.0,0.8687,350,reject
M410,SCA_D1トレンドフィルター,SCA_EA,GBPJPY,M15,"{'UseD1TrendFilter': True, 'D1Trend_MA': 200}",B,0.01,D1トレンド方向フィルターを追加した変種,16375.0,1.1466,354,-25158.0,0.7799,336,reject
M411,SCA_複数回エントリー許可,SCA_EA,GBPJPY,M15,{'OneShotPerDir': False},B,0.01,1日1方向1回の制約を外した変種,28128.0,1.1146,686,10934.0,1.0509,662,PASS
M412,SCA_逆指値事前設置,SCA_EA,GBPJPY,M15,{'UseStopOrders': True},B,0.01,レンジ確定時に両端へ逆指値を事前設置する変種,12016.0,1.0477,865,1929.0,1.0089,835,PASS
M413,Carry応答曲面_ATR期間,Carry,AUDJPY,D1,{'ATR_Period': 10},B,0.01,ヒステリシス帯計算に使うATR期間の格子,24595.0,3.793,7,8557.0,2.4158,7,PASS
M414,Carry応答曲面_ATR期間,Carry,AUDJPY,D1,{'ATR_Period': 20},B,0.01,ヒステリシス帯計算に使うATR期間の格子,24188.0,3.6254,7,8923.0,2.5715,7,PASS
M415,Carry応答曲面_ATR期間,Carry,AUDJPY,D1,{'ATR_Period': 28},B,0.01,ヒステリシス帯計算に使うATR期間の格子,23960.0,3.5379,7,7096.0,1.9455,8,PASS
M416,VBO_単方向のみ,VolBreakout,USDJPY,H4,"{'AllowLong': True, 'AllowShort': False}",B,0.01,ロング/ショートいずれか一方のみ許可（long限定）,32841.0,1.8729,107,3252.0,1.1304,87,PASS
M417,VBO_単方向のみ,VolBreakout,USDJPY,H4,"{'AllowLong': False, 'AllowShort': True}",B,0.01,ロング/ショートいずれか一方のみ許可（short限定）,-8336.0,0.6969,53,-11151.0,0.5262,68,reject
