selected_ids,count,net,max_dd_abs,max_dd_pct,return_dd_pct,return_dd_abs,diversification_abs,diversification_pct
none,0,1064137.0,40764.0,2.385737020293146,446041.19856816606,26.104822882935924,239396.0,85.44974300399771
08_bfx,1,1081118.0,40319.0,2.3875535421662355,452814.1383665465,26.814107492745357,239743.0,85.60354492933708
07_carry,1,1067550.0,40764.0,2.385737020293146,447471.78373785113,26.188548719458346,235983.0,85.27030103307352
07_carry+08_bfx,2,1084531.0,40319.0,2.3875535421662355,454243.63510440954,26.89875740965798,236330.0,85.42593683693055
06_rsi_usd,1,1072397.0,40764.0,2.4168226881669996,443721.83580142667,26.307452654302818,233234.0,85.1225191424755
06_rsi_usd+08_bfx,2,1089378.0,40319.0,2.4185993518330973,450416.8907406438,27.018973684863216,233581.0,85.27966411098942
06_rsi_usd+07_carry,2,1075810.0,40764.0,2.4168226881669996,445134.0204919753,26.391178490825236,229821.0,84.93486335162703
06_rsi_usd+07_carry+08_bfx,3,1092791.0,40319.0,2.4185993518330973,451828.0380633342,27.103623601775837,230168.0,85.09392318299956
05_pb_aud,1,1076512.0,40764.0,2.4183968279585204,445134.55672563595,26.40839956824649,239219.0,85.44054460449384
05_pb_aud+08_bfx,2,1093493.0,40319.0,2.420168874567748,451825.08191512147,27.121034747885613,239566.0,85.59444057380709
05_pb_aud+07_carry,2,1079925.0,40764.0,2.4183968279585204,446545.8222220768,26.492125404768913,235806.0,85.26087428137542
05_pb_aud+07_carry+08_bfx,3,1096906.0,40319.0,2.420168874567748,453235.31408357277,27.205684664798234,236153.0,85.41660638328655
05_pb_aud+06_rsi_usd,2,1084772.0,40764.0,2.449465449721882,442860.7066587396,26.611029339613385,233057.0,85.11290222444589
05_pb_aud+06_rsi_usd+08_bfx,3,1101753.0,40319.0,2.4511976810875717,449475.3762622537,27.32590094000347,233404.0,85.27014536593563
05_pb_aud+06_rsi_usd+07_carry,3,1088185.0,40764.0,2.449465449721882,444254.0718929328,26.694755176135807,229644.0,84.92500221886927
05_pb_aud+06_rsi_usd+07_carry+08_bfx,4,1105166.0,40319.0,2.4511976810875717,450867.7568223094,27.410550856916092,229991.0,85.08416262809368
04_pb_gbp,1,1077211.0,40764.0,2.385737020293146,451521.2661065377,26.425547051319793,239396.0,85.44974300399771
04_pb_gbp+08_bfx,2,1094192.0,40319.0,2.3875535421662355,458290.03650625393,27.13837148738808,239743.0,85.60354492933708
04_pb_gbp+07_carry,2,1080624.0,40764.0,2.385737020293146,452951.8512762228,26.509272887842215,235983.0,85.27030103307352
04_pb_gbp+07_carry+08_bfx,3,1097605.0,40319.0,2.3875535421662355,459719.533244117,27.223021404300702,236330.0,85.42593683693055
04_pb_gbp+06_rsi_usd,2,1085471.0,40764.0,2.4168226881669996,449131.4175899507,26.628176822686683,233234.0,85.1225191424755
04_pb_gbp+06_rsi_usd+08_bfx,3,1102452.0,40319.0,2.4185993518330973,455822.49873855006,27.34323767950594,233581.0,85.27966411098942
04_pb_gbp+06_rsi_usd+07_carry,3,1088884.0,40764.0,2.4168226881669996,450543.60228049936,26.711902659209105,229821.0,84.93486335162703
04_pb_gbp+06_rsi_usd+07_carry+08_bfx,4,1105865.0,40319.0,2.4185993518330973,457233.64606124046,27.42788759641856,230168.0,85.09392318299956
04_pb_gbp+05_pb_aud,2,1089586.0,40764.0,2.4183968279585204,450540.61740552704,26.72912373663036,239219.0,85.44054460449384
04_pb_gbp+05_pb_aud+08_bfx,3,1106567.0,40319.0,2.420168874567748,457227.1842797075,27.445298742528337,239566.0,85.59444057380709
04_pb_gbp+05_pb_aud+07_carry,3,1092999.0,40764.0,2.4183968279585204,451951.88290196797,26.812849573152782,235806.0,85.26087428137542
04_pb_gbp+05_pb_aud+07_carry+08_bfx,4,1109980.0,40319.0,2.420168874567748,458637.4164481588,27.529948659440958,236153.0,85.41660638328655
04_pb_gbp+05_pb_aud+06_rsi_usd,3,1097846.0,40764.0,2.449465449721882,448198.1977433697,26.931753507997254,233057.0,85.11290222444589
04_pb_gbp+05_pb_aud+06_rsi_usd+08_bfx,4,1114827.0,40319.0,2.4511976810875717,454809.0954073367,27.650164934646195,233404.0,85.27014536593563
04_pb_gbp+05_pb_aud+06_rsi_usd+07_carry,4,1101259.0,40764.0,2.449465449721882,449591.56297756295,27.015479344519676,229644.0,84.92500221886927
04_pb_gbp+05_pb_aud+06_rsi_usd+07_carry+08_bfx,5,1118240.0,40319.0,2.4511976810875717,456201.47596739244,27.73481485155882,229991.0,85.08416262809368
03_pb_usd,1,1061771.0,39175.0,2.3090206667779145,459836.07478127565,27.103280153158902,234570.0,85.68923633308371
03_pb_usd+08_bfx,2,1078752.0,37838.0,2.3109331225751553,466803.64284965035,28.509752101062425,235809.0,86.17269694168034
03_pb_usd+07_carry,2,1065184.0,39175.0,2.3090206667779145,461314.1906115521,27.1904020421187,231157.0,85.50855984493143
03_pb_usd+07_carry+08_bfx,3,1082165.0,37838.0,2.3109331225751553,468280.53543760924,28.599952428775307,232396.0,85.99806093977811
03_pb_usd+06_rsi_usd,2,1070031.0,39175.0,2.3400022512182503,457277.7651999784,27.31412890874282,228408.0,85.35968279001283
03_pb_usd+06_rsi_usd+08_bfx,3,1087012.0,37838.0,2.341875116834825,464163.0940035596,28.728051165495003,229647.0,85.85416004635775
03_pb_usd+06_rsi_usd+07_carry,3,1073444.0,39175.0,2.3400022512182503,458736.3108053184,27.401250797702616,224995.0,85.17053412575235
03_pb_usd+06_rsi_usd+07_carry+08_bfx,4,1090425.0,37838.0,2.341875116834825,465620.4731675745,28.818251493207885,226234.0,85.67133206095308
03_pb_usd+05_pb_aud,2,1074146.0,39175.0,2.341683468601273,458706.7442730018,27.419170389278875,234393.0,85.67997719031466
03_pb_usd+05_pb_aud+08_bfx,3,1091127.0,37838.0,2.3435514497264007,465586.9620986491,28.83680427083884,235632.0,86.16374739459538
03_pb_usd+05_pb_aud+07_carry,3,1077559.0,39175.0,2.341683468601273,460164.2427119512,27.50629227823867,230980.0,85.49906535137237
03_pb_usd+05_pb_aud+07_carry+08_bfx,4,1094540.0,37838.0,2.3435514497264007,467043.2988052311,28.927004598551722,232219.0,85.98888382822885
03_pb_usd+05_pb_aud+06_rsi_usd,3,1082406.0,39175.0,2.3726481515290687,456201.6493269077,27.630019144862796,228231.0,85.34999214677306
03_pb_usd+05_pb_aud+06_rsi_usd+08_bfx,4,1099387.0,37838.0,2.3744765848823643,463001.82827638433,29.05510333527142,229470.0,85.84479327218041
03_pb_usd+05_pb_aud+06_rsi_usd+07_carry,4,1085819.0,39175.0,2.3726481515290687,457640.1264132808,27.717141033822593,224818.0,85.16059137931687
03_pb_usd+05_pb_aud+06_rsi_usd+07_carry+08_bfx,5,1102800.0,37838.0,2.3744765848823643,464439.19768306945,29.1453036629843,226057.0,85.661721518028
03_pb_usd+04_pb_gbp,2,1074845.0,39175.0,2.3090206667779145,465498.2155269641,27.437013401403956,234570.0,85.68923633308371
03_pb_usd+04_pb_gbp+08_bfx,3,1091826.0,37838.0,2.3109331225751553,472461.0977851836,28.8552777630953,235809.0,86.17269694168034
03_pb_usd+04_pb_gbp+07_carry,3,1078258.0,39175.0,2.3090206667779145,466976.33135724056,27.524135290363752,231157.0,85.50855984493143
03_pb_usd+04_pb_gbp+07_carry+08_bfx,4,1095239.0,37838.0,2.3109331225751553,473937.9903731425,28.945478090808184,232396.0,85.99806093977811
03_pb_usd+04_pb_gbp+06_rsi_usd,3,1083105.0,39175.0,2.3400022512182503,462864.9393119663,27.647862156987873,228408.0,85.35968279001283
03_pb_usd+04_pb_gbp+06_rsi_usd+08_bfx,4,1100086.0,37838.0,2.341875116834825,469745.79988997354,29.073576827527884,229647.0,85.85416004635775
03_pb_usd+04_pb_gbp+06_rsi_usd+07_carry,4,1086518.0,39175.0,2.3400022512182503,464323.4849173063,27.73498404594767,224995.0,85.17053412575235
03_pb_usd+04_pb_gbp+06_rsi_usd+07_carry+08_bfx,5,1103499.0,37838.0,2.341875116834825,471203.1790539884,29.163777155240762,226234.0,85.67133206095308
03_pb_usd+04_pb_gbp+05_pb_aud,3,1087220.0,39175.0,2.341683468601273,464289.9070596483,27.752903637523932,234393.0,85.67997719031466
03_pb_usd+04_pb_gbp+05_pb_aud+08_bfx,4,1104201.0,37838.0,2.3435514497264007,471165.67469807866,29.182329932871717,235632.0,86.16374739459538
03_pb_usd+04_pb_gbp+05_pb_aud+07_carry,4,1090633.0,39175.0,2.341683468601273,465747.4054985977,27.84002552648373,230980.0,85.49906535137237
03_pb_usd+04_pb_gbp+05_pb_aud+07_carry+08_bfx,5,1107614.0,37838.0,2.3435514497264007,472622.01140466065,29.2725302605846,232219.0,85.98888382822885
03_pb_usd+04_pb_gbp+05_pb_aud+06_rsi_usd,4,1095480.0,39175.0,2.3726481515290687,461711.9480164013,27.96375239310785,228231.0,85.34999214677306
03_pb_usd+04_pb_gbp+05_pb_aud+06_rsi_usd+08_bfx,5,1112461.0,37838.0,2.3744765848823643,468507.88383542356,29.4006289973043,229470.0,85.84479327218041
03_pb_usd+04_pb_gbp+05_pb_aud+06_rsi_usd+07_carry,5,1098893.0,39175.0,2.3726481515290687,463150.42510277434,28.050874282067646,224818.0,85.16059137931687
03_pb_usd+04_pb_gbp+05_pb_aud+06_rsi_usd+07_carry+08_bfx,6,1115874.0,37838.0,2.3744765848823643,469945.2532421086,29.490829325017177,226057.0,85.661721518028
02_funding,1,1085412.0,40764.0,2.385737020293146,454958.7782590684,26.626729467176922,239572.0,85.45887791792705
02_funding+08_bfx,2,1102393.0,40319.0,2.3875535421662355,461724.9332971168,27.34177434956224,239919.0,85.61258644437942
02_funding+07_carry,2,1088825.0,40764.0,2.385737020293146,456389.36342875345,26.71045530369934,236159.0,85.27966257768405
02_funding+07_carry+08_bfx,3,1105806.0,40319.0,2.3875535421662355,463154.4300349798,27.426424266474864,236506.0,85.43520274541679
02_funding+06_rsi_usd,2,1093672.0,40764.0,2.4168226881669996,452524.7157578937,26.829359238543812,233410.0,85.13206941577248
02_funding+06_rsi_usd+08_bfx,3,1110653.0,40319.0,2.4185993518330973,459213.304244962,27.5466405416801,233757.0,85.28911688728672
02_funding+06_rsi_usd+07_carry,3,1097085.0,40764.0,2.4168226881669996,453936.9004484423,26.913085075066235,229997.0,84.94465598812236
02_funding+06_rsi_usd+07_carry+08_bfx,4,1114066.0,40319.0,2.4185993518330973,460624.4515676524,27.631290458592723,230344.0,85.10361593568385
02_funding+05_pb_aud,2,1097787.0,40764.0,2.4183968279585204,453931.7068682613,26.93030615248749,239395.0,85.44969106828623
02_funding+05_pb_aud+08_bfx,3,1114768.0,40319.0,2.420168874567748,460615.7907881954,27.6487016047025,239742.0,85.603493524625
02_funding+05_pb_aud+07_carry,3,1101200.0,40764.0,2.4183968279585204,455342.9723647022,27.01403198900991,235982.0,85.27024780845974
02_funding+05_pb_aud+07_carry+08_bfx,4,1118181.0,40319.0,2.420168874567748,462026.0229566467,27.73335152161512,236329.0,85.42588415603944
02_funding+05_pb_aud+06_rsi_usd,3,1106047.0,40764.0,2.449465449721882,451546.27517835906,27.132935923854383,233233.0,85.1224648445056
02_funding+05_pb_aud+06_rsi_usd+08_bfx,4,1123028.0,40319.0,2.4511976810875717,458154.8067970282,27.853567796820357,233580.0,85.27961036732519
02_funding+05_pb_aud+06_rsi_usd+07_carry,4,1109460.0,40764.0,2.449465449721882,452939.64041255234,27.2166617603768,229820.0,84.93480767525057
02_funding+05_pb_aud+06_rsi_usd+07_carry+08_bfx,5,1126441.0,40319.0,2.4511976810875717,459547.18735708395,27.93821771373298,230167.0,85.09386807450294
02_funding+04_pb_gbp,2,1098486.0,40764.0,2.385737020293146,460438.84579744004,26.947453635560787,239572.0,85.45887791792705
02_funding+04_pb_gbp+08_bfx,3,1115467.0,40319.0,2.3875535421662355,467200.8314368242,27.666038344204967,239919.0,85.61258644437942
02_funding+04_pb_gbp+07_carry,3,1101899.0,40764.0,2.385737020293146,461869.4309671251,27.03117947208321,236159.0,85.27966257768405
02_funding+04_pb_gbp+07_carry+08_bfx,4,1118880.0,40319.0,2.3875535421662355,468630.3281746873,27.75068826111759,236506.0,85.43520274541679
02_funding+04_pb_gbp+06_rsi_usd,3,1106746.0,40764.0,2.4168226881669996,457934.29754641774,27.15008340692768,233410.0,85.13206941577248
02_funding+04_pb_gbp+06_rsi_usd+08_bfx,4,1123727.0,40319.0,2.4185993518330973,464618.91224286833,27.870904536322826,233757.0,85.28911688728672
02_funding+04_pb_gbp+06_rsi_usd+07_carry,4,1110159.0,40764.0,2.4168226881669996,459346.4822369664,27.233809243450104,229997.0,84.94465598812236
02_funding+04_pb_gbp+06_rsi_usd+07_carry+08_bfx,5,1127140.0,40319.0,2.4185993518330973,466030.0595655587,27.955554453235447,230344.0,85.10361593568385
02_funding+04_pb_gbp+05_pb_aud,3,1110861.0,40764.0,2.4183968279585204,459337.7675481524,27.251030320871358,239395.0,85.44969106828623
02_funding+04_pb_gbp+05_pb_aud+08_bfx,4,1127842.0,40319.0,2.420168874567748,466017.8931527814,27.972965599345223,239742.0,85.603493524625
02_funding+04_pb_gbp+05_pb_aud+07_carry,4,1114274.0,40764.0,2.4183968279585204,460749.03304459335,27.33475615739378,235982.0,85.27024780845974
02_funding+04_pb_gbp+05_pb_aud+07_carry+08_bfx,5,1131255.0,40319.0,2.420168874567748,467428.1253212327,28.057615516257844,236329.0,85.42588415603944
02_funding+04_pb_gbp+05_pb_aud+06_rsi_usd,4,1119121.0,40764.0,2.449465449721882,456883.7662629892,27.45366009223825,233233.0,85.1224648445056
02_funding+04_pb_gbp+05_pb_aud+06_rsi_usd+08_bfx,5,1136102.0,40319.0,2.4511976810875717,463488.5259421113,28.17783179146308,233580.0,85.27961036732519
02_funding+04_pb_gbp+05_pb_aud+06_rsi_usd+07_carry,5,1122534.0,40764.0,2.449465449721882,458277.1314971824,27.53738592876067,229820.0,84.93480767525057
02_funding+04_pb_gbp+05_pb_aud+06_rsi_usd+07_carry+08_bfx,6,1139515.0,40319.0,2.4511976810875717,464880.906502167,28.262481708375702,230167.0,85.09386807450294
02_funding+03_pb_usd,2,1083046.0,39175.0,2.3090206667779145,469049.9377432247,27.646356094447988,234746.0,85.69843129953527
02_funding+03_pb_usd+08_bfx,3,1100027.0,37838.0,2.3109331225751553,476009.8807074956,29.07201754849622,235985.0,86.18158445419122
02_funding+03_pb_usd+07_carry,3,1086459.0,39175.0,2.3090206667779145,470528.0535735012,27.733477983407784,231333.0,85.51798837742322
02_funding+03_pb_usd+07_carry+08_bfx,4,1103440.0,37838.0,2.3109331225751553,477486.7732954545,29.1622178762091,232572.0,86.00717429089161
02_funding+03_pb_usd+06_rsi_usd,3,1091306.0,39175.0,2.3400022512182503,466369.63679494115,27.85720485003191,228584.0,85.36930598037787
02_funding+03_pb_usd+06_rsi_usd+08_bfx,4,1108287.0,37838.0,2.341875116834825,473247.69456447865,29.2903166129288,229823.0,85.86346161749377
02_funding+03_pb_usd+06_rsi_usd+07_carry,4,1094719.0,39175.0,2.3400022512182503,467828.1824002811,27.944326738991705,225171.0,85.18040749623599
02_funding+03_pb_usd+06_rsi_usd+07_carry+08_bfx,5,1111700.0,37838.0,2.341875116834825,474705.07372849353,29.380516940641684,226410.0,85.68087554115831
02_funding+03_pb_usd+05_pb_aud,3,1095421.0,39175.0,2.341683468601273,467792.0883364793,27.962246330567964,234569.0,85.68918405517564
02_funding+03_pb_usd+05_pb_aud+08_bfx,4,1112402.0,37838.0,2.3435514497264007,474665.06448145956,29.399069718272635,235808.0,86.1726464117875
02_funding+03_pb_usd+05_pb_aud+07_carry,4,1098834.0,39175.0,2.341683468601273,469249.58677542873,28.04936821952776,231156.0,85.50850623864818
02_funding+03_pb_usd+05_pb_aud+07_carry+08_bfx,5,1115815.0,37838.0,2.3435514497264007,476121.40118804155,29.489270045985517,232395.0,85.9980091254584
02_funding+03_pb_usd+05_pb_aud+06_rsi_usd,4,1103681.0,39175.0,2.3726481515290687,465168.42342962883,28.173095086151882,228407.0,85.35962807662698
02_funding+03_pb_usd+05_pb_aud+06_rsi_usd+08_bfx,5,1120662.0,37838.0,2.3744765848823643,471961.6976368371,29.617368782705217,229646.0,85.85410716154985
02_funding+03_pb_usd+05_pb_aud+06_rsi_usd+07_carry,5,1107094.0,39175.0,2.3726481515290687,466606.9005160019,28.26021697511168,224994.0,85.17047798946886
02_funding+03_pb_usd+05_pb_aud+06_rsi_usd+07_carry+08_bfx,6,1124075.0,37838.0,2.3744765848823643,473399.0670435222,29.7075691104181,226233.0,85.67127780028856
02_funding+03_pb_usd+04_pb_gbp,3,1096120.0,39175.0,2.3090206667779145,474712.0784889132,27.980089342693045,234746.0,85.69843129953527
02_funding+03_pb_usd+04_pb_gbp+08_bfx,4,1113101.0,37838.0,2.3109331225751553,481667.33564302884,29.417543210529097,235985.0,86.18158445419122
02_funding+03_pb_usd+04_pb_gbp+07_carry,4,1099533.0,39175.0,2.3090206667779145,476190.19431918964,28.06721123165284,231333.0,85.51798837742322
02_funding+03_pb_usd+04_pb_gbp+07_carry+08_bfx,5,1116514.0,37838.0,2.3109331225751553,483144.22823098773,29.50774353824198,232572.0,86.00717429089161
02_funding+03_pb_usd+04_pb_gbp+06_rsi_usd,4,1104380.0,39175.0,2.3400022512182503,471956.810906929,28.190938098276963,228584.0,85.36930598037787
02_funding+03_pb_usd+04_pb_gbp+06_rsi_usd+08_bfx,5,1121361.0,37838.0,2.341875116834825,478830.4004508926,29.63584227496168,229823.0,85.86346161749377
02_funding+03_pb_usd+04_pb_gbp+06_rsi_usd+07_carry,5,1107793.0,39175.0,2.3400022512182503,473415.356512269,28.27805998723676,225171.0,85.18040749623599
02_funding+03_pb_usd+04_pb_gbp+06_rsi_usd+07_carry+08_bfx,6,1124774.0,37838.0,2.341875116834825,480287.77961490746,29.72604260267456,226410.0,85.68087554115831
02_funding+03_pb_usd+04_pb_gbp+05_pb_aud,4,1108495.0,39175.0,2.341683468601273,473375.25112312584,28.295979578813018,234569.0,85.68918405517564
02_funding+03_pb_usd+04_pb_gbp+05_pb_aud+08_bfx,5,1125476.0,37838.0,2.3435514497264007,480243.7770808891,29.744595380305512,235808.0,86.1726464117875
02_funding+03_pb_usd+04_pb_gbp+05_pb_aud+07_carry,5,1111908.0,39175.0,2.341683468601273,474832.74956207525,28.383101467772814,231156.0,85.50850623864818
02_funding+03_pb_usd+04_pb_gbp+05_pb_aud+07_carry+08_bfx,6,1128889.0,37838.0,2.3435514497264007,481700.1137874711,29.834795708018394,232395.0,85.9980091254584
02_funding+03_pb_usd+04_pb_gbp+05_pb_aud+06_rsi_usd,5,1116755.0,39175.0,2.3726481515290687,470678.7221191224,28.506828334396936,228407.0,85.35962807662698
02_funding+03_pb_usd+04_pb_gbp+05_pb_aud+06_rsi_usd+08_bfx,6,1133736.0,37838.0,2.3744765848823643,477467.7531958763,29.962894444738094,229646.0,85.85410716154985
02_funding+03_pb_usd+04_pb_gbp+05_pb_aud+06_rsi_usd+07_carry,6,1120168.0,39175.0,2.3726481515290687,472117.1992054955,28.59395022335673,224994.0,85.17047798946886
02_funding+03_pb_usd+04_pb_gbp+05_pb_aud+06_rsi_usd+07_carry+08_bfx,7,1137149.0,37838.0,2.3744765848823643,478905.12260256143,30.053094772450976,226233.0,85.67127780028856
01_sca_gbp,1,1059427.0,41338.0,2.627662989413197,403182.2209577144,25.628404857516088,196879.0,82.64691436799221
01_sca_gbp+08_bfx,2,1076408.0,41416.0,2.6291683039718747,409410.07784624305,25.990148734788487,196703.0,82.60701581982119
01_sca_gbp+07_carry,2,1062840.0,41338.0,2.627662989413197,404481.09376360726,25.710968116502976,193466.0,82.39467811451253
01_sca_gbp+07_carry+08_bfx,3,1079821.0,41416.0,2.6291683039718747,410708.20699029363,26.07255649990342,193290.0,82.35409405809821
01_sca_gbp+06_rsi_usd,2,1067687.0,41812.0,2.6589591699814625,401543.20985960966,25.535420453458336,190243.0,81.98185774924049
01_sca_gbp+06_rsi_usd+08_bfx,3,1084668.0,41890.0,2.660424080108678,407704.92498161853,25.893244211028886,190067.0,81.94061830425467
01_sca_gbp+06_rsi_usd+07_carry,3,1071100.0,41812.0,2.6589591699814625,402826.794819669,25.617047737491628,186830.0,81.71289614331575
01_sca_gbp+06_rsi_usd+07_carry+08_bfx,4,1088081.0,41890.0,2.660424080108678,408987.80316089763,25.974719503461447,186654.0,81.67092551106133
01_sca_gbp+05_pb_aud,2,1071802.0,41892.0,2.6601878616387347,402904.6276978898,25.584884942232407,196148.0,82.40127709628634
01_sca_gbp+05_pb_aud+08_bfx,3,1088783.0,41970.0,2.6616490428337145,409063.3222030021,25.941934715272815,195972.0,82.36124769901909
01_sca_gbp+05_pb_aud+07_carry,3,1075215.0,41892.0,2.6601878616387347,404187.61979375535,25.66635634488685,192735.0,82.14527739774195
01_sca_gbp+05_pb_aud+07_carry+08_bfx,4,1092196.0,41970.0,2.6616490428337145,410345.60996711935,26.023254705742197,192559.0,82.10455849809618
01_sca_gbp+05_pb_aud+06_rsi_usd,3,1080062.0,42366.0,2.6914666670054874,401291.241403956,25.49360336118586,189512.0,81.7291851749627
01_sca_gbp+05_pb_aud+06_rsi_usd+08_bfx,4,1097043.0,42444.0,2.6928874880087705,407385.38274809165,25.84683347469607,189336.0,81.68780740357235
01_sca_gbp+05_pb_aud+06_rsi_usd+07_carry,4,1083475.0,42366.0,2.6914666670054874,402559.32324269466,25.574163244110842,186099.0,81.45624056201169
01_sca_gbp+05_pb_aud+06_rsi_usd+07_carry+08_bfx,5,1100456.0,42444.0,2.6928874880087705,408652.7955216285,25.92724531146923,185923.0,81.41412726006823
01_sca_gbp+04_pb_gbp,2,1072501.0,41338.0,2.627662989413197,408157.7448558227,25.944675601141807,196879.0,82.64691436799221
01_sca_gbp+04_pb_gbp+08_bfx,3,1089482.0,41416.0,2.6291683039718747,414382.75303795637,26.30582383619857,196703.0,82.60701581982119
01_sca_gbp+04_pb_gbp+07_carry,3,1075914.0,41338.0,2.627662989413197,409456.61766171554,26.027238860128694,193466.0,82.39467811451253
01_sca_gbp+04_pb_gbp+07_carry+08_bfx,4,1092895.0,41416.0,2.6291683039718747,415680.882182007,26.388231601313503,193290.0,82.35409405809821
01_sca_gbp+04_pb_gbp+06_rsi_usd,3,1080761.0,41812.0,2.6589591699814625,406460.1714089257,25.848105806945373,190243.0,81.98185774924049
01_sca_gbp+04_pb_gbp+06_rsi_usd+08_bfx,4,1097742.0,41890.0,2.660424080108678,412619.1791028885,26.20534733826689,190067.0,81.94061830425467
01_sca_gbp+04_pb_gbp+06_rsi_usd+07_carry,4,1084174.0,41812.0,2.6589591699814625,407743.756368985,25.929733090978665,186830.0,81.71289614331575
01_sca_gbp+04_pb_gbp+06_rsi_usd+07_carry+08_bfx,5,1101155.0,41890.0,2.660424080108678,413902.0572821676,26.28682263069945,186654.0,81.67092551106133
01_sca_gbp+04_pb_gbp+05_pb_aud,3,1084876.0,41892.0,2.6601878616387347,407819.3181934498,25.8969731691015,196148.0,82.40127709628634
01_sca_gbp+04_pb_gbp+05_pb_aud+08_bfx,4,1101857.0,41970.0,2.6616490428337145,413975.3146518942,26.25344293543007,195972.0,82.36124769901909
01_sca_gbp+04_pb_gbp+05_pb_aud+07_carry,4,1088289.0,41892.0,2.6601878616387347,409102.31028931536,25.978444571755944,192735.0,82.14527739774195
01_sca_gbp+04_pb_gbp+05_pb_aud+07_carry+08_bfx,5,1105270.0,41970.0,2.6616490428337145,415257.60241601145,26.33476292589945,192559.0,82.10455849809618
01_sca_gbp+04_pb_gbp+05_pb_aud+06_rsi_usd,4,1093136.0,42366.0,2.6914666670054874,406148.8159599679,25.802199877260065,189512.0,81.7291851749627
01_sca_gbp+04_pb_gbp+05_pb_aud+06_rsi_usd+08_bfx,5,1110117.0,42444.0,2.6928874880087705,412240.3943511451,26.15486287814532,189336.0,81.68780740357235
01_sca_gbp+04_pb_gbp+05_pb_aud+06_rsi_usd+07_carry,5,1096549.0,42366.0,2.6914666670054874,407416.89779870654,25.882759760185053,186099.0,81.45624056201169
01_sca_gbp+04_pb_gbp+05_pb_aud+06_rsi_usd+07_carry+08_bfx,6,1113530.0,42444.0,2.6928874880087705,413507.80712468195,26.235274714918482,185923.0,81.41412726006823
01_sca_gbp+03_pb_usd,2,1057061.0,40210.0,2.55013866894304,414511.18438124843,26.288510320815718,191592.0,82.65329893616104
01_sca_gbp+03_pb_usd+08_bfx,3,1074042.0,40288.0,2.551742003479763,420905.4044395354,26.659104447974585,191416.0,82.61229844974622
01_sca_gbp+03_pb_usd+07_carry,3,1060474.0,40210.0,2.55013866894304,415849.5429738871,26.373389704053718,188179.0,82.39407326972841
01_sca_gbp+03_pb_usd+07_carry+08_bfx,4,1077455.0,40288.0,2.551742003479763,422242.9221021148,26.74381949960286,188003.0,82.35234853761209
01_sca_gbp+03_pb_usd+06_rsi_usd,3,1065321.0,40684.0,2.581329583963322,412702.43312530726,26.185257103529644,184956.0,81.96950895231342
01_sca_gbp+03_pb_usd+06_rsi_usd+08_bfx,4,1082302.0,40762.0,2.582892786694319,419027.07134242676,26.551739365094942,184780.0,81.92709118479041
01_sca_gbp+03_pb_usd+06_rsi_usd+07_carry,4,1068734.0,40684.0,2.581329583963322,414024.61996313045,26.269147576442826,181543.0,81.69259360923739
01_sca_gbp+03_pb_usd+06_rsi_usd+07_carry+08_bfx,5,1085715.0,40762.0,2.582892786694319,420348.45797433885,26.635469309651146,181367.0,81.64940192410717
01_sca_gbp+03_pb_usd+05_pb_aud,3,1069436.0,40764.0,2.5826676668558917,414081.92533804337,26.23481503287214,190861.0,82.40086346465192
01_sca_gbp+03_pb_usd+05_pb_aud+08_bfx,4,1086417.0,40842.0,2.5842268642663977,420403.10586602025,26.600484795063906,190685.0,82.35972478371853
01_sca_gbp+03_pb_usd+05_pb_aud+07_carry,4,1072849.0,40764.0,2.5826676668558917,415403.4271494456,26.318540869394564,187448.0,82.13766147266577
01_sca_gbp+03_pb_usd+05_pb_aud+07_carry+08_bfx,5,1089830.0,40842.0,2.5842268642663977,421723.81034719164,26.684050732089517,187272.0,82.09579420815908
01_sca_gbp+03_pb_usd+05_pb_aud+06_rsi_usd,4,1077696.0,41238.0,2.6138413541926804,412303.5234220865,26.13356612832824,184225.0,81.70963750149693
01_sca_gbp+03_pb_usd+05_pb_aud+06_rsi_usd+08_bfx,5,1094677.0,41316.0,2.6153604634674985,418556.83577500243,26.495231871429954,184049.0,81.66707341423913
01_sca_gbp+03_pb_usd+05_pb_aud+06_rsi_usd+07_carry,5,1081109.0,41238.0,2.6138413541926804,413609.2644895485,26.216329598913624,180812.0,81.42850709299707
01_sca_gbp+03_pb_usd+05_pb_aud+06_rsi_usd+07_carry+08_bfx,6,1098090.0,41316.0,2.6153604634674985,419861.8184141737,26.577839093813534,180636.0,81.38516435986159
01_sca_gbp+03_pb_usd+04_pb_gbp,3,1070135.0,40210.0,2.55013866894304,419637.9644105944,26.613653320069634,191592.0,82.65329893616104
01_sca_gbp+03_pb_usd+04_pb_gbp+08_bfx,4,1087116.0,40288.0,2.551742003479763,426028.96316223196,26.983617950754567,191416.0,82.61229844974622
01_sca_gbp+03_pb_usd+04_pb_gbp+07_carry,4,1073548.0,40210.0,2.55013866894304,420976.32300323306,26.698532703307635,188179.0,82.39407326972841
01_sca_gbp+03_pb_usd+04_pb_gbp+07_carry+08_bfx,5,1090529.0,40288.0,2.551742003479763,427366.4808248114,27.068333002382843,188003.0,82.35234853761209
01_sca_gbp+03_pb_usd+04_pb_gbp+06_rsi_usd,4,1078395.0,40684.0,2.581329583963322,417767.2648621079,26.506611935896174,184956.0,81.96950895231342
01_sca_gbp+03_pb_usd+04_pb_gbp+06_rsi_usd+08_bfx,5,1095376.0,40762.0,2.582892786694319,424088.8377724351,26.872479269908247,184780.0,81.92709118479041
01_sca_gbp+03_pb_usd+04_pb_gbp+06_rsi_usd+07_carry,5,1081808.0,40684.0,2.581329583963322,419089.4516999312,26.59050240880936,181543.0,81.69259360923739
01_sca_gbp+03_pb_usd+04_pb_gbp+06_rsi_usd+07_carry+08_bfx,6,1098789.0,40762.0,2.582892786694319,425410.2244043472,26.95620921446445,181367.0,81.64940192410717
01_sca_gbp+03_pb_usd+04_pb_gbp+05_pb_aud,4,1082510.0,40764.0,2.5826676668558917,419144.13298008044,26.55553920125601,190861.0,82.40086346465192
01_sca_gbp+03_pb_usd+04_pb_gbp+05_pb_aud+08_bfx,5,1099491.0,40842.0,2.5842268642663977,425462.2592169825,26.9205964448362,190685.0,82.35972478371853
01_sca_gbp+03_pb_usd+04_pb_gbp+05_pb_aud+07_carry,5,1085923.0,40764.0,2.5826676668558917,420465.6347914827,26.639265037778433,187448.0,82.13766147266577
01_sca_gbp+03_pb_usd+04_pb_gbp+05_pb_aud+07_carry+08_bfx,6,1102904.0,40842.0,2.5842268642663977,426782.96369815385,27.00416238186181,187272.0,82.09579420815908
01_sca_gbp+03_pb_usd+04_pb_gbp+05_pb_aud+06_rsi_usd,5,1090770.0,41238.0,2.6138413541926804,417305.35720937006,26.45060381201804,184225.0,81.70963750149693
01_sca_gbp+03_pb_usd+04_pb_gbp+05_pb_aud+06_rsi_usd+08_bfx,6,1107751.0,41316.0,2.6153604634674985,423555.76429083163,26.811671023332366,184049.0,81.66707341423913
01_sca_gbp+03_pb_usd+04_pb_gbp+05_pb_aud+06_rsi_usd+07_carry,6,1094183.0,41238.0,2.6138413541926804,418611.0982768321,26.533367282603425,180812.0,81.42850709299707
01_sca_gbp+03_pb_usd+04_pb_gbp+05_pb_aud+06_rsi_usd+07_carry+08_bfx,7,1111164.0,41316.0,2.6153604634674985,424860.74693000293,26.894278245715945,180636.0,81.38516435986159
01_sca_gbp+02_funding,2,1080702.0,41338.0,2.627662989413197,411278.7691397745,26.143064492718565,197055.0,82.65972574698083
01_sca_gbp+02_funding+08_bfx,3,1097683.0,41416.0,2.6291683039718747,417501.99039815535,26.503839096001546,196879.0,82.61986193583584
01_sca_gbp+02_funding+07_carry,3,1084115.0,41338.0,2.627662989413197,412577.6419456674,26.225627751705453,193642.0,82.40786449910631
01_sca_gbp+02_funding+07_carry+08_bfx,4,1101096.0,41416.0,2.6291683039718747,418800.11954220594,26.586246861116475,193466.0,82.36731635459508
01_sca_gbp+02_funding+06_rsi_usd,3,1088962.0,41812.0,2.6589591699814625,409544.46096575144,26.044245671099205,190419.0,81.99551308826125
01_sca_gbp+02_funding+06_rsi_usd+08_bfx,4,1105943.0,41890.0,2.660424080108678,415701.77035640966,26.401121986154212,190243.0,81.9543106753456
01_sca_gbp+02_funding+06_rsi_usd+07_carry,4,1092375.0,41812.0,2.6589591699814625,410828.04592581076,26.125872955132497,187006.0,81.72696203969967
01_sca_gbp+02_funding+06_rsi_usd+07_carry+08_bfx,5,1109356.0,41890.0,2.660424080108678,416984.6485356887,26.482597278586773,186830.0,81.68502973067507
01_sca_gbp+02_funding+05_pb_aud,3,1093077.0,41892.0,2.6601878616387347,410902.1831738757,26.092738470352334,196324.0,82.41427947744904
01_sca_gbp+02_funding+05_pb_aud+08_bfx,4,1110058.0,41970.0,2.6616490428337145,417056.48721372406,26.448844412675722,196148.0,82.37428501835224
01_sca_gbp+02_funding+05_pb_aud+07_carry,4,1096490.0,41892.0,2.6601878616387347,412185.1752697412,26.17420987300678,192911.0,82.15866066447191
01_sca_gbp+02_funding+05_pb_aud+07_carry+08_bfx,5,1113471.0,41970.0,2.6616490428337145,418338.7749778413,26.530164403145104,192735.0,82.11797788713491
01_sca_gbp+02_funding+05_pb_aud+06_rsi_usd,4,1101337.0,42366.0,2.6914666670054874,409195.8535103621,25.99577491384601,189688.0,81.74304256767822
01_sca_gbp+02_funding+05_pb_aud+06_rsi_usd+08_bfx,5,1118318.0,42444.0,2.6928874880087705,415285.8242239186,26.348082178870982,189512.0,81.70170204693994
01_sca_gbp+02_funding+05_pb_aud+06_rsi_usd+07_carry,5,1104750.0,42366.0,2.6914666670054874,410463.93534910074,26.076334796770997,186275.0,81.47051491202365
01_sca_gbp+02_funding+05_pb_aud+06_rsi_usd+07_carry+08_bfx,6,1121731.0,42444.0,2.6928874880087705,416553.2369974555,26.428494015644144,186099.0,81.42844016224518
01_sca_gbp+02_funding+04_pb_gbp,3,1093776.0,41338.0,2.627662989413197,416254.2930378828,26.459335236344284,197055.0,82.65972574698083
01_sca_gbp+02_funding+04_pb_gbp+08_bfx,4,1110757.0,41416.0,2.6291683039718747,422474.6655898687,26.81951419741163,196879.0,82.61986193583584
01_sca_gbp+02_funding+04_pb_gbp+07_carry,4,1097189.0,41338.0,2.627662989413197,417553.16584377567,26.54189849533117,193642.0,82.40786449910631
01_sca_gbp+02_funding+04_pb_gbp+07_carry+08_bfx,5,1114170.0,41416.0,2.6291683039718747,423772.7947339193,26.90192196252656,193466.0,82.36731635459508
01_sca_gbp+02_funding+04_pb_gbp+06_rsi_usd,4,1102036.0,41812.0,2.6589591699814625,414461.42251506745,26.356931024586242,190419.0,81.99551308826125
01_sca_gbp+02_funding+04_pb_gbp+06_rsi_usd+08_bfx,5,1119017.0,41890.0,2.660424080108678,420616.02447767963,26.713225113392216,190243.0,81.9543106753456
01_sca_gbp+02_funding+04_pb_gbp+06_rsi_usd+07_carry,5,1105449.0,41812.0,2.6589591699814625,415745.00747512677,26.438558308619534,187006.0,81.72696203969967
01_sca_gbp+02_funding+04_pb_gbp+06_rsi_usd+07_carry+08_bfx,6,1122430.0,41890.0,2.660424080108678,421898.90265695873,26.79470040582478,186830.0,81.68502973067507
01_sca_gbp+02_funding+04_pb_gbp+05_pb_aud,4,1106151.0,41892.0,2.6601878616387347,415816.8736694357,26.404826697221427,196324.0,82.41427947744904
01_sca_gbp+02_funding+04_pb_gbp+05_pb_aud+08_bfx,5,1123132.0,41970.0,2.6616490428337145,421968.47966261616,26.760352632832976,196148.0,82.37428501835224
01_sca_gbp+02_funding+04_pb_gbp+05_pb_aud+07_carry,5,1109564.0,41892.0,2.6601878616387347,417099.8657653013,26.48629809987587,192911.0,82.15866066447191
01_sca_gbp+02_funding+04_pb_gbp+05_pb_aud+07_carry+08_bfx,6,1126545.0,41970.0,2.6616490428337145,423250.7674267334,26.841672623302358,192735.0,82.11797788713491
01_sca_gbp+02_funding+04_pb_gbp+05_pb_aud+06_rsi_usd,5,1114411.0,42366.0,2.6914666670054874,414053.42806637404,26.30437142992022,189688.0,81.74304256767822
01_sca_gbp+02_funding+04_pb_gbp+05_pb_aud+06_rsi_usd+08_bfx,6,1131392.0,42444.0,2.6928874880087705,420140.83582697203,26.656111582320232,189512.0,81.70170204693994
01_sca_gbp+02_funding+04_pb_gbp+05_pb_aud+06_rsi_usd+07_carry,6,1117824.0,42366.0,2.6914666670054874,415321.5099051126,26.384931312845207,186275.0,81.47051491202365
01_sca_gbp+02_funding+04_pb_gbp+05_pb_aud+06_rsi_usd+07_carry+08_bfx,7,1134805.0,42444.0,2.6928874880087705,421408.24860050896,26.736523419093395,186099.0,81.42844016224518
01_sca_gbp+02_funding+03_pb_usd,3,1078336.0,40210.0,2.55013866894304,422853.8679612037,26.81760756030838,191768.0,82.66645975049359
01_sca_gbp+02_funding+03_pb_usd+08_bfx,4,1095317.0,40288.0,2.551742003479763,429242.84606607433,27.18717732327244,191592.0,82.62549594617906
01_sca_gbp+02_funding+03_pb_usd+07_carry,4,1081749.0,40210.0,2.55013866894304,424192.2265538423,26.902486943546382,188355.0,82.40763021459978
01_sca_gbp+02_funding+03_pb_usd+07_carry+08_bfx,5,1098730.0,40288.0,2.551742003479763,430580.36372865376,27.271892374900716,188179.0,82.36594344040934
01_sca_gbp+02_funding+03_pb_usd+06_rsi_usd,4,1086596.0,40684.0,2.581329583963322,420944.30976600136,26.70818995182381,185132.0,81.98356183795656
01_sca_gbp+02_funding+03_pb_usd+06_rsi_usd+08_bfx,5,1103577.0,40762.0,2.582892786694319,427263.95988445124,27.073671556842157,184956.0,81.94118324635164
01_sca_gbp+02_funding+03_pb_usd+06_rsi_usd+07_carry,5,1090009.0,40684.0,2.581329583963322,422266.4966038246,26.792080424736998,181719.0,81.7070812893711
01_sca_gbp+02_funding+03_pb_usd+06_rsi_usd+07_carry+08_bfx,6,1106990.0,40762.0,2.582892786694319,428585.34651636326,27.15740150139836,181543.0,81.6639301860057
01_sca_gbp+02_funding+03_pb_usd+05_pb_aud,4,1090711.0,40764.0,2.5826676668558917,422319.53185359633,26.75672161711314,191037.0,82.41422599557379
01_sca_gbp+02_funding+03_pb_usd+05_pb_aud+08_bfx,5,1107692.0,40842.0,2.5842268642663977,428635.74220851087,27.121394642769697,190861.0,82.37312421505116
01_sca_gbp+02_funding+03_pb_usd+05_pb_aud+07_carry,5,1094124.0,40764.0,2.5826676668558917,423641.03366499854,26.840447453635562,187624.0,82.15142651978212
01_sca_gbp+02_funding+03_pb_usd+05_pb_aud+07_carry+08_bfx,6,1111105.0,40842.0,2.5842268642663977,429956.4466896822,27.20496057979531,187448.0,82.10959744185028
01_sca_gbp+02_funding+03_pb_usd+05_pb_aud+06_rsi_usd,5,1098971.0,41238.0,2.6138413541926804,420442.88504243665,26.649473786313596,184401.0,81.72390411232101
01_sca_gbp+02_funding+03_pb_usd+05_pb_aud+06_rsi_usd+08_bfx,6,1115952.0,41316.0,2.6153604634674985,426691.46971826896,27.010165553296545,184225.0,81.68137943877166
01_sca_gbp+02_funding+03_pb_usd+05_pb_aud+06_rsi_usd+07_carry,6,1102384.0,41238.0,2.6138413541926804,421748.6261098987,26.732237256898976,180988.0,81.44321546533709
01_sca_gbp+02_funding+03_pb_usd+05_pb_aud+06_rsi_usd+07_carry+08_bfx,7,1119365.0,41316.0,2.6153604634674985,427996.4523574402,27.092772775680125,180812.0,81.39991356335085
01_sca_gbp+02_funding+03_pb_usd+04_pb_gbp,4,1091410.0,40210.0,2.55013866894304,427980.6479905496,27.142750559562298,191768.0,82.66645975049359
01_sca_gbp+02_funding+03_pb_usd+04_pb_gbp+08_bfx,5,1108391.0,40288.0,2.551742003479763,434366.4047887709,27.511690826052423,191592.0,82.62549594617906
01_sca_gbp+02_funding+03_pb_usd+04_pb_gbp+07_carry,5,1094823.0,40210.0,2.55013866894304,429319.00658318825,27.2276299428003,188355.0,82.40763021459978
01_sca_gbp+02_funding+03_pb_usd+04_pb_gbp+07_carry+08_bfx,6,1111804.0,40288.0,2.551742003479763,435703.9224513503,27.5964058776807,188179.0,82.36594344040934
01_sca_gbp+02_funding+03_pb_usd+04_pb_gbp+06_rsi_usd,5,1099670.0,40684.0,2.581329583963322,426009.1415028021,27.029544784190346,185132.0,81.98356183795656
01_sca_gbp+02_funding+03_pb_usd+04_pb_gbp+06_rsi_usd+08_bfx,6,1116651.0,40762.0,2.582892786694319,432325.7263144596,27.394411461655462,184956.0,81.94118324635164
01_sca_gbp+02_funding+03_pb_usd+04_pb_gbp+06_rsi_usd+07_carry,6,1103083.0,40684.0,2.581329583963322,427331.3283406253,27.11343525710353,181719.0,81.7070812893711
01_sca_gbp+02_funding+03_pb_usd+04_pb_gbp+06_rsi_usd+07_carry+08_bfx,7,1120064.0,40762.0,2.582892786694319,433647.1129463716,27.478141406211666,181543.0,81.6639301860057
01_sca_gbp+02_funding+03_pb_usd+04_pb_gbp+05_pb_aud,5,1103785.0,40764.0,2.5826676668558917,427381.7394956334,27.07744578549701,191037.0,82.41422599557379
01_sca_gbp+02_funding+03_pb_usd+04_pb_gbp+05_pb_aud+08_bfx,6,1120766.0,40842.0,2.5842268642663977,433694.8955594731,27.44150629254199,190861.0,82.37312421505116
01_sca_gbp+02_funding+03_pb_usd+04_pb_gbp+05_pb_aud+07_carry,6,1107198.0,40764.0,2.5826676668558917,428703.2413070356,27.161171622019427,187624.0,82.15142651978212
01_sca_gbp+02_funding+03_pb_usd+04_pb_gbp+05_pb_aud+07_carry+08_bfx,7,1124179.0,40842.0,2.5842268642663977,435015.60004064447,27.525072229567602,187448.0,82.10959744185028
01_sca_gbp+02_funding+03_pb_usd+04_pb_gbp+05_pb_aud+06_rsi_usd,6,1112045.0,41238.0,2.6138413541926804,425444.7188297202,26.966511470003393,184401.0,81.72390411232101
01_sca_gbp+02_funding+03_pb_usd+04_pb_gbp+05_pb_aud+06_rsi_usd+08_bfx,7,1129026.0,41316.0,2.6153604634674985,431690.39823409816,27.326604705198953,184225.0,81.68137943877166
01_sca_gbp+02_funding+03_pb_usd+04_pb_gbp+05_pb_aud+06_rsi_usd+07_carry,7,1115458.0,41238.0,2.6138413541926804,426750.45989718224,27.049274940588777,180988.0,81.44321546533709
01_sca_gbp+02_funding+03_pb_usd+04_pb_gbp+05_pb_aud+06_rsi_usd+07_carry+08_bfx,8,1132439.0,41316.0,2.6153604634674985,432995.38087326946,27.409211927582536,180812.0,81.39991356335085
