id,family,classification,status,reason,parameter_json
GDD34_01,sca_retest,(3)大規模開発,UNVERIFIED_MAJOR_DEVELOPMENT,ブレイク→再接触→再離脱の状態機械と日次状態検証が必要,"{""design_level"":1}"
GDD34_02,sca_retest,(3)大規模開発,UNVERIFIED_MAJOR_DEVELOPMENT,ブレイク→再接触→再離脱の状態機械と日次状態検証が必要,"{""design_level"":2}"
GDD34_03,sca_retest,(3)大規模開発,UNVERIFIED_MAJOR_DEVELOPMENT,ブレイク→再接触→再離脱の状態機械と日次状態検証が必要,"{""design_level"":3}"
GDD34_04,sca_retest,(3)大規模開発,UNVERIFIED_MAJOR_DEVELOPMENT,ブレイク→再接触→再離脱の状態機械と日次状態検証が必要,"{""design_level"":4}"
GDD34_05,sca_retest,(3)大規模開発,UNVERIFIED_MAJOR_DEVELOPMENT,ブレイク→再接触→再離脱の状態機械と日次状態検証が必要,"{""design_level"":5}"
GDD34_06,sca_retest,(3)大規模開発,UNVERIFIED_MAJOR_DEVELOPMENT,ブレイク→再接触→再離脱の状態機械と日次状態検証が必要,"{""design_level"":6}"
GDD34_07,sca_retest,(3)大規模開発,UNVERIFIED_MAJOR_DEVELOPMENT,ブレイク→再接触→再離脱の状態機械と日次状態検証が必要,"{""design_level"":7}"
GDD34_08,sca_retest,(3)大規模開発,UNVERIFIED_MAJOR_DEVELOPMENT,ブレイク→再接触→再離脱の状態機械と日次状態検証が必要,"{""design_level"":8}"
GDD34_09,sca_retest,(3)大規模開発,UNVERIFIED_MAJOR_DEVELOPMENT,ブレイク→再接触→再離脱の状態機械と日次状態検証が必要,"{""design_level"":9}"
GDD34_10,sca_retest,(3)大規模開発,UNVERIFIED_MAJOR_DEVELOPMENT,ブレイク→再接触→再離脱の状態機械と日次状態検証が必要,"{""design_level"":10}"
GDD34_11,sca_retest,(3)大規模開発,UNVERIFIED_MAJOR_DEVELOPMENT,ブレイク→再接触→再離脱の状態機械と日次状態検証が必要,"{""design_level"":11}"
GDD34_12,sca_retest,(3)大規模開発,UNVERIFIED_MAJOR_DEVELOPMENT,ブレイク→再接触→再離脱の状態機械と日次状態検証が必要,"{""design_level"":12}"
GDD34_13,sca_retest,(3)大規模開発,UNVERIFIED_MAJOR_DEVELOPMENT,ブレイク→再接触→再離脱の状態機械と日次状態検証が必要,"{""design_level"":13}"
GDD34_14,sca_retest,(3)大規模開発,UNVERIFIED_MAJOR_DEVELOPMENT,ブレイク→再接触→再離脱の状態機械と日次状態検証が必要,"{""design_level"":14}"
GDD34_15,sca_retest,(3)大規模開発,UNVERIFIED_MAJOR_DEVELOPMENT,ブレイク→再接触→再離脱の状態機械と日次状態検証が必要,"{""design_level"":15}"
GDD34_16,sca_retest,(3)大規模開発,UNVERIFIED_MAJOR_DEVELOPMENT,ブレイク→再接触→再離脱の状態機械と日次状態検証が必要,"{""design_level"":16}"
GDD34_17,sca_retest,(3)大規模開発,UNVERIFIED_MAJOR_DEVELOPMENT,ブレイク→再接触→再離脱の状態機械と日次状態検証が必要,"{""design_level"":17}"
GDD34_18,sca_retest,(3)大規模開発,UNVERIFIED_MAJOR_DEVELOPMENT,ブレイク→再接触→再離脱の状態機械と日次状態検証が必要,"{""design_level"":18}"
GDD34_19,sca_retest,(3)大規模開発,UNVERIFIED_MAJOR_DEVELOPMENT,ブレイク→再接触→再離脱の状態機械と日次状態検証が必要,"{""design_level"":19}"
GDD34_20,sca_retest,(3)大規模開発,UNVERIFIED_MAJOR_DEVELOPMENT,ブレイク→再接触→再離脱の状態機械と日次状態検証が必要,"{""design_level"":20}"
GDD40_01,vol_regime_atr,(3)大規模開発,UNVERIFIED_MAJOR_DEVELOPMENT,rolling ATR分位を各時点までのデータだけで更新する実装が必要,"{""design_level"":1}"
GDD40_02,vol_regime_atr,(3)大規模開発,UNVERIFIED_MAJOR_DEVELOPMENT,rolling ATR分位を各時点までのデータだけで更新する実装が必要,"{""design_level"":2}"
GDD40_03,vol_regime_atr,(3)大規模開発,UNVERIFIED_MAJOR_DEVELOPMENT,rolling ATR分位を各時点までのデータだけで更新する実装が必要,"{""design_level"":3}"
GDD40_04,vol_regime_atr,(3)大規模開発,UNVERIFIED_MAJOR_DEVELOPMENT,rolling ATR分位を各時点までのデータだけで更新する実装が必要,"{""design_level"":4}"
GDD40_05,vol_regime_atr,(3)大規模開発,UNVERIFIED_MAJOR_DEVELOPMENT,rolling ATR分位を各時点までのデータだけで更新する実装が必要,"{""design_level"":5}"
GDD40_06,vol_regime_atr,(3)大規模開発,UNVERIFIED_MAJOR_DEVELOPMENT,rolling ATR分位を各時点までのデータだけで更新する実装が必要,"{""design_level"":6}"
GDD40_07,vol_regime_atr,(3)大規模開発,UNVERIFIED_MAJOR_DEVELOPMENT,rolling ATR分位を各時点までのデータだけで更新する実装が必要,"{""design_level"":7}"
GDD40_08,vol_regime_atr,(3)大規模開発,UNVERIFIED_MAJOR_DEVELOPMENT,rolling ATR分位を各時点までのデータだけで更新する実装が必要,"{""design_level"":8}"
GDD40_09,vol_regime_atr,(3)大規模開発,UNVERIFIED_MAJOR_DEVELOPMENT,rolling ATR分位を各時点までのデータだけで更新する実装が必要,"{""design_level"":9}"
GDD40_10,vol_regime_atr,(3)大規模開発,UNVERIFIED_MAJOR_DEVELOPMENT,rolling ATR分位を各時点までのデータだけで更新する実装が必要,"{""design_level"":10}"
GDD40_11,vol_regime_atr,(3)大規模開発,UNVERIFIED_MAJOR_DEVELOPMENT,rolling ATR分位を各時点までのデータだけで更新する実装が必要,"{""design_level"":11}"
GDD40_12,vol_regime_atr,(3)大規模開発,UNVERIFIED_MAJOR_DEVELOPMENT,rolling ATR分位を各時点までのデータだけで更新する実装が必要,"{""design_level"":12}"
GDD40_13,vol_regime_atr,(3)大規模開発,UNVERIFIED_MAJOR_DEVELOPMENT,rolling ATR分位を各時点までのデータだけで更新する実装が必要,"{""design_level"":13}"
GDD40_14,vol_regime_atr,(3)大規模開発,UNVERIFIED_MAJOR_DEVELOPMENT,rolling ATR分位を各時点までのデータだけで更新する実装が必要,"{""design_level"":14}"
GDD40_15,vol_regime_atr,(3)大規模開発,UNVERIFIED_MAJOR_DEVELOPMENT,rolling ATR分位を各時点までのデータだけで更新する実装が必要,"{""design_level"":15}"
GDD40_16,vol_regime_atr,(3)大規模開発,UNVERIFIED_MAJOR_DEVELOPMENT,rolling ATR分位を各時点までのデータだけで更新する実装が必要,"{""design_level"":16}"
GDD40_17,vol_regime_atr,(3)大規模開発,UNVERIFIED_MAJOR_DEVELOPMENT,rolling ATR分位を各時点までのデータだけで更新する実装が必要,"{""design_level"":17}"
GDD40_18,vol_regime_atr,(3)大規模開発,UNVERIFIED_MAJOR_DEVELOPMENT,rolling ATR分位を各時点までのデータだけで更新する実装が必要,"{""design_level"":18}"
GDD40_19,vol_regime_atr,(3)大規模開発,UNVERIFIED_MAJOR_DEVELOPMENT,rolling ATR分位を各時点までのデータだけで更新する実装が必要,"{""design_level"":19}"
GDD40_20,vol_regime_atr,(3)大規模開発,UNVERIFIED_MAJOR_DEVELOPMENT,rolling ATR分位を各時点までのデータだけで更新する実装が必要,"{""design_level"":20}"
GDD41_01,vol_regime_rvol,(3)大規模開発,UNVERIFIED_MAJOR_DEVELOPMENT,rolling realized-vol分位のpoint-in-time実装が必要,"{""design_level"":1}"
GDD41_02,vol_regime_rvol,(3)大規模開発,UNVERIFIED_MAJOR_DEVELOPMENT,rolling realized-vol分位のpoint-in-time実装が必要,"{""design_level"":2}"
GDD41_03,vol_regime_rvol,(3)大規模開発,UNVERIFIED_MAJOR_DEVELOPMENT,rolling realized-vol分位のpoint-in-time実装が必要,"{""design_level"":3}"
GDD41_04,vol_regime_rvol,(3)大規模開発,UNVERIFIED_MAJOR_DEVELOPMENT,rolling realized-vol分位のpoint-in-time実装が必要,"{""design_level"":4}"
GDD41_05,vol_regime_rvol,(3)大規模開発,UNVERIFIED_MAJOR_DEVELOPMENT,rolling realized-vol分位のpoint-in-time実装が必要,"{""design_level"":5}"
GDD41_06,vol_regime_rvol,(3)大規模開発,UNVERIFIED_MAJOR_DEVELOPMENT,rolling realized-vol分位のpoint-in-time実装が必要,"{""design_level"":6}"
GDD41_07,vol_regime_rvol,(3)大規模開発,UNVERIFIED_MAJOR_DEVELOPMENT,rolling realized-vol分位のpoint-in-time実装が必要,"{""design_level"":7}"
GDD41_08,vol_regime_rvol,(3)大規模開発,UNVERIFIED_MAJOR_DEVELOPMENT,rolling realized-vol分位のpoint-in-time実装が必要,"{""design_level"":8}"
GDD41_09,vol_regime_rvol,(3)大規模開発,UNVERIFIED_MAJOR_DEVELOPMENT,rolling realized-vol分位のpoint-in-time実装が必要,"{""design_level"":9}"
GDD41_10,vol_regime_rvol,(3)大規模開発,UNVERIFIED_MAJOR_DEVELOPMENT,rolling realized-vol分位のpoint-in-time実装が必要,"{""design_level"":10}"
GDD41_11,vol_regime_rvol,(3)大規模開発,UNVERIFIED_MAJOR_DEVELOPMENT,rolling realized-vol分位のpoint-in-time実装が必要,"{""design_level"":11}"
GDD41_12,vol_regime_rvol,(3)大規模開発,UNVERIFIED_MAJOR_DEVELOPMENT,rolling realized-vol分位のpoint-in-time実装が必要,"{""design_level"":12}"
GDD41_13,vol_regime_rvol,(3)大規模開発,UNVERIFIED_MAJOR_DEVELOPMENT,rolling realized-vol分位のpoint-in-time実装が必要,"{""design_level"":13}"
GDD41_14,vol_regime_rvol,(3)大規模開発,UNVERIFIED_MAJOR_DEVELOPMENT,rolling realized-vol分位のpoint-in-time実装が必要,"{""design_level"":14}"
GDD41_15,vol_regime_rvol,(3)大規模開発,UNVERIFIED_MAJOR_DEVELOPMENT,rolling realized-vol分位のpoint-in-time実装が必要,"{""design_level"":15}"
GDD41_16,vol_regime_rvol,(3)大規模開発,UNVERIFIED_MAJOR_DEVELOPMENT,rolling realized-vol分位のpoint-in-time実装が必要,"{""design_level"":16}"
GDD41_17,vol_regime_rvol,(3)大規模開発,UNVERIFIED_MAJOR_DEVELOPMENT,rolling realized-vol分位のpoint-in-time実装が必要,"{""design_level"":17}"
GDD41_18,vol_regime_rvol,(3)大規模開発,UNVERIFIED_MAJOR_DEVELOPMENT,rolling realized-vol分位のpoint-in-time実装が必要,"{""design_level"":18}"
GDD41_19,vol_regime_rvol,(3)大規模開発,UNVERIFIED_MAJOR_DEVELOPMENT,rolling realized-vol分位のpoint-in-time実装が必要,"{""design_level"":19}"
GDD41_20,vol_regime_rvol,(3)大規模開発,UNVERIFIED_MAJOR_DEVELOPMENT,rolling realized-vol分位のpoint-in-time実装が必要,"{""design_level"":20}"
GDD42_01,trend_regime,(3)大規模開発,UNVERIFIED_MAJOR_DEVELOPMENT,ADX×MA傾きの2次元状態機械と役割割当が必要,"{""design_level"":1}"
GDD42_02,trend_regime,(3)大規模開発,UNVERIFIED_MAJOR_DEVELOPMENT,ADX×MA傾きの2次元状態機械と役割割当が必要,"{""design_level"":2}"
GDD42_03,trend_regime,(3)大規模開発,UNVERIFIED_MAJOR_DEVELOPMENT,ADX×MA傾きの2次元状態機械と役割割当が必要,"{""design_level"":3}"
GDD42_04,trend_regime,(3)大規模開発,UNVERIFIED_MAJOR_DEVELOPMENT,ADX×MA傾きの2次元状態機械と役割割当が必要,"{""design_level"":4}"
GDD42_05,trend_regime,(3)大規模開発,UNVERIFIED_MAJOR_DEVELOPMENT,ADX×MA傾きの2次元状態機械と役割割当が必要,"{""design_level"":5}"
GDD42_06,trend_regime,(3)大規模開発,UNVERIFIED_MAJOR_DEVELOPMENT,ADX×MA傾きの2次元状態機械と役割割当が必要,"{""design_level"":6}"
GDD42_07,trend_regime,(3)大規模開発,UNVERIFIED_MAJOR_DEVELOPMENT,ADX×MA傾きの2次元状態機械と役割割当が必要,"{""design_level"":7}"
GDD42_08,trend_regime,(3)大規模開発,UNVERIFIED_MAJOR_DEVELOPMENT,ADX×MA傾きの2次元状態機械と役割割当が必要,"{""design_level"":8}"
GDD42_09,trend_regime,(3)大規模開発,UNVERIFIED_MAJOR_DEVELOPMENT,ADX×MA傾きの2次元状態機械と役割割当が必要,"{""design_level"":9}"
GDD42_10,trend_regime,(3)大規模開発,UNVERIFIED_MAJOR_DEVELOPMENT,ADX×MA傾きの2次元状態機械と役割割当が必要,"{""design_level"":10}"
GDD42_11,trend_regime,(3)大規模開発,UNVERIFIED_MAJOR_DEVELOPMENT,ADX×MA傾きの2次元状態機械と役割割当が必要,"{""design_level"":11}"
GDD42_12,trend_regime,(3)大規模開発,UNVERIFIED_MAJOR_DEVELOPMENT,ADX×MA傾きの2次元状態機械と役割割当が必要,"{""design_level"":12}"
GDD42_13,trend_regime,(3)大規模開発,UNVERIFIED_MAJOR_DEVELOPMENT,ADX×MA傾きの2次元状態機械と役割割当が必要,"{""design_level"":13}"
GDD42_14,trend_regime,(3)大規模開発,UNVERIFIED_MAJOR_DEVELOPMENT,ADX×MA傾きの2次元状態機械と役割割当が必要,"{""design_level"":14}"
GDD42_15,trend_regime,(3)大規模開発,UNVERIFIED_MAJOR_DEVELOPMENT,ADX×MA傾きの2次元状態機械と役割割当が必要,"{""design_level"":15}"
GDD42_16,trend_regime,(3)大規模開発,UNVERIFIED_MAJOR_DEVELOPMENT,ADX×MA傾きの2次元状態機械と役割割当が必要,"{""design_level"":16}"
GDD42_17,trend_regime,(3)大規模開発,UNVERIFIED_MAJOR_DEVELOPMENT,ADX×MA傾きの2次元状態機械と役割割当が必要,"{""design_level"":17}"
GDD42_18,trend_regime,(3)大規模開発,UNVERIFIED_MAJOR_DEVELOPMENT,ADX×MA傾きの2次元状態機械と役割割当が必要,"{""design_level"":18}"
GDD42_19,trend_regime,(3)大規模開発,UNVERIFIED_MAJOR_DEVELOPMENT,ADX×MA傾きの2次元状態機械と役割割当が必要,"{""design_level"":19}"
GDD42_20,trend_regime,(3)大規模開発,UNVERIFIED_MAJOR_DEVELOPMENT,ADX×MA傾きの2次元状態機械と役割割当が必要,"{""design_level"":20}"
GDD45_01,event_calendar,(3)大規模開発,UNVERIFIED_MAJOR_DEVELOPMENT,改訂・公表時刻を保持したpoint-in-time経済指標データが必要,"{""design_level"":1}"
GDD45_02,event_calendar,(3)大規模開発,UNVERIFIED_MAJOR_DEVELOPMENT,改訂・公表時刻を保持したpoint-in-time経済指標データが必要,"{""design_level"":2}"
GDD45_03,event_calendar,(3)大規模開発,UNVERIFIED_MAJOR_DEVELOPMENT,改訂・公表時刻を保持したpoint-in-time経済指標データが必要,"{""design_level"":3}"
GDD45_04,event_calendar,(3)大規模開発,UNVERIFIED_MAJOR_DEVELOPMENT,改訂・公表時刻を保持したpoint-in-time経済指標データが必要,"{""design_level"":4}"
GDD45_05,event_calendar,(3)大規模開発,UNVERIFIED_MAJOR_DEVELOPMENT,改訂・公表時刻を保持したpoint-in-time経済指標データが必要,"{""design_level"":5}"
GDD45_06,event_calendar,(3)大規模開発,UNVERIFIED_MAJOR_DEVELOPMENT,改訂・公表時刻を保持したpoint-in-time経済指標データが必要,"{""design_level"":6}"
GDD45_07,event_calendar,(3)大規模開発,UNVERIFIED_MAJOR_DEVELOPMENT,改訂・公表時刻を保持したpoint-in-time経済指標データが必要,"{""design_level"":7}"
GDD45_08,event_calendar,(3)大規模開発,UNVERIFIED_MAJOR_DEVELOPMENT,改訂・公表時刻を保持したpoint-in-time経済指標データが必要,"{""design_level"":8}"
GDD45_09,event_calendar,(3)大規模開発,UNVERIFIED_MAJOR_DEVELOPMENT,改訂・公表時刻を保持したpoint-in-time経済指標データが必要,"{""design_level"":9}"
GDD45_10,event_calendar,(3)大規模開発,UNVERIFIED_MAJOR_DEVELOPMENT,改訂・公表時刻を保持したpoint-in-time経済指標データが必要,"{""design_level"":10}"
GDD45_11,event_calendar,(3)大規模開発,UNVERIFIED_MAJOR_DEVELOPMENT,改訂・公表時刻を保持したpoint-in-time経済指標データが必要,"{""design_level"":11}"
GDD45_12,event_calendar,(3)大規模開発,UNVERIFIED_MAJOR_DEVELOPMENT,改訂・公表時刻を保持したpoint-in-time経済指標データが必要,"{""design_level"":12}"
GDD45_13,event_calendar,(3)大規模開発,UNVERIFIED_MAJOR_DEVELOPMENT,改訂・公表時刻を保持したpoint-in-time経済指標データが必要,"{""design_level"":13}"
GDD45_14,event_calendar,(3)大規模開発,UNVERIFIED_MAJOR_DEVELOPMENT,改訂・公表時刻を保持したpoint-in-time経済指標データが必要,"{""design_level"":14}"
GDD45_15,event_calendar,(3)大規模開発,UNVERIFIED_MAJOR_DEVELOPMENT,改訂・公表時刻を保持したpoint-in-time経済指標データが必要,"{""design_level"":15}"
GDD45_16,event_calendar,(3)大規模開発,UNVERIFIED_MAJOR_DEVELOPMENT,改訂・公表時刻を保持したpoint-in-time経済指標データが必要,"{""design_level"":16}"
GDD45_17,event_calendar,(3)大規模開発,UNVERIFIED_MAJOR_DEVELOPMENT,改訂・公表時刻を保持したpoint-in-time経済指標データが必要,"{""design_level"":17}"
GDD45_18,event_calendar,(3)大規模開発,UNVERIFIED_MAJOR_DEVELOPMENT,改訂・公表時刻を保持したpoint-in-time経済指標データが必要,"{""design_level"":18}"
GDD45_19,event_calendar,(3)大規模開発,UNVERIFIED_MAJOR_DEVELOPMENT,改訂・公表時刻を保持したpoint-in-time経済指標データが必要,"{""design_level"":19}"
GDD45_20,event_calendar,(3)大規模開発,UNVERIFIED_MAJOR_DEVELOPMENT,改訂・公表時刻を保持したpoint-in-time経済指標データが必要,"{""design_level"":20}"
GDD47_01,slippage_guard,(3)大規模開発,UNVERIFIED_MAJOR_DEVELOPMENT,stop-limit注文状態機械と未約定・再発注の扱いが必要,"{""design_level"":1}"
GDD47_02,slippage_guard,(3)大規模開発,UNVERIFIED_MAJOR_DEVELOPMENT,stop-limit注文状態機械と未約定・再発注の扱いが必要,"{""design_level"":2}"
GDD47_03,slippage_guard,(3)大規模開発,UNVERIFIED_MAJOR_DEVELOPMENT,stop-limit注文状態機械と未約定・再発注の扱いが必要,"{""design_level"":3}"
GDD47_04,slippage_guard,(3)大規模開発,UNVERIFIED_MAJOR_DEVELOPMENT,stop-limit注文状態機械と未約定・再発注の扱いが必要,"{""design_level"":4}"
GDD47_05,slippage_guard,(3)大規模開発,UNVERIFIED_MAJOR_DEVELOPMENT,stop-limit注文状態機械と未約定・再発注の扱いが必要,"{""design_level"":5}"
GDD47_06,slippage_guard,(3)大規模開発,UNVERIFIED_MAJOR_DEVELOPMENT,stop-limit注文状態機械と未約定・再発注の扱いが必要,"{""design_level"":6}"
GDD47_07,slippage_guard,(3)大規模開発,UNVERIFIED_MAJOR_DEVELOPMENT,stop-limit注文状態機械と未約定・再発注の扱いが必要,"{""design_level"":7}"
GDD47_08,slippage_guard,(3)大規模開発,UNVERIFIED_MAJOR_DEVELOPMENT,stop-limit注文状態機械と未約定・再発注の扱いが必要,"{""design_level"":8}"
GDD47_09,slippage_guard,(3)大規模開発,UNVERIFIED_MAJOR_DEVELOPMENT,stop-limit注文状態機械と未約定・再発注の扱いが必要,"{""design_level"":9}"
GDD47_10,slippage_guard,(3)大規模開発,UNVERIFIED_MAJOR_DEVELOPMENT,stop-limit注文状態機械と未約定・再発注の扱いが必要,"{""design_level"":10}"
GDD47_11,slippage_guard,(3)大規模開発,UNVERIFIED_MAJOR_DEVELOPMENT,stop-limit注文状態機械と未約定・再発注の扱いが必要,"{""design_level"":11}"
GDD47_12,slippage_guard,(3)大規模開発,UNVERIFIED_MAJOR_DEVELOPMENT,stop-limit注文状態機械と未約定・再発注の扱いが必要,"{""design_level"":12}"
GDD47_13,slippage_guard,(3)大規模開発,UNVERIFIED_MAJOR_DEVELOPMENT,stop-limit注文状態機械と未約定・再発注の扱いが必要,"{""design_level"":13}"
GDD47_14,slippage_guard,(3)大規模開発,UNVERIFIED_MAJOR_DEVELOPMENT,stop-limit注文状態機械と未約定・再発注の扱いが必要,"{""design_level"":14}"
GDD47_15,slippage_guard,(3)大規模開発,UNVERIFIED_MAJOR_DEVELOPMENT,stop-limit注文状態機械と未約定・再発注の扱いが必要,"{""design_level"":15}"
GDD47_16,slippage_guard,(3)大規模開発,UNVERIFIED_MAJOR_DEVELOPMENT,stop-limit注文状態機械と未約定・再発注の扱いが必要,"{""design_level"":16}"
GDD47_17,slippage_guard,(3)大規模開発,UNVERIFIED_MAJOR_DEVELOPMENT,stop-limit注文状態機械と未約定・再発注の扱いが必要,"{""design_level"":17}"
GDD47_18,slippage_guard,(3)大規模開発,UNVERIFIED_MAJOR_DEVELOPMENT,stop-limit注文状態機械と未約定・再発注の扱いが必要,"{""design_level"":18}"
GDD47_19,slippage_guard,(3)大規模開発,UNVERIFIED_MAJOR_DEVELOPMENT,stop-limit注文状態機械と未約定・再発注の扱いが必要,"{""design_level"":19}"
GDD47_20,slippage_guard,(3)大規模開発,UNVERIFIED_MAJOR_DEVELOPMENT,stop-limit注文状態機械と未約定・再発注の扱いが必要,"{""design_level"":20}"
GDD48_01,tail_hedge,(3)大規模開発,UNVERIFIED_MAJOR_DEVELOPMENT,別Magicヘッジの発注・解消・証拠金を含む状態機械が必要,"{""design_level"":1}"
GDD48_02,tail_hedge,(3)大規模開発,UNVERIFIED_MAJOR_DEVELOPMENT,別Magicヘッジの発注・解消・証拠金を含む状態機械が必要,"{""design_level"":2}"
GDD48_03,tail_hedge,(3)大規模開発,UNVERIFIED_MAJOR_DEVELOPMENT,別Magicヘッジの発注・解消・証拠金を含む状態機械が必要,"{""design_level"":3}"
GDD48_04,tail_hedge,(3)大規模開発,UNVERIFIED_MAJOR_DEVELOPMENT,別Magicヘッジの発注・解消・証拠金を含む状態機械が必要,"{""design_level"":4}"
GDD48_05,tail_hedge,(3)大規模開発,UNVERIFIED_MAJOR_DEVELOPMENT,別Magicヘッジの発注・解消・証拠金を含む状態機械が必要,"{""design_level"":5}"
GDD48_06,tail_hedge,(3)大規模開発,UNVERIFIED_MAJOR_DEVELOPMENT,別Magicヘッジの発注・解消・証拠金を含む状態機械が必要,"{""design_level"":6}"
GDD48_07,tail_hedge,(3)大規模開発,UNVERIFIED_MAJOR_DEVELOPMENT,別Magicヘッジの発注・解消・証拠金を含む状態機械が必要,"{""design_level"":7}"
GDD48_08,tail_hedge,(3)大規模開発,UNVERIFIED_MAJOR_DEVELOPMENT,別Magicヘッジの発注・解消・証拠金を含む状態機械が必要,"{""design_level"":8}"
GDD48_09,tail_hedge,(3)大規模開発,UNVERIFIED_MAJOR_DEVELOPMENT,別Magicヘッジの発注・解消・証拠金を含む状態機械が必要,"{""design_level"":9}"
GDD48_10,tail_hedge,(3)大規模開発,UNVERIFIED_MAJOR_DEVELOPMENT,別Magicヘッジの発注・解消・証拠金を含む状態機械が必要,"{""design_level"":10}"
GDD48_11,tail_hedge,(3)大規模開発,UNVERIFIED_MAJOR_DEVELOPMENT,別Magicヘッジの発注・解消・証拠金を含む状態機械が必要,"{""design_level"":11}"
GDD48_12,tail_hedge,(3)大規模開発,UNVERIFIED_MAJOR_DEVELOPMENT,別Magicヘッジの発注・解消・証拠金を含む状態機械が必要,"{""design_level"":12}"
GDD48_13,tail_hedge,(3)大規模開発,UNVERIFIED_MAJOR_DEVELOPMENT,別Magicヘッジの発注・解消・証拠金を含む状態機械が必要,"{""design_level"":13}"
GDD48_14,tail_hedge,(3)大規模開発,UNVERIFIED_MAJOR_DEVELOPMENT,別Magicヘッジの発注・解消・証拠金を含む状態機械が必要,"{""design_level"":14}"
GDD48_15,tail_hedge,(3)大規模開発,UNVERIFIED_MAJOR_DEVELOPMENT,別Magicヘッジの発注・解消・証拠金を含む状態機械が必要,"{""design_level"":15}"
GDD48_16,tail_hedge,(3)大規模開発,UNVERIFIED_MAJOR_DEVELOPMENT,別Magicヘッジの発注・解消・証拠金を含む状態機械が必要,"{""design_level"":16}"
GDD48_17,tail_hedge,(3)大規模開発,UNVERIFIED_MAJOR_DEVELOPMENT,別Magicヘッジの発注・解消・証拠金を含む状態機械が必要,"{""design_level"":17}"
GDD48_18,tail_hedge,(3)大規模開発,UNVERIFIED_MAJOR_DEVELOPMENT,別Magicヘッジの発注・解消・証拠金を含む状態機械が必要,"{""design_level"":18}"
GDD48_19,tail_hedge,(3)大規模開発,UNVERIFIED_MAJOR_DEVELOPMENT,別Magicヘッジの発注・解消・証拠金を含む状態機械が必要,"{""design_level"":19}"
GDD48_20,tail_hedge,(3)大規模開発,UNVERIFIED_MAJOR_DEVELOPMENT,別Magicヘッジの発注・解消・証拠金を含む状態機械が必要,"{""design_level"":20}"
GDD49_01,role_switch,(3)大規模開発,UNVERIFIED_MAJOR_DEVELOPMENT,PB/SCAのregime選択と状態引継ぎを行う状態機械が必要,"{""design_level"":1}"
GDD49_02,role_switch,(3)大規模開発,UNVERIFIED_MAJOR_DEVELOPMENT,PB/SCAのregime選択と状態引継ぎを行う状態機械が必要,"{""design_level"":2}"
GDD49_03,role_switch,(3)大規模開発,UNVERIFIED_MAJOR_DEVELOPMENT,PB/SCAのregime選択と状態引継ぎを行う状態機械が必要,"{""design_level"":3}"
GDD49_04,role_switch,(3)大規模開発,UNVERIFIED_MAJOR_DEVELOPMENT,PB/SCAのregime選択と状態引継ぎを行う状態機械が必要,"{""design_level"":4}"
GDD49_05,role_switch,(3)大規模開発,UNVERIFIED_MAJOR_DEVELOPMENT,PB/SCAのregime選択と状態引継ぎを行う状態機械が必要,"{""design_level"":5}"
GDD49_06,role_switch,(3)大規模開発,UNVERIFIED_MAJOR_DEVELOPMENT,PB/SCAのregime選択と状態引継ぎを行う状態機械が必要,"{""design_level"":6}"
GDD49_07,role_switch,(3)大規模開発,UNVERIFIED_MAJOR_DEVELOPMENT,PB/SCAのregime選択と状態引継ぎを行う状態機械が必要,"{""design_level"":7}"
GDD49_08,role_switch,(3)大規模開発,UNVERIFIED_MAJOR_DEVELOPMENT,PB/SCAのregime選択と状態引継ぎを行う状態機械が必要,"{""design_level"":8}"
GDD49_09,role_switch,(3)大規模開発,UNVERIFIED_MAJOR_DEVELOPMENT,PB/SCAのregime選択と状態引継ぎを行う状態機械が必要,"{""design_level"":9}"
GDD49_10,role_switch,(3)大規模開発,UNVERIFIED_MAJOR_DEVELOPMENT,PB/SCAのregime選択と状態引継ぎを行う状態機械が必要,"{""design_level"":10}"
GDD49_11,role_switch,(3)大規模開発,UNVERIFIED_MAJOR_DEVELOPMENT,PB/SCAのregime選択と状態引継ぎを行う状態機械が必要,"{""design_level"":11}"
GDD49_12,role_switch,(3)大規模開発,UNVERIFIED_MAJOR_DEVELOPMENT,PB/SCAのregime選択と状態引継ぎを行う状態機械が必要,"{""design_level"":12}"
GDD49_13,role_switch,(3)大規模開発,UNVERIFIED_MAJOR_DEVELOPMENT,PB/SCAのregime選択と状態引継ぎを行う状態機械が必要,"{""design_level"":13}"
GDD49_14,role_switch,(3)大規模開発,UNVERIFIED_MAJOR_DEVELOPMENT,PB/SCAのregime選択と状態引継ぎを行う状態機械が必要,"{""design_level"":14}"
GDD49_15,role_switch,(3)大規模開発,UNVERIFIED_MAJOR_DEVELOPMENT,PB/SCAのregime選択と状態引継ぎを行う状態機械が必要,"{""design_level"":15}"
GDD49_16,role_switch,(3)大規模開発,UNVERIFIED_MAJOR_DEVELOPMENT,PB/SCAのregime選択と状態引継ぎを行う状態機械が必要,"{""design_level"":16}"
GDD49_17,role_switch,(3)大規模開発,UNVERIFIED_MAJOR_DEVELOPMENT,PB/SCAのregime選択と状態引継ぎを行う状態機械が必要,"{""design_level"":17}"
GDD49_18,role_switch,(3)大規模開発,UNVERIFIED_MAJOR_DEVELOPMENT,PB/SCAのregime選択と状態引継ぎを行う状態機械が必要,"{""design_level"":18}"
GDD49_19,role_switch,(3)大規模開発,UNVERIFIED_MAJOR_DEVELOPMENT,PB/SCAのregime選択と状態引継ぎを行う状態機械が必要,"{""design_level"":19}"
GDD49_20,role_switch,(3)大規模開発,UNVERIFIED_MAJOR_DEVELOPMENT,PB/SCAのregime選択と状態引継ぎを行う状態機械が必要,"{""design_level"":20}"
GDD50_01,walkforward_selector,(3)大規模開発,UNVERIFIED_MAJOR_DEVELOPMENT,過去窓のみで更新するwalk-forward選択器とウォームアップが必要,"{""design_level"":1}"
GDD50_02,walkforward_selector,(3)大規模開発,UNVERIFIED_MAJOR_DEVELOPMENT,過去窓のみで更新するwalk-forward選択器とウォームアップが必要,"{""design_level"":2}"
GDD50_03,walkforward_selector,(3)大規模開発,UNVERIFIED_MAJOR_DEVELOPMENT,過去窓のみで更新するwalk-forward選択器とウォームアップが必要,"{""design_level"":3}"
GDD50_04,walkforward_selector,(3)大規模開発,UNVERIFIED_MAJOR_DEVELOPMENT,過去窓のみで更新するwalk-forward選択器とウォームアップが必要,"{""design_level"":4}"
GDD50_05,walkforward_selector,(3)大規模開発,UNVERIFIED_MAJOR_DEVELOPMENT,過去窓のみで更新するwalk-forward選択器とウォームアップが必要,"{""design_level"":5}"
GDD50_06,walkforward_selector,(3)大規模開発,UNVERIFIED_MAJOR_DEVELOPMENT,過去窓のみで更新するwalk-forward選択器とウォームアップが必要,"{""design_level"":6}"
GDD50_07,walkforward_selector,(3)大規模開発,UNVERIFIED_MAJOR_DEVELOPMENT,過去窓のみで更新するwalk-forward選択器とウォームアップが必要,"{""design_level"":7}"
GDD50_08,walkforward_selector,(3)大規模開発,UNVERIFIED_MAJOR_DEVELOPMENT,過去窓のみで更新するwalk-forward選択器とウォームアップが必要,"{""design_level"":8}"
GDD50_09,walkforward_selector,(3)大規模開発,UNVERIFIED_MAJOR_DEVELOPMENT,過去窓のみで更新するwalk-forward選択器とウォームアップが必要,"{""design_level"":9}"
GDD50_10,walkforward_selector,(3)大規模開発,UNVERIFIED_MAJOR_DEVELOPMENT,過去窓のみで更新するwalk-forward選択器とウォームアップが必要,"{""design_level"":10}"
GDD50_11,walkforward_selector,(3)大規模開発,UNVERIFIED_MAJOR_DEVELOPMENT,過去窓のみで更新するwalk-forward選択器とウォームアップが必要,"{""design_level"":11}"
GDD50_12,walkforward_selector,(3)大規模開発,UNVERIFIED_MAJOR_DEVELOPMENT,過去窓のみで更新するwalk-forward選択器とウォームアップが必要,"{""design_level"":12}"
GDD50_13,walkforward_selector,(3)大規模開発,UNVERIFIED_MAJOR_DEVELOPMENT,過去窓のみで更新するwalk-forward選択器とウォームアップが必要,"{""design_level"":13}"
GDD50_14,walkforward_selector,(3)大規模開発,UNVERIFIED_MAJOR_DEVELOPMENT,過去窓のみで更新するwalk-forward選択器とウォームアップが必要,"{""design_level"":14}"
GDD50_15,walkforward_selector,(3)大規模開発,UNVERIFIED_MAJOR_DEVELOPMENT,過去窓のみで更新するwalk-forward選択器とウォームアップが必要,"{""design_level"":15}"
GDD50_16,walkforward_selector,(3)大規模開発,UNVERIFIED_MAJOR_DEVELOPMENT,過去窓のみで更新するwalk-forward選択器とウォームアップが必要,"{""design_level"":16}"
GDD50_17,walkforward_selector,(3)大規模開発,UNVERIFIED_MAJOR_DEVELOPMENT,過去窓のみで更新するwalk-forward選択器とウォームアップが必要,"{""design_level"":17}"
GDD50_18,walkforward_selector,(3)大規模開発,UNVERIFIED_MAJOR_DEVELOPMENT,過去窓のみで更新するwalk-forward選択器とウォームアップが必要,"{""design_level"":18}"
GDD50_19,walkforward_selector,(3)大規模開発,UNVERIFIED_MAJOR_DEVELOPMENT,過去窓のみで更新するwalk-forward選択器とウォームアップが必要,"{""design_level"":19}"
GDD50_20,walkforward_selector,(3)大規模開発,UNVERIFIED_MAJOR_DEVELOPMENT,過去窓のみで更新するwalk-forward選択器とウォームアップが必要,"{""design_level"":20}"
